population_group_id,population_group_name,measure_id,measure_name,location_id,location_name,sex_id,sex_name,age_id,age_name,cause_id,cause_name,metric_id,metric_name,year,val,upper,lower
1,All Population,1,Deaths,76,Belgium,3,Both,228,55+ years,697,Falls,1,Number,1981,1609.2064564525579,1793.9661888106743,1403.716194843263
1,All Population,1,Deaths,76,Belgium,3,Both,228,55+ years,697,Falls,2,Percent,1981,0.01618897868452201,0.017999835216681886,0.014084253889888456
1,All Population,1,Deaths,76,Belgium,3,Both,228,55+ years,697,Falls,3,Rate,1981,66.22957939568421,73.83367476472236,57.77228447139308
1,All Population,1,Deaths,73,Western Europe,3,Both,228,55+ years,697,Falls,1,Number,1981,47833.95496575608,52205.929764954824,42485.771372398965
1,All Population,1,Deaths,73,Western Europe,3,Both,228,55+ years,697,Falls,2,Percent,1981,0.01408379279818292,0.015382695114995144,0.012518998339075394
1,All Population,1,Deaths,73,Western Europe,3,Both,228,55+ years,697,Falls,3,Rate,1981,53.77321647809209,58.688033734628405,47.76098030953665
1,All Population,1,Deaths,367,Monaco,3,Both,228,55+ years,697,Falls,1,Number,1980,2.918208238569087,4.188839685646579,2.0466069485462257
1,All Population,1,Deaths,367,Monaco,3,Both,228,55+ years,697,Falls,2,Percent,1980,0.006028764638903817,0.00867065347953262,0.004337792401349308
1,All Population,1,Deaths,367,Monaco,3,Both,228,55+ years,697,Falls,3,Rate,1980,28.906026081717012,41.49214151516588,20.272464813103504
1,All Population,1,Deaths,78,Denmark,3,Both,228,55+ years,697,Falls,1,Number,1981,804.5081541538257,893.0647129392511,712.8804368809907
1,All Population,1,Deaths,78,Denmark,3,Both,228,55+ years,697,Falls,2,Percent,1981,0.01620114533020535,0.01792744912279596,0.014315645576589216
1,All Population,1,Deaths,78,Denmark,3,Both,228,55+ years,697,Falls,3,Rate,1981,62.594951943152026,69.48511646516965,55.4658351905862
1,All Population,1,Deaths,80,France,3,Both,228,55+ years,697,Falls,1,Number,1981,12448.28204036789,13926.622767147383,10767.879399665539
1,All Population,1,Deaths,80,France,3,Both,228,55+ years,697,Falls,2,Percent,1981,0.02614288120284253,0.029266727152473433,0.022584676338389804
1,All Population,1,Deaths,80,France,3,Both,228,55+ years,697,Falls,3,Rate,1981,98.29560860317662,109.96905888253404,85.02661295136045
1,All Population,1,Deaths,87,Luxembourg,3,Both,228,55+ years,697,Falls,1,Number,1980,54.48655059451247,60.92887978199797,48.95283808256992
1,All Population,1,Deaths,87,Luxembourg,3,Both,228,55+ years,697,Falls,2,Percent,1980,0.015413470097822669,0.017251837556191127,0.013799870672521286
1,All Population,1,Deaths,87,Luxembourg,3,Both,228,55+ years,697,Falls,3,Rate,1980,64.78437270457373,72.44428603389441,58.20480233533554
1,All Population,1,Deaths,396,San Marino,3,Both,228,55+ years,697,Falls,1,Number,1980,1.0738394020837567,1.4855550535859616,0.7408630501258118
1,All Population,1,Deaths,396,San Marino,3,Both,228,55+ years,697,Falls,2,Percent,1980,0.007572549359806984,0.010338335917940065,0.0052859091162287325
1,All Population,1,Deaths,396,San Marino,3,Both,228,55+ years,697,Falls,3,Rate,1980,24.904149162673175,34.45253039893773,17.18186525251673
1,All Population,1,Deaths,91,Portugal,3,Both,228,55+ years,697,Falls,1,Number,1980,688.7293774947724,770.0311385625704,610.9094614050468
1,All Population,1,Deaths,91,Portugal,3,Both,228,55+ years,697,Falls,2,Percent,1980,0.009006510867379013,0.010085803765388476,0.00798983396809228
1,All Population,1,Deaths,91,Portugal,3,Both,228,55+ years,697,Falls,3,Rate,1980,33.11849538386316,37.02800191372548,29.376418138421794
1,All Population,1,Deaths,88,Malta,3,Both,228,55+ years,697,Falls,1,Number,1980,30.303154283853587,34.11935258235467,26.211263749684807
1,All Population,1,Deaths,88,Malta,3,Both,228,55+ years,697,Falls,2,Percent,1980,0.010860483679877513,0.012049040624885828,0.009518789541452305
1,All Population,1,Deaths,88,Malta,3,Both,228,55+ years,697,Falls,3,Rate,1980,48.099208411784595,54.156535499945335,41.60428403006559
1,All Population,1,Deaths,81,Germany,3,Both,228,55+ years,697,Falls,1,Number,1981,10310.469241545368,11510.614716111631,9056.02512508478
1,All Population,1,Deaths,81,Germany,3,Both,228,55+ years,697,Falls,2,Percent,1981,0.012272188828883772,0.013676037758552624,0.010758611857680869
1,All Population,1,Deaths,81,Germany,3,Both,228,55+ years,697,Falls,3,Rate,1981,52.097224579170955,58.161376156697294,45.75871026656031
1,All Population,1,Deaths,74,Andorra,3,Both,228,55+ years,697,Falls,1,Number,1980,1.5675418364756346,2.122494001129989,1.1178984796859406
1,All Population,1,Deaths,74,Andorra,3,Both,228,55+ years,697,Falls,2,Percent,1980,0.016518155750493556,0.02248551970978562,0.011714837713781144
1,All Population,1,Deaths,74,Andorra,3,Both,228,55+ years,697,Falls,3,Rate,1980,31.92085708966114,43.22170299203151,22.764481802306943
1,All Population,1,Deaths,77,Cyprus,3,Both,228,55+ years,697,Falls,1,Number,1981,70.020143106509,97.22161775774646,49.31468773041603
1,All Population,1,Deaths,77,Cyprus,3,Both,228,55+ years,697,Falls,2,Percent,1981,0.011522627872802848,0.01586571171500407,0.008197760523159368
1,All Population,1,Deaths,77,Cyprus,3,Both,228,55+ years,697,Falls,3,Rate,1981,55.35058243183437,76.85321579064578,38.9830207026358
1,All Population,1,Deaths,82,Greece,3,Both,228,55+ years,697,Falls,1,Number,1981,962.0881474689231,1074.7913638012599,861.6174246763015
1,All Population,1,Deaths,82,Greece,3,Both,228,55+ years,697,Falls,2,Percent,1981,0.012801411396648428,0.014269508519819637,0.011483160354712535
1,All Population,1,Deaths,82,Greece,3,Both,228,55+ years,697,Falls,3,Rate,1981,43.52208546608049,48.62045303917916,38.97708052477329
1,All Population,1,Deaths,76,Belgium,3,Both,228,55+ years,697,Falls,1,Number,1980,1640.3182607976546,1847.7960449513473,1434.922189267172
1,All Population,1,Deaths,76,Belgium,3,Both,228,55+ years,697,Falls,2,Percent,1980,0.016489983053077892,0.01845030591982009,0.014414152384700174
1,All Population,1,Deaths,76,Belgium,3,Both,228,55+ years,697,Falls,3,Rate,1980,68.09782009313564,76.71126125043277,59.57080124490429
1,All Population,1,Deaths,88,Malta,3,Both,228,55+ years,697,Falls,1,Number,1981,29.201110537041536,32.72804525874391,25.608589662180393
1,All Population,1,Deaths,88,Malta,3,Both,228,55+ years,697,Falls,2,Percent,1981,0.010570519164162052,0.011810714062804725,0.009297925682326576
1,All Population,1,Deaths,88,Malta,3,Both,228,55+ years,697,Falls,3,Rate,1981,45.77305915869655,51.3015677906049,40.14174351659867
1,All Population,1,Deaths,94,Switzerland,3,Both,228,55+ years,697,Falls,1,Number,1980,1175.7093977280704,1312.7538265110334,1047.63012167961
1,All Population,1,Deaths,94,Switzerland,3,Both,228,55+ years,697,Falls,2,Percent,1980,0.02270630487852163,0.025244185507238778,0.020223728197676136
1,All Population,1,Deaths,94,Switzerland,3,Both,228,55+ years,697,Falls,3,Rate,1980,77.69029438709964,86.74612232964604,69.22687929462883
1,All Population,1,Deaths,75,Austria,3,Both,228,55+ years,697,Falls,1,Number,1980,1593.046394879421,1744.0910572441019,1445.203754260302
1,All Population,1,Deaths,75,Austria,3,Both,228,55+ years,697,Falls,2,Percent,1980,0.019700644895251047,0.021546368990228142,0.01788416934747472
1,All Population,1,Deaths,75,Austria,3,Both,228,55+ years,697,Falls,3,Rate,1980,84.10664131339337,92.08121084297092,76.3011260532315
1,All Population,1,Deaths,94,Switzerland,3,Both,228,55+ years,697,Falls,1,Number,1981,1195.525376783862,1324.670735030063,1057.6807375243754
1,All Population,1,Deaths,94,Switzerland,3,Both,228,55+ years,697,Falls,2,Percent,1981,0.022775652457509208,0.025300851360910183,0.02011024187059354
1,All Population,1,Deaths,94,Switzerland,3,Both,228,55+ years,697,Falls,3,Rate,1981,78.1418825430433,86.58307635709845,69.13208666637215
1,All Population,1,Deaths,92,Spain,3,Both,228,55+ years,697,Falls,1,Number,1980,1830.039673703645,2058.5084944980067,1609.6444058337106
1,All Population,1,Deaths,92,Spain,3,Both,228,55+ years,697,Falls,2,Percent,1980,0.007497390319742035,0.008447379796049368,0.006596397383745851
1,All Population,1,Deaths,92,Spain,3,Both,228,55+ years,697,Falls,3,Rate,1980,23.73111910691603,26.693798482885484,20.87313387983234
1,All Population,1,Deaths,93,Sweden,3,Both,228,55+ years,697,Falls,1,Number,1980,1529.899221513924,1692.6798176456011,1355.6431597029148
1,All Population,1,Deaths,93,Sweden,3,Both,228,55+ years,697,Falls,2,Percent,1980,0.018375958253276016,0.020336317490820564,0.01633338937043608
1,All Population,1,Deaths,93,Sweden,3,Both,228,55+ years,697,Falls,3,Rate,1980,65.41005218570345,72.3696526208593,57.95982413378365
1,All Population,1,Deaths,79,Finland,3,Both,228,55+ years,697,Falls,1,Number,1981,519.6008431509991,560.837964306588,477.5393197353161
1,All Population,1,Deaths,79,Finland,3,Both,228,55+ years,697,Falls,2,Percent,1981,0.013760578310963249,0.014789571189730812,0.01264256668536621
1,All Population,1,Deaths,79,Finland,3,Both,228,55+ years,697,Falls,3,Rate,1981,48.787245690767385,52.65915157374723,44.83793362929222
1,All Population,1,Deaths,83,Iceland,3,Both,228,55+ years,697,Falls,1,Number,1980,17.542274980805573,20.03862130470872,15.422144277942746
1,All Population,1,Deaths,83,Iceland,3,Both,228,55+ years,697,Falls,2,Percent,1980,0.013568088065925894,0.015365742819830663,0.011943735783929498
1,All Population,1,Deaths,83,Iceland,3,Both,228,55+ years,697,Falls,3,Rate,1980,43.71166815358142,49.93203935550726,38.42874733361012
1,All Population,1,Deaths,85,Israel,3,Both,228,55+ years,697,Falls,1,Number,1981,145.53560987631326,161.94078550047158,128.80893728375858
1,All Population,1,Deaths,85,Israel,3,Both,228,55+ years,697,Falls,2,Percent,1981,0.00673273909596218,0.007491053188694469,0.00598065664518715
1,All Population,1,Deaths,85,Israel,3,Both,228,55+ years,697,Falls,3,Rate,1981,22.604700457241584,25.15276468185097,20.006701081539735
1,All Population,1,Deaths,84,Ireland,3,Both,228,55+ years,697,Falls,1,Number,1980,258.65428409899596,286.85009402578197,230.6276334012202
1,All Population,1,Deaths,84,Ireland,3,Both,228,55+ years,697,Falls,2,Percent,1980,0.008901032273327461,0.009846240937399716,0.007957674087282528
1,All Population,1,Deaths,84,Ireland,3,Both,228,55+ years,697,Falls,3,Rate,1980,38.825449243745105,43.05779741849917,34.61849281180678
1,All Population,1,Deaths,89,Netherlands,3,Both,228,55+ years,697,Falls,1,Number,1981,1468.8270362398798,1644.5328971702404,1278.8156438244134
1,All Population,1,Deaths,89,Netherlands,3,Both,228,55+ years,697,Falls,2,Percent,1981,0.01444612963403297,0.016155812356086225,0.012598664189250434
1,All Population,1,Deaths,89,Netherlands,3,Both,228,55+ years,697,Falls,3,Rate,1981,49.714359496938435,55.66135265576018,43.283177037744075
1,All Population,1,Deaths,76,Belgium,3,Both,228,55+ years,697,Falls,1,Number,1982,1603.1343214147992,1796.1194948958187,1385.682518510634
1,All Population,1,Deaths,76,Belgium,3,Both,228,55+ years,697,Falls,2,Percent,1982,0.01610805167359851,0.018026578807972794,0.013984855469200065
1,All Population,1,Deaths,76,Belgium,3,Both,228,55+ years,697,Falls,3,Rate,1982,65.49286964114465,73.37689572718826,56.609307989076775
1,All Population,1,Deaths,94,Switzerland,3,Both,228,55+ years,697,Falls,1,Number,1982,1237.800941420281,1369.9543839155049,1087.1121740888314
1,All Population,1,Deaths,94,Switzerland,3,Both,228,55+ years,697,Falls,2,Percent,1982,0.023554504792808448,0.026017071423498083,0.020581912176317656
1,All Population,1,Deaths,94,Switzerland,3,Both,228,55+ years,697,Falls,3,Rate,1982,80.11639248357267,88.66999485428511,70.36309530758265
1,All Population,1,Deaths,396,San Marino,3,Both,228,55+ years,697,Falls,1,Number,1981,1.0974096786478207,1.5327106161610748,0.7293051403707044
1,All Population,1,Deaths,396,San Marino,3,Both,228,55+ years,697,Falls,2,Percent,1981,0.0076224049339753165,0.010442703226568498,0.005155197303155913
1,All Population,1,Deaths,396,San Marino,3,Both,228,55+ years,697,Falls,3,Rate,1981,25.004026388334452,34.922178506201035,16.61691648049443
1,All Population,1,Deaths,89,Netherlands,3,Both,228,55+ years,697,Falls,1,Number,1980,1455.2377535197293,1641.9906549781276,1269.6091672959344
1,All Population,1,Deaths,89,Netherlands,3,Both,228,55+ years,697,Falls,2,Percent,1980,0.014554713775794158,0.016371342878818466,0.012681825140674476
1,All Population,1,Deaths,89,Netherlands,3,Both,228,55+ years,697,Falls,3,Rate,1980,49.98207652150975,56.396353356158336,43.60641578925018
1,All Population,1,Deaths,90,Norway,3,Both,228,55+ years,697,Falls,1,Number,1980,897.6642617441026,994.9057810452199,786.7951740427172
1,All Population,1,Deaths,90,Norway,3,Both,228,55+ years,697,Falls,2,Percent,1980,0.023971766432752086,0.02652543124955321,0.021171526724986935
1,All Population,1,Deaths,90,Norway,3,Both,228,55+ years,697,Falls,3,Rate,1980,83.51894993742309,92.56632981926155,73.20365703788306
1,All Population,1,Deaths,73,Western Europe,3,Both,228,55+ years,697,Falls,1,Number,1980,47640.80075986672,52069.11553973453,42548.077024738406
1,All Population,1,Deaths,73,Western Europe,3,Both,228,55+ years,697,Falls,2,Percent,1980,0.01408156523742799,0.01539566979594942,0.01257867373811335
1,All Population,1,Deaths,73,Western Europe,3,Both,228,55+ years,697,Falls,3,Rate,1980,54.16473867793194,59.19946750300288,48.37461664235726
1,All Population,1,Deaths,78,Denmark,3,Both,228,55+ years,697,Falls,1,Number,1980,806.6006337131648,895.2880492781547,718.3509674786029
1,All Population,1,Deaths,78,Denmark,3,Both,228,55+ years,697,Falls,2,Percent,1980,0.016353949661382226,0.018096657052432498,0.014610446845901246
1,All Population,1,Deaths,78,Denmark,3,Both,228,55+ years,697,Falls,3,Rate,1980,63.05605318505514,69.98919724541521,56.15713020500112
1,All Population,1,Deaths,95,United Kingdom,3,Both,228,55+ years,697,Falls,1,Number,1980,4566.493497496913,5056.4991177570155,4070.8723952339924
1,All Population,1,Deaths,95,United Kingdom,3,Both,228,55+ years,697,Falls,2,Percent,1980,0.007685689291195871,0.008494431785113565,0.006850577044536433
1,All Population,1,Deaths,95,United Kingdom,3,Both,228,55+ years,697,Falls,3,Rate,1980,31.307654544259954,34.66710894669326,27.90970067374678
1,All Population,1,Deaths,77,Cyprus,3,Both,228,55+ years,697,Falls,1,Number,1980,75.71170663126715,106.453090283678,53.48037700123892
1,All Population,1,Deaths,77,Cyprus,3,Both,228,55+ years,697,Falls,2,Percent,1980,0.011390354308523159,0.01557636912409007,0.008032623223941528
1,All Population,1,Deaths,77,Cyprus,3,Both,228,55+ years,697,Falls,3,Rate,1980,55.44797009785317,77.96162614086157,39.16670851482269
1,All Population,1,Deaths,80,France,3,Both,228,55+ years,697,Falls,1,Number,1983,12796.39624116798,14535.529963877196,11109.055519591351
1,All Population,1,Deaths,80,France,3,Both,228,55+ years,697,Falls,2,Percent,1983,0.026534312661749836,0.03009420846339035,0.023029832634630272
1,All Population,1,Deaths,80,France,3,Both,228,55+ years,697,Falls,3,Rate,1983,98.4722999699841,111.85548179734712,85.48768160125043
1,All Population,1,Deaths,73,Western Europe,3,Both,228,55+ years,697,Falls,1,Number,1983,48364.81950712749,52816.02850580543,42394.75622555384
1,All Population,1,Deaths,73,Western Europe,3,Both,228,55+ years,697,Falls,2,Percent,1983,0.014049770693382504,0.01534704496657605,0.012312083895175798
1,All Population,1,Deaths,73,Western Europe,3,Both,228,55+ years,697,Falls,3,Rate,1983,53.20862836800799,58.10563259158596,46.64065433812604
1,All Population,1,Deaths,86,Italy,3,Both,228,55+ years,697,Falls,1,Number,1981,7004.945157309176,7936.1085700551375,6051.164100870002
1,All Population,1,Deaths,86,Italy,3,Both,228,55+ years,697,Falls,2,Percent,1981,0.01473485857406521,0.01668203533236628,0.012761203861514699
1,All Population,1,Deaths,86,Italy,3,Both,228,55+ years,697,Falls,3,Rate,1981,52.69507103142034,59.69979713199651,45.52020250799685
1,All Population,1,Deaths,87,Luxembourg,3,Both,228,55+ years,697,Falls,1,Number,1981,54.01458570025073,60.86696553991967,48.45129542339833
1,All Population,1,Deaths,87,Luxembourg,3,Both,228,55+ years,697,Falls,2,Percent,1981,0.015167504097204918,0.01699432705229112,0.013545754272591458
1,All Population,1,Deaths,87,Luxembourg,3,Both,228,55+ years,697,Falls,3,Rate,1981,63.62099840540834,71.69206367789099,57.06828533274644
1,All Population,1,Deaths,78,Denmark,3,Both,228,55+ years,697,Falls,1,Number,1982,842.3866648527696,929.6694852143675,750.2306923324334
1,All Population,1,Deaths,78,Denmark,3,Both,228,55+ years,697,Falls,2,Percent,1982,0.017052967674313003,0.01887166523741061,0.015099779981654392
1,All Population,1,Deaths,78,Denmark,3,Both,228,55+ years,697,Falls,3,Rate,1982,65.2944048045383,72.05980131775114,58.151284399195156
1,All Population,1,Deaths,95,United Kingdom,3,Both,228,55+ years,697,Falls,1,Number,1982,4548.715462655971,5054.582326335296,4002.4602536558386
1,All Population,1,Deaths,95,United Kingdom,3,Both,228,55+ years,697,Falls,2,Percent,1982,0.007584048280354294,0.008434375582600595,0.006669854287919768
1,All Population,1,Deaths,95,United Kingdom,3,Both,228,55+ years,697,Falls,3,Rate,1982,30.907987664936897,34.34529362770021,27.196247636285985
1,All Population,1,Deaths,94,Switzerland,3,Both,228,55+ years,697,Falls,1,Number,1983,1407.489190599158,1544.8809165148627,1227.7145909681292
1,All Population,1,Deaths,94,Switzerland,3,Both,228,55+ years,697,Falls,2,Percent,1983,0.026495234529654407,0.029060146550016052,0.023224510295034487
1,All Population,1,Deaths,94,Switzerland,3,Both,228,55+ years,697,Falls,3,Rate,1983,90.11988346749081,98.91691467143913,78.60912652713635
1,All Population,1,Deaths,79,Finland,3,Both,228,55+ years,697,Falls,1,Number,1980,516.6654511512307,556.0344358837843,470.9526102265387
1,All Population,1,Deaths,79,Finland,3,Both,228,55+ years,697,Falls,2,Percent,1980,0.013727551576711733,0.01475310900236181,0.012554543235839766
1,All Population,1,Deaths,79,Finland,3,Both,228,55+ years,697,Falls,3,Rate,1980,49.288339786335634,53.044023260462886,44.92747139253351
1,All Population,1,Deaths,74,Andorra,3,Both,228,55+ years,697,Falls,1,Number,1981,1.7743738750644222,2.4304866724692378,1.2616829164967696
1,All Population,1,Deaths,74,Andorra,3,Both,228,55+ years,697,Falls,2,Percent,1981,0.016850851603874926,0.022969748475870074,0.012056241995488362
1,All Population,1,Deaths,74,Andorra,3,Both,228,55+ years,697,Falls,3,Rate,1981,33.22636436099194,45.51252522868991,23.62587551625139
1,All Population,1,Deaths,73,Western Europe,3,Both,228,55+ years,697,Falls,1,Number,1982,47374.00215350245,51696.65323427787,41858.16732575876
1,All Population,1,Deaths,73,Western Europe,3,Both,228,55+ years,697,Falls,2,Percent,1982,0.014011123888584944,0.015302244688235525,0.012369209514688137
1,All Population,1,Deaths,73,Western Europe,3,Both,228,55+ years,697,Falls,3,Rate,1982,52.69958145966702,57.50816617697485,46.56368046737019
1,All Population,1,Deaths,90,Norway,3,Both,228,55+ years,697,Falls,1,Number,1982,885.9644571241424,986.7616041012086,778.888767496897
1,All Population,1,Deaths,90,Norway,3,Both,228,55+ years,697,Falls,2,Percent,1982,0.023562550465488045,0.026179419321511233,0.020682090162962356
1,All Population,1,Deaths,90,Norway,3,Both,228,55+ years,697,Falls,3,Rate,1982,81.69306727730162,90.98737704689066,71.81982524581423
1,All Population,1,Deaths,396,San Marino,3,Both,228,55+ years,697,Falls,1,Number,1982,1.1195788942968017,1.5475507195098774,0.7480034561120636
1,All Population,1,Deaths,396,San Marino,3,Both,228,55+ years,697,Falls,2,Percent,1982,0.0076487686378577825,0.0104727942601661,0.005213488584408419
1,All Population,1,Deaths,396,San Marino,3,Both,228,55+ years,697,Falls,3,Rate,1982,24.856002803215844,34.35749389185864,16.606579577953116
1,All Population,1,Deaths,90,Norway,3,Both,228,55+ years,697,Falls,1,Number,1981,905.140386653538,1010.718183435311,800.0755896746747
1,All Population,1,Deaths,90,Norway,3,Both,228,55+ years,697,Falls,2,Percent,1981,0.02393958198032593,0.02674357375803147,0.021149289903832375
1,All Population,1,Deaths,90,Norway,3,Both,228,55+ years,697,Falls,3,Rate,1981,83.74164404271437,93.50947498615623,74.02127473895057
1,All Population,1,Deaths,77,Cyprus,3,Both,228,55+ years,697,Falls,1,Number,1982,71.93917571886499,99.49131140759333,50.522884901826494
1,All Population,1,Deaths,77,Cyprus,3,Both,228,55+ years,697,Falls,2,Percent,1982,0.011738928897847022,0.016117823908333773,0.008429615234753307
1,All Population,1,Deaths,77,Cyprus,3,Both,228,55+ years,697,Falls,3,Rate,1982,56.77435733077049,78.51848744050066,39.87263256959299
1,All Population,1,Deaths,95,United Kingdom,3,Both,228,55+ years,697,Falls,1,Number,1981,4535.356053863541,5062.013106297084,4033.3274779703647
1,All Population,1,Deaths,95,United Kingdom,3,Both,228,55+ years,697,Falls,2,Percent,1981,0.00764796510672116,0.008526604369426425,0.00679330191819939
1,All Population,1,Deaths,95,United Kingdom,3,Both,228,55+ years,697,Falls,3,Rate,1981,30.931363139501414,34.523191508725965,27.50750225560667
1,All Population,1,Deaths,81,Germany,3,Both,228,55+ years,697,Falls,1,Number,1983,9982.999805078096,11155.13314292,8844.675700483045
1,All Population,1,Deaths,81,Germany,3,Both,228,55+ years,697,Falls,2,Percent,1983,0.011996349449258733,0.013410299722752135,0.010617396281690464
1,All Population,1,Deaths,81,Germany,3,Both,228,55+ years,697,Falls,3,Rate,1983,49.86944529623478,55.72476338826424,44.18301909450214
1,All Population,1,Deaths,85,Israel,3,Both,228,55+ years,697,Falls,1,Number,1980,152.08366780795234,168.63474656917057,134.4505980113872
1,All Population,1,Deaths,85,Israel,3,Both,228,55+ years,697,Falls,2,Percent,1980,0.007065080747411069,0.007826098786037305,0.006275339063813336
1,All Population,1,Deaths,85,Israel,3,Both,228,55+ years,697,Falls,3,Rate,1980,24.184457524635533,26.816422330962023,21.38043370228487
1,All Population,1,Deaths,79,Finland,3,Both,228,55+ years,697,Falls,1,Number,1982,538.9497535387264,583.8649380868796,491.1747183604805
1,All Population,1,Deaths,79,Finland,3,Both,228,55+ years,697,Falls,2,Percent,1982,0.014295082839351035,0.015415049337310168,0.01309737820939271
1,All Population,1,Deaths,79,Finland,3,Both,228,55+ years,697,Falls,3,Rate,1982,49.86716001474993,54.02300697496906,45.44670094912996
1,All Population,1,Deaths,75,Austria,3,Both,228,55+ years,697,Falls,1,Number,1981,1538.289861512871,1675.8358432587834,1374.67430256044
1,All Population,1,Deaths,75,Austria,3,Both,228,55+ years,697,Falls,2,Percent,1981,0.018962137208732507,0.02070260967994409,0.017026955076934313
1,All Population,1,Deaths,75,Austria,3,Both,228,55+ years,697,Falls,3,Rate,1981,80.75539387400411,87.97612659127869,72.16609010382626
1,All Population,1,Deaths,86,Italy,3,Both,228,55+ years,697,Falls,1,Number,1980,6994.117369704644,7917.898648727868,6076.588633501543
1,All Population,1,Deaths,86,Italy,3,Both,228,55+ years,697,Falls,2,Percent,1980,0.01454128880426377,0.016461614410336885,0.01264413265595231
1,All Population,1,Deaths,86,Italy,3,Both,228,55+ years,697,Falls,3,Rate,1980,53.51980320663091,60.58868547524233,46.49876612613753
1,All Population,1,Deaths,80,France,3,Both,228,55+ years,697,Falls,1,Number,1980,12161.807802265397,13586.755657959335,10583.097139455796
1,All Population,1,Deaths,80,France,3,Both,228,55+ years,697,Falls,2,Percent,1980,0.026003485598849498,0.029014359907563774,0.022632919195216417
1,All Population,1,Deaths,80,France,3,Both,228,55+ years,697,Falls,3,Rate,1980,97.4212560090688,108.83569472625308,84.77511177242228
1,All Population,1,Deaths,87,Luxembourg,3,Both,228,55+ years,697,Falls,1,Number,1982,56.004178709192686,62.98105498563744,50.17213673859519
1,All Population,1,Deaths,87,Luxembourg,3,Both,228,55+ years,697,Falls,2,Percent,1982,0.01576277645399281,0.017568608457775126,0.014073595712347954
1,All Population,1,Deaths,87,Luxembourg,3,Both,228,55+ years,697,Falls,3,Rate,1982,65.31200841034338,73.44843345125358,58.51068781226779
1,All Population,1,Deaths,82,Greece,3,Both,228,55+ years,697,Falls,1,Number,1983,900.5749052792086,1000.2067778606255,808.3712358679106
1,All Population,1,Deaths,82,Greece,3,Both,228,55+ years,697,Falls,2,Percent,1983,0.011432426252787833,0.012662189101582786,0.010216883414403844
1,All Population,1,Deaths,82,Greece,3,Both,228,55+ years,697,Falls,3,Rate,1983,38.95658327565716,43.266405055472724,34.96808670009609
1,All Population,1,Deaths,91,Portugal,3,Both,228,55+ years,697,Falls,1,Number,1981,700.7722822358697,783.0534869595266,621.4543801653905
1,All Population,1,Deaths,91,Portugal,3,Both,228,55+ years,697,Falls,2,Percent,1981,0.009075420021607073,0.010150332159440728,0.008053137111227779
1,All Population,1,Deaths,91,Portugal,3,Both,228,55+ years,697,Falls,3,Rate,1981,32.93716310261128,36.804481386969805,29.209123704253635
1,All Population,1,Deaths,367,Monaco,3,Both,228,55+ years,697,Falls,1,Number,1981,2.94268383976863,4.101077082621094,2.106283965249275
1,All Population,1,Deaths,367,Monaco,3,Both,228,55+ years,697,Falls,2,Percent,1981,0.006102195470272228,0.008501921608255802,0.004420623262575847
1,All Population,1,Deaths,367,Monaco,3,Both,228,55+ years,697,Falls,3,Rate,1981,28.82719403395119,40.17507528712432,20.63363237880661
1,All Population,1,Deaths,80,France,3,Both,228,55+ years,697,Falls,1,Number,1982,12298.629478756236,13954.91570527512,10622.948011131806
1,All Population,1,Deaths,80,France,3,Both,228,55+ years,697,Falls,2,Percent,1982,0.02627832241300207,0.029847832193643946,0.02270926431773288
1,All Population,1,Deaths,80,France,3,Both,228,55+ years,697,Falls,3,Rate,1982,95.88579838494609,108.79897114603112,82.821411362021
1,All Population,1,Deaths,73,Western Europe,3,Both,228,55+ years,697,Falls,1,Number,1984,47161.13405238247,51550.03743200186,41366.37057935138
1,All Population,1,Deaths,73,Western Europe,3,Both,228,55+ years,697,Falls,2,Percent,1984,0.013938786298811442,0.015237812924726937,0.012226315986382692
1,All Population,1,Deaths,73,Western Europe,3,Both,228,55+ years,697,Falls,3,Rate,1984,51.38367193828038,56.16553259448704,45.07007852622554
1,All Population,1,Deaths,95,United Kingdom,3,Both,228,55+ years,697,Falls,1,Number,1983,4641.227531000902,5166.021291515391,4062.129413255816
1,All Population,1,Deaths,95,United Kingdom,3,Both,228,55+ years,697,Falls,2,Percent,1983,0.007782058883266999,0.00865282748862161,0.006817643873894553
1,All Population,1,Deaths,95,United Kingdom,3,Both,228,55+ years,697,Falls,3,Rate,1983,31.464348512765827,35.02209130125435,27.53845932114314
1,All Population,1,Deaths,76,Belgium,3,Both,228,55+ years,697,Falls,1,Number,1983,1547.5891810352352,1745.9085604717038,1351.2541518001915
1,All Population,1,Deaths,76,Belgium,3,Both,228,55+ years,697,Falls,2,Percent,1983,0.01532290479953818,0.017266979591719325,0.013362342219817379
1,All Population,1,Deaths,76,Belgium,3,Both,228,55+ years,697,Falls,3,Rate,1983,62.73390566338188,70.77308647005144,54.77516354151635
1,All Population,1,Deaths,396,San Marino,3,Both,228,55+ years,697,Falls,1,Number,1983,1.1819164178397652,1.6388898808218277,0.768219456426018
1,All Population,1,Deaths,396,San Marino,3,Both,228,55+ years,697,Falls,2,Percent,1983,0.007825082703304967,0.010516804842549191,0.005208092918690286
1,All Population,1,Deaths,396,San Marino,3,Both,228,55+ years,697,Falls,3,Rate,1983,25.71607384919233,35.65887787813262,16.71487761371987
1,All Population,1,Deaths,81,Germany,3,Both,228,55+ years,697,Falls,1,Number,1980,10164.751280507398,11268.776832745378,8973.429707744506
1,All Population,1,Deaths,81,Germany,3,Both,228,55+ years,697,Falls,2,Percent,1980,0.012145304282732475,0.013473017367983524,0.010724756046183302
1,All Population,1,Deaths,81,Germany,3,Both,228,55+ years,697,Falls,3,Rate,1980,51.64538174895354,57.254748818787334,45.59247836615355
1,All Population,1,Deaths,367,Monaco,3,Both,228,55+ years,697,Falls,1,Number,1983,2.607092402839589,3.678433661859661,1.8676452642229309
1,All Population,1,Deaths,367,Monaco,3,Both,228,55+ years,697,Falls,2,Percent,1983,0.005949645317560355,0.008338940879971333,0.004304669196229901
1,All Population,1,Deaths,367,Monaco,3,Both,228,55+ years,697,Falls,3,Rate,1983,25.583791816220298,36.09702552632726,18.32748527608255
1,All Population,1,Deaths,88,Malta,3,Both,228,55+ years,697,Falls,1,Number,1982,29.309904453783133,32.77401489358412,25.699083032138958
1,All Population,1,Deaths,88,Malta,3,Both,228,55+ years,697,Falls,2,Percent,1982,0.010718331241516275,0.011991149188157588,0.009436777593814281
1,All Population,1,Deaths,88,Malta,3,Both,228,55+ years,697,Falls,3,Rate,1982,45.37562151683634,50.73852416487423,39.78559080036762
1,All Population,1,Deaths,83,Iceland,3,Both,228,55+ years,697,Falls,1,Number,1981,17.54894705748595,20.13461922678903,15.375980652784586
1,All Population,1,Deaths,83,Iceland,3,Both,228,55+ years,697,Falls,2,Percent,1981,0.012982341022406259,0.014921457151075037,0.011368462318202535
1,All Population,1,Deaths,83,Iceland,3,Both,228,55+ years,697,Falls,3,Rate,1981,42.91351063965216,49.23641250861113,37.599823349907844
1,All Population,1,Deaths,84,Ireland,3,Both,228,55+ years,697,Falls,1,Number,1981,245.85932220807638,272.71990991928817,219.83728964446752
1,All Population,1,Deaths,84,Ireland,3,Both,228,55+ years,697,Falls,2,Percent,1981,0.008532885719450177,0.009444128643889617,0.007641235122381377
1,All Population,1,Deaths,84,Ireland,3,Both,228,55+ years,697,Falls,3,Rate,1981,36.781335220176786,40.79976442572427,32.88835652717276
1,All Population,1,Deaths,73,Western Europe,3,Both,228,55+ years,697,Falls,1,Number,1985,47715.571336049456,52629.13119277865,41882.56587235116
1,All Population,1,Deaths,73,Western Europe,3,Both,228,55+ years,697,Falls,2,Percent,1985,0.013753487107165762,0.01517000260409958,0.012074734944819976
1,All Population,1,Deaths,73,Western Europe,3,Both,228,55+ years,697,Falls,3,Rate,1985,51.40551181103459,56.699047069586314,45.12142837952311
1,All Population,1,Deaths,81,Germany,3,Both,228,55+ years,697,Falls,1,Number,1982,10204.391784163394,11422.868720477067,8989.923197276312
1,All Population,1,Deaths,81,Germany,3,Both,228,55+ years,697,Falls,2,Percent,1982,0.012266024266625961,0.01373690292474172,0.010811835888687045
1,All Population,1,Deaths,81,Germany,3,Both,228,55+ years,697,Falls,3,Rate,1982,51.35050773874708,57.482123485289115,45.23906279538509
1,All Population,1,Deaths,89,Netherlands,3,Both,228,55+ years,697,Falls,1,Number,1983,1376.9774132774744,1537.977585670059,1202.808541486811
1,All Population,1,Deaths,89,Netherlands,3,Both,228,55+ years,697,Falls,2,Percent,1983,0.013214687140498367,0.014762749793605187,0.011487093458939451
1,All Population,1,Deaths,89,Netherlands,3,Both,228,55+ years,697,Falls,3,Rate,1983,45.3911405571792,50.69840368606924,39.649780049806644
1,All Population,1,Deaths,367,Monaco,3,Both,228,55+ years,697,Falls,1,Number,1984,2.709125589867036,3.7045233535155133,1.9506538101870905
1,All Population,1,Deaths,367,Monaco,3,Both,228,55+ years,697,Falls,2,Percent,1984,0.006041852533617693,0.008379835579037107,0.004386381850795421
1,All Population,1,Deaths,367,Monaco,3,Both,228,55+ years,697,Falls,3,Rate,1984,26.114452528998477,35.70952916313315,18.803209610205254
1,All Population,1,Deaths,85,Israel,3,Both,228,55+ years,697,Falls,1,Number,1982,153.62348675419983,169.77611069072506,135.56889907999343
1,All Population,1,Deaths,85,Israel,3,Both,228,55+ years,697,Falls,2,Percent,1982,0.006710857025908456,0.00747956703153956,0.005946892324627757
1,All Population,1,Deaths,85,Israel,3,Both,228,55+ years,697,Falls,3,Rate,1982,23.122455079900316,25.553647922127713,20.404990444099454
1,All Population,1,Deaths,78,Denmark,3,Both,228,55+ years,697,Falls,1,Number,1985,1078.5029855280916,1182.6871857741678,953.8704909160481
1,All Population,1,Deaths,78,Denmark,3,Both,228,55+ years,697,Falls,2,Percent,1985,0.020883733750222795,0.022950522202141395,0.018459762036528004
1,All Population,1,Deaths,78,Denmark,3,Both,228,55+ years,697,Falls,3,Rate,1985,83.03272068367909,91.05374400467541,73.43740638961182
1,All Population,1,Deaths,78,Denmark,3,Both,228,55+ years,697,Falls,1,Number,1983,937.2264481755258,1028.8675278913524,836.265391054703
1,All Population,1,Deaths,78,Denmark,3,Both,228,55+ years,697,Falls,2,Percent,1983,0.018610322248245836,0.02043585463757205,0.01644765596604162
1,All Population,1,Deaths,78,Denmark,3,Both,228,55+ years,697,Falls,3,Rate,1983,72.39659862508418,79.47546678834529,64.59780342103384
1,All Population,1,Deaths,92,Spain,3,Both,228,55+ years,697,Falls,1,Number,1983,1986.1314932273203,2210.2931090116813,1752.6202467938451
1,All Population,1,Deaths,92,Spain,3,Both,228,55+ years,697,Falls,2,Percent,1983,0.0076656471503821905,0.00852882589093081,0.006759625360718942
1,All Population,1,Deaths,92,Spain,3,Both,228,55+ years,697,Falls,3,Rate,1983,24.053815506954585,26.768611666324833,21.22578702059143
1,All Population,1,Deaths,74,Andorra,3,Both,228,55+ years,697,Falls,1,Number,1982,1.9462767763515756,2.6528904021108564,1.388273451201966
1,All Population,1,Deaths,74,Andorra,3,Both,228,55+ years,697,Falls,2,Percent,1982,0.01686521731297945,0.023147896344111497,0.012011003014937143
1,All Population,1,Deaths,74,Andorra,3,Both,228,55+ years,697,Falls,3,Rate,1982,33.52810939185958,45.70079686884157,23.91550097256355
1,All Population,1,Deaths,85,Israel,3,Both,228,55+ years,697,Falls,1,Number,1986,207.5966379015237,229.6257214104292,182.6690034089679
1,All Population,1,Deaths,85,Israel,3,Both,228,55+ years,697,Falls,2,Percent,1986,0.008358544409748701,0.009247961459153357,0.007377623386128513
1,All Population,1,Deaths,85,Israel,3,Both,228,55+ years,697,Falls,3,Rate,1986,28.241348081445224,31.23817414558092,24.85020451733194
1,All Population,1,Deaths,76,Belgium,3,Both,228,55+ years,697,Falls,1,Number,1984,1435.6740139678889,1614.0661657295905,1263.1722289880893
1,All Population,1,Deaths,76,Belgium,3,Both,228,55+ years,697,Falls,2,Percent,1984,0.014486255580226362,0.01630418931078563,0.012747630368459774
1,All Population,1,Deaths,76,Belgium,3,Both,228,55+ years,697,Falls,3,Rate,1984,57.798653391855396,64.98052479663554,50.85392166130896
1,All Population,1,Deaths,92,Spain,3,Both,228,55+ years,697,Falls,1,Number,1981,1894.4018286954406,2132.151853508169,1658.0682596337367
1,All Population,1,Deaths,92,Spain,3,Both,228,55+ years,697,Falls,2,Percent,1981,0.007638864068272652,0.008608867568295498,0.006685191523914753
1,All Population,1,Deaths,92,Spain,3,Both,228,55+ years,697,Falls,3,Rate,1981,24.014616362271042,27.02848361551894,21.018704983505412
1,All Population,1,Deaths,80,France,3,Both,228,55+ years,697,Falls,1,Number,1985,12715.026930872362,14218.825943898211,11114.272905273692
1,All Population,1,Deaths,80,France,3,Both,228,55+ years,697,Falls,2,Percent,1985,0.026480252983605863,0.029634036817743636,0.023119284804709553
1,All Population,1,Deaths,80,France,3,Both,228,55+ years,697,Falls,3,Rate,1985,95.49027559192963,106.78385624806265,83.46855956330144
1,All Population,1,Deaths,79,Finland,3,Both,228,55+ years,697,Falls,1,Number,1983,559.6483249164944,603.3885105464713,511.2622481850447
1,All Population,1,Deaths,79,Finland,3,Both,228,55+ years,697,Falls,2,Percent,1983,0.014441483996513143,0.015577687839039045,0.01318447927728265
1,All Population,1,Deaths,79,Finland,3,Both,228,55+ years,697,Falls,3,Rate,1983,50.94158807819693,54.92300715804254,46.53728008720756
1,All Population,1,Deaths,91,Portugal,3,Both,228,55+ years,697,Falls,1,Number,1982,707.8302162957475,790.3105821343383,630.9164089147836
1,All Population,1,Deaths,91,Portugal,3,Both,228,55+ years,697,Falls,2,Percent,1982,0.009262985597669226,0.010312653127772574,0.008282575416324768
1,All Population,1,Deaths,91,Portugal,3,Both,228,55+ years,697,Falls,3,Rate,1982,32.565156079123,36.359831589096764,29.026581313117045
1,All Population,1,Deaths,75,Austria,3,Both,228,55+ years,697,Falls,1,Number,1983,1577.5502440747878,1721.2028537985461,1405.0770464321267
1,All Population,1,Deaths,75,Austria,3,Both,228,55+ years,697,Falls,2,Percent,1983,0.01949436570794017,0.021235668197762302,0.01742164750992093
1,All Population,1,Deaths,75,Austria,3,Both,228,55+ years,697,Falls,3,Rate,1983,82.29343810723164,89.78712472142745,73.29631584841776
1,All Population,1,Deaths,82,Greece,3,Both,228,55+ years,697,Falls,1,Number,1982,897.205741850595,1000.7305213806486,805.3952983720876
1,All Population,1,Deaths,82,Greece,3,Both,228,55+ years,697,Falls,2,Percent,1982,0.011815114914226809,0.013057392049407179,0.01060832986837209
1,All Population,1,Deaths,82,Greece,3,Both,228,55+ years,697,Falls,3,Rate,1982,39.718517079061,44.30146893956654,35.6541486769866
1,All Population,1,Deaths,82,Greece,3,Both,228,55+ years,697,Falls,1,Number,1980,987.892917522461,1113.5165444221077,884.8348587793942
1,All Population,1,Deaths,82,Greece,3,Both,228,55+ years,697,Falls,2,Percent,1980,0.013193152838610516,0.014794248314210594,0.01178768635104196
1,All Population,1,Deaths,82,Greece,3,Both,228,55+ years,697,Falls,3,Rate,1980,45.56059538465227,51.35422659144464,40.80766474587799
1,All Population,1,Deaths,79,Finland,3,Both,228,55+ years,697,Falls,1,Number,1985,649.1008522832283,701.6704530001531,591.6876929592173
1,All Population,1,Deaths,79,Finland,3,Both,228,55+ years,697,Falls,2,Percent,1985,0.01570840560232005,0.017046546675878856,0.014199742436609226
1,All Population,1,Deaths,79,Finland,3,Both,228,55+ years,697,Falls,3,Rate,1985,57.356320122351924,62.00151329505865,52.283136912315584
1,All Population,1,Deaths,90,Norway,3,Both,228,55+ years,697,Falls,1,Number,1983,894.6771918741175,994.3030516845118,774.0178673297565
1,All Population,1,Deaths,90,Norway,3,Both,228,55+ years,697,Falls,2,Percent,1983,0.023401332005907657,0.02602502704650662,0.02040302128971569
1,All Population,1,Deaths,90,Norway,3,Both,228,55+ years,697,Falls,3,Rate,1983,82.21255006291864,91.36724413762327,71.12507532928652
1,All Population,1,Deaths,93,Sweden,3,Both,228,55+ years,697,Falls,1,Number,1983,1166.0921617988906,1280.0414135837293,1034.0667368190705
1,All Population,1,Deaths,93,Sweden,3,Both,228,55+ years,697,Falls,2,Percent,1983,0.014063534778397373,0.01545634683803501,0.012496781383543995
1,All Population,1,Deaths,93,Sweden,3,Both,228,55+ years,697,Falls,3,Rate,1983,49.34867622896986,54.170974943497356,43.7613991982501
1,All Population,1,Deaths,75,Austria,3,Both,228,55+ years,697,Falls,1,Number,1982,1544.7771766752003,1683.5685806957208,1368.981879849169
1,All Population,1,Deaths,75,Austria,3,Both,228,55+ years,697,Falls,2,Percent,1982,0.019173776920286455,0.02087416048111332,0.017050928007156855
1,All Population,1,Deaths,75,Austria,3,Both,228,55+ years,697,Falls,3,Rate,1982,80.82261934543145,88.08417459426794,71.62502336031497
1,All Population,1,Deaths,77,Cyprus,3,Both,228,55+ years,697,Falls,1,Number,1983,75.10549148013847,105.70496770787513,52.04724929116822
1,All Population,1,Deaths,77,Cyprus,3,Both,228,55+ years,697,Falls,2,Percent,1983,0.011460258521859602,0.015770715173931193,0.008081806880089002
1,All Population,1,Deaths,77,Cyprus,3,Both,228,55+ years,697,Falls,3,Rate,1983,52.757392455525284,74.25180710438124,36.5602714657804
1,All Population,1,Deaths,76,Belgium,3,Both,228,55+ years,697,Falls,1,Number,1986,1232.0522104627985,1370.7398000827875,1075.080761987082
1,All Population,1,Deaths,76,Belgium,3,Both,228,55+ years,697,Falls,2,Percent,1986,0.012430957821946512,0.013853551768558839,0.010861432766760633
1,All Population,1,Deaths,76,Belgium,3,Both,228,55+ years,697,Falls,3,Rate,1986,48.63580483989317,54.11055865729781,42.43928762360368
1,All Population,1,Deaths,76,Belgium,3,Both,228,55+ years,697,Falls,1,Number,1985,1277.6610739929135,1413.5249885377632,1120.744400164722
1,All Population,1,Deaths,76,Belgium,3,Both,228,55+ years,697,Falls,2,Percent,1985,0.012808836617230028,0.014147123672924679,0.011252027874746422
1,All Population,1,Deaths,76,Belgium,3,Both,228,55+ years,697,Falls,3,Rate,1985,50.960157531786855,56.37915841474649,44.70145670695996
1,All Population,1,Deaths,85,Israel,3,Both,228,55+ years,697,Falls,1,Number,1985,197.89352877337228,219.55909259483795,176.00266509285348
1,All Population,1,Deaths,85,Israel,3,Both,228,55+ years,697,Falls,2,Percent,1985,0.008288563178283068,0.00917664257637117,0.007348089297870639
1,All Population,1,Deaths,85,Israel,3,Both,228,55+ years,697,Falls,3,Rate,1985,27.70761095362197,30.741065443907488,24.642611617573923
1,All Population,1,Deaths,80,France,3,Both,228,55+ years,697,Falls,1,Number,1986,12498.895275349856,13986.488984972366,10889.756719559242
1,All Population,1,Deaths,80,France,3,Both,228,55+ years,697,Falls,2,Percent,1986,0.026247929418765425,0.02940107929675476,0.022870893221241556
1,All Population,1,Deaths,80,France,3,Both,228,55+ years,697,Falls,3,Rate,1986,92.71318370352269,103.74772282382713,80.77706013093274
1,All Population,1,Deaths,81,Germany,3,Both,228,55+ years,697,Falls,1,Number,1987,9777.00343425973,10953.148153975515,8578.484642933481
1,All Population,1,Deaths,81,Germany,3,Both,228,55+ years,697,Falls,2,Percent,1987,0.012166203872161843,0.013619668670752866,0.010686268377888976
1,All Population,1,Deaths,81,Germany,3,Both,228,55+ years,697,Falls,3,Rate,1987,47.92731175245332,53.69282620960234,42.052118587256686
1,All Population,1,Deaths,86,Italy,3,Both,228,55+ years,697,Falls,1,Number,1982,6911.60574024703,7774.266648359619,5974.1249630236125
1,All Population,1,Deaths,86,Italy,3,Both,228,55+ years,697,Falls,2,Percent,1982,0.014688816971825114,0.01652513153444087,0.012678120519796868
1,All Population,1,Deaths,86,Italy,3,Both,228,55+ years,697,Falls,3,Rate,1982,51.12979350551896,57.51147610645734,44.1946180403291
1,All Population,1,Deaths,93,Sweden,3,Both,228,55+ years,697,Falls,1,Number,1981,1330.7881460689305,1466.3479077998509,1187.9763651625778
1,All Population,1,Deaths,93,Sweden,3,Both,228,55+ years,697,Falls,2,Percent,1981,0.015886451606533715,0.01749466144298102,0.014129225889167096
1,All Population,1,Deaths,93,Sweden,3,Both,228,55+ years,697,Falls,3,Rate,1981,56.664488496966214,62.436575197575685,50.583613385248675
1,All Population,1,Deaths,92,Spain,3,Both,228,55+ years,697,Falls,1,Number,1982,1952.3697240245242,2179.2372121697294,1701.7631554158904
1,All Population,1,Deaths,92,Spain,3,Both,228,55+ years,697,Falls,2,Percent,1982,0.00792035663561761,0.00884193981953069,0.006899433768077096
1,All Population,1,Deaths,92,Spain,3,Both,228,55+ years,697,Falls,3,Rate,1982,24.17908415323117,26.98872006388625,21.07545207106077
1,All Population,1,Deaths,74,Andorra,3,Both,228,55+ years,697,Falls,1,Number,1983,2.106449867038122,2.947859814090368,1.494935427832409
1,All Population,1,Deaths,74,Andorra,3,Both,228,55+ years,697,Falls,2,Percent,1983,0.01679427704870881,0.02372051548607144,0.012046202983829553
1,All Population,1,Deaths,74,Andorra,3,Both,228,55+ years,697,Falls,3,Rate,1983,33.52426156819281,46.915345587069304,23.791976773072136
1,All Population,1,Deaths,367,Monaco,3,Both,228,55+ years,697,Falls,1,Number,1985,2.829806086959263,3.907515293050353,2.093315283641591
1,All Population,1,Deaths,367,Monaco,3,Both,228,55+ years,697,Falls,2,Percent,1985,0.006129918088398089,0.008399143673117148,0.00448049248703692
1,All Population,1,Deaths,367,Monaco,3,Both,228,55+ years,697,Falls,3,Rate,1985,26.742343666875506,36.92695316893938,19.782329600689803
1,All Population,1,Deaths,86,Italy,3,Both,228,55+ years,697,Falls,1,Number,1986,7413.139640053859,8373.404091856171,6350.968390194724
1,All Population,1,Deaths,86,Italy,3,Both,228,55+ years,697,Falls,2,Percent,1986,0.015251186964556657,0.017199788786034065,0.01308377129764659
1,All Population,1,Deaths,86,Italy,3,Both,228,55+ years,697,Falls,3,Rate,1986,51.410431740565016,58.06990565436216,44.04422994360591
1,All Population,1,Deaths,79,Finland,3,Both,228,55+ years,697,Falls,1,Number,1986,628.9290009713433,681.7269838580672,572.0745450705328
1,All Population,1,Deaths,79,Finland,3,Both,228,55+ years,697,Falls,2,Percent,1986,0.015245942910719843,0.016558306012934565,0.013844384189677957
1,All Population,1,Deaths,79,Finland,3,Both,228,55+ years,697,Falls,3,Rate,1986,54.9829912184203,59.598760287627655,50.012592262903226
1,All Population,1,Deaths,73,Western Europe,3,Both,228,55+ years,697,Falls,1,Number,1987,45876.5551161814,50601.77492565196,40357.67069623756
1,All Population,1,Deaths,73,Western Europe,3,Both,228,55+ years,697,Falls,2,Percent,1987,0.013546892980083837,0.014945697899354562,0.011922566517690603
1,All Population,1,Deaths,73,Western Europe,3,Both,228,55+ years,697,Falls,3,Rate,1987,48.544500375378064,53.544514745107406,42.70466593015541
1,All Population,1,Deaths,78,Denmark,3,Both,228,55+ years,697,Falls,1,Number,1986,1095.3316002537035,1197.636160650247,966.2266139663672
1,All Population,1,Deaths,78,Denmark,3,Both,228,55+ years,697,Falls,2,Percent,1986,0.021277928168140035,0.023247463028802498,0.018774152623776557
1,All Population,1,Deaths,78,Denmark,3,Both,228,55+ years,697,Falls,3,Rate,1986,84.30031170954527,92.17400614941991,74.36396861056213
1,All Population,1,Deaths,367,Monaco,3,Both,228,55+ years,697,Falls,1,Number,1982,2.8080642441188264,3.947913073005626,1.997424578249998
1,All Population,1,Deaths,367,Monaco,3,Both,228,55+ years,697,Falls,2,Percent,1982,0.00605814360701047,0.008511719040429565,0.004320402880655278
1,All Population,1,Deaths,367,Monaco,3,Both,228,55+ years,697,Falls,3,Rate,1982,27.4847207300198,38.64131260714929,19.550356380719503
1,All Population,1,Deaths,87,Luxembourg,3,Both,228,55+ years,697,Falls,1,Number,1983,53.03043752879782,59.57427876793165,47.43878381712823
1,All Population,1,Deaths,87,Luxembourg,3,Both,228,55+ years,697,Falls,2,Percent,1983,0.014821963249503137,0.016485620605298755,0.0132704977249743
1,All Population,1,Deaths,87,Luxembourg,3,Both,228,55+ years,697,Falls,3,Rate,1983,61.00424584400629,68.53203777480998,54.57181508165407
1,All Population,1,Deaths,81,Germany,3,Both,228,55+ years,697,Falls,1,Number,1985,9903.356964781737,11062.586762237708,8722.013988511293
1,All Population,1,Deaths,81,Germany,3,Both,228,55+ years,697,Falls,2,Percent,1985,0.011951131419391072,0.013354055677719712,0.010520932316632219
1,All Population,1,Deaths,81,Germany,3,Both,228,55+ years,697,Falls,3,Rate,1985,48.77050664134948,54.47930061259887,42.952813138550546
1,All Population,1,Deaths,83,Iceland,3,Both,228,55+ years,697,Falls,1,Number,1983,17.848289172205465,20.175760252052267,15.490602054506098
1,All Population,1,Deaths,83,Iceland,3,Both,228,55+ years,697,Falls,2,Percent,1983,0.012821505946369702,0.014400392276265208,0.011206882867484369
1,All Population,1,Deaths,83,Iceland,3,Both,228,55+ years,697,Falls,3,Rate,1983,42.17904272846483,47.679317918929684,36.60736105531852
1,All Population,1,Deaths,89,Netherlands,3,Both,228,55+ years,697,Falls,1,Number,1982,1421.3786513832679,1585.6040217507766,1242.229383857138
1,All Population,1,Deaths,89,Netherlands,3,Both,228,55+ years,697,Falls,2,Percent,1982,0.013773364382282076,0.015388143429425587,0.012032007599488326
1,All Population,1,Deaths,89,Netherlands,3,Both,228,55+ years,697,Falls,3,Rate,1982,47.45284293690221,52.9355204055134,41.47192993676302
1,All Population,1,Deaths,81,Germany,3,Both,228,55+ years,697,Falls,1,Number,1986,9857.349954191643,10982.49039467073,8624.484658603253
1,All Population,1,Deaths,81,Germany,3,Both,228,55+ years,697,Falls,2,Percent,1986,0.011938611284008287,0.01329803882254398,0.010457016516806241
1,All Population,1,Deaths,81,Germany,3,Both,228,55+ years,697,Falls,3,Rate,1986,48.373898750292916,53.895406052004525,42.32374315485498
1,All Population,1,Deaths,76,Belgium,3,Both,228,55+ years,697,Falls,1,Number,1988,1108.0680988119902,1239.4915336760616,967.5693486906728
1,All Population,1,Deaths,76,Belgium,3,Both,228,55+ years,697,Falls,2,Percent,1988,0.011837021269505121,0.013216396554854142,0.010337214649468253
1,All Population,1,Deaths,76,Belgium,3,Both,228,55+ years,697,Falls,3,Rate,1988,42.90605285603639,47.99496467368135,37.4657312680623
1,All Population,1,Deaths,87,Luxembourg,3,Both,228,55+ years,697,Falls,1,Number,1985,53.947634146196094,60.42121346477679,48.34085429758527
1,All Population,1,Deaths,87,Luxembourg,3,Both,228,55+ years,697,Falls,2,Percent,1985,0.015158389866435697,0.016807021488346657,0.013527958158766673
1,All Population,1,Deaths,87,Luxembourg,3,Both,228,55+ years,697,Falls,3,Rate,1985,60.46039902240644,67.71549361365247,54.17674725078003
1,All Population,1,Deaths,93,Sweden,3,Both,228,55+ years,697,Falls,1,Number,1982,1158.7210622864063,1269.7850252755711,1039.5223617939607
1,All Population,1,Deaths,93,Sweden,3,Both,228,55+ years,697,Falls,2,Percent,1982,0.013977726188704341,0.015341414723871847,0.012491563089107469
1,All Population,1,Deaths,93,Sweden,3,Both,228,55+ years,697,Falls,3,Rate,1982,49.220004960512874,53.93776576350906,44.15669781914783
1,All Population,1,Deaths,87,Luxembourg,3,Both,228,55+ years,697,Falls,1,Number,1986,52.74241427159861,58.72607298425692,47.09094398419508
1,All Population,1,Deaths,87,Luxembourg,3,Both,228,55+ years,697,Falls,2,Percent,1986,0.014866400345260168,0.01648403562810699,0.013342747647658651
1,All Population,1,Deaths,87,Luxembourg,3,Both,228,55+ years,697,Falls,3,Rate,1986,58.32151229559805,64.93812304431925,52.072228898032776
1,All Population,1,Deaths,73,Western Europe,3,Both,228,55+ years,697,Falls,1,Number,1990,47879.15673231668,53248.49204476618,41833.44800753899
1,All Population,1,Deaths,73,Western Europe,3,Both,228,55+ years,697,Falls,2,Percent,1990,0.013877160041651083,0.015424730126055301,0.012125511226378548
1,All Population,1,Deaths,73,Western Europe,3,Both,228,55+ years,697,Falls,3,Rate,1990,49.15485111076785,54.66724723175257,42.948060254216784
1,All Population,1,Deaths,88,Malta,3,Both,228,55+ years,697,Falls,1,Number,1983,28.79419440731348,32.17023068149164,25.24332842095507
1,All Population,1,Deaths,88,Malta,3,Both,228,55+ years,697,Falls,2,Percent,1983,0.010672317662845513,0.011952146742225368,0.009455174483169222
1,All Population,1,Deaths,88,Malta,3,Both,228,55+ years,697,Falls,3,Rate,1983,44.113486222356926,49.2856652929167,38.673463294440886
1,All Population,1,Deaths,86,Italy,3,Both,228,55+ years,697,Falls,1,Number,1985,7313.75613776034,8241.284000189486,6286.736553546182
1,All Population,1,Deaths,86,Italy,3,Both,228,55+ years,697,Falls,2,Percent,1985,0.015027135981448692,0.016937256185550184,0.012896480710928299
1,All Population,1,Deaths,86,Italy,3,Both,228,55+ years,697,Falls,3,Rate,1985,51.55573613684575,58.0940156247387,44.316124958432525
1,All Population,1,Deaths,80,France,3,Both,228,55+ years,697,Falls,1,Number,1990,11839.00661311086,13407.915573436221,10324.188917236797
1,All Population,1,Deaths,80,France,3,Both,228,55+ years,697,Falls,2,Percent,1990,0.025793362204602172,0.02919121713997405,0.022463351547614023
1,All Population,1,Deaths,80,France,3,Both,228,55+ years,697,Falls,3,Rate,1990,83.88951105125642,95.00657601005763,73.15572907178391
1,All Population,1,Deaths,81,Germany,3,Both,228,55+ years,697,Falls,1,Number,1990,11003.422495620684,12446.391664357641,9397.701050224941
1,All Population,1,Deaths,81,Germany,3,Both,228,55+ years,697,Falls,2,Percent,1990,0.013425963050900297,0.015198386774446534,0.0114700465420413
1,All Population,1,Deaths,81,Germany,3,Both,228,55+ years,697,Falls,3,Rate,1990,52.26573811057491,59.119773634963416,44.63863694482497
1,All Population,1,Deaths,82,Greece,3,Both,228,55+ years,697,Falls,1,Number,1990,493.6043643998644,544.161503734632,443.7480219307993
1,All Population,1,Deaths,82,Greece,3,Both,228,55+ years,697,Falls,2,Percent,1990,0.005817469083359079,0.006406837917976783,0.005271216916141291
1,All Population,1,Deaths,82,Greece,3,Both,228,55+ years,697,Falls,3,Rate,1990,18.338050083071792,20.216314174810584,16.48582151481738
1,All Population,1,Deaths,83,Iceland,3,Both,228,55+ years,697,Falls,1,Number,1982,17.709547237469806,20.066129968314325,15.489232746051044
1,All Population,1,Deaths,83,Iceland,3,Both,228,55+ years,697,Falls,2,Percent,1982,0.012809993394994102,0.014457714766714362,0.011175849723829569
1,All Population,1,Deaths,83,Iceland,3,Both,228,55+ years,697,Falls,3,Rate,1982,42.55832652872018,48.22149882818059,37.22262438709113
1,All Population,1,Deaths,89,Netherlands,3,Both,228,55+ years,697,Falls,1,Number,1989,1494.7090119363127,1676.9118654705053,1283.2303366126773
1,All Population,1,Deaths,89,Netherlands,3,Both,228,55+ years,697,Falls,2,Percent,1989,0.01300979434195502,0.014641036609318751,0.011163579707079431
1,All Population,1,Deaths,89,Netherlands,3,Both,228,55+ years,697,Falls,3,Rate,1989,45.7312004023317,51.30576718577188,39.26092852679364
1,All Population,1,Deaths,73,Western Europe,3,Both,228,55+ years,697,Falls,1,Number,1989,47080.72071343291,52208.85461252867,41229.45261696771
1,All Population,1,Deaths,73,Western Europe,3,Both,228,55+ years,697,Falls,2,Percent,1989,0.013743119449036788,0.01524505104880987,0.012036338951407289
1,All Population,1,Deaths,73,Western Europe,3,Both,228,55+ years,697,Falls,3,Rate,1989,48.84470441869331,54.164975237091085,42.7742055751013
1,All Population,1,Deaths,73,Western Europe,3,Both,228,55+ years,697,Falls,1,Number,1986,47084.08275202024,51717.23108808892,41320.58038284979
1,All Population,1,Deaths,73,Western Europe,3,Both,228,55+ years,697,Falls,2,Percent,1986,0.013631323568714002,0.014975416371876686,0.011968723991351128
1,All Population,1,Deaths,73,Western Europe,3,Both,228,55+ years,697,Falls,3,Rate,1986,50.24605746012086,55.190349116846015,44.09550180975182
1,All Population,1,Deaths,84,Ireland,3,Both,228,55+ years,697,Falls,1,Number,1983,242.08555907428203,268.2759539476628,215.8300779975617
1,All Population,1,Deaths,84,Ireland,3,Both,228,55+ years,697,Falls,2,Percent,1983,0.008435926501186328,0.009358296061232394,0.007502241467077516
1,All Population,1,Deaths,84,Ireland,3,Both,228,55+ years,697,Falls,3,Rate,1983,36.02491704058586,39.92232755190108,32.117821006991825
1,All Population,1,Deaths,88,Malta,3,Both,228,55+ years,697,Falls,1,Number,1985,27.27774922128183,30.339502288336394,24.063332049612367
1,All Population,1,Deaths,88,Malta,3,Both,228,55+ years,697,Falls,2,Percent,1985,0.01061106717865629,0.011743424613158804,0.009387272351444735
1,All Population,1,Deaths,88,Malta,3,Both,228,55+ years,697,Falls,3,Rate,1985,40.814074508818294,45.395193603089965,36.00453319062968
1,All Population,1,Deaths,88,Malta,3,Both,228,55+ years,697,Falls,1,Number,1986,23.360229000736584,25.978631899058033,20.429847409311073
1,All Population,1,Deaths,88,Malta,3,Both,228,55+ years,697,Falls,2,Percent,1986,0.009133451122129198,0.010149885762521451,0.008103303234822124
1,All Population,1,Deaths,88,Malta,3,Both,228,55+ years,697,Falls,3,Rate,1986,34.40415550340597,38.26045076838736,30.088388566680237
1,All Population,1,Deaths,74,Andorra,3,Both,228,55+ years,697,Falls,1,Number,1984,2.309758052647882,3.213259223461589,1.6426716181582672
1,All Population,1,Deaths,74,Andorra,3,Both,228,55+ years,697,Falls,2,Percent,1984,0.016904682867242938,0.02386119049261538,0.011941068322152602
1,All Population,1,Deaths,74,Andorra,3,Both,228,55+ years,697,Falls,3,Rate,1984,33.966086456822296,47.2524992248253,24.15626439252759
1,All Population,1,Deaths,77,Cyprus,3,Both,228,55+ years,697,Falls,1,Number,1986,67.31778994644338,91.52207580802603,47.1987595950408
1,All Population,1,Deaths,77,Cyprus,3,Both,228,55+ years,697,Falls,2,Percent,1986,0.012241997920868525,0.016887179827014966,0.008696542399452709
1,All Population,1,Deaths,77,Cyprus,3,Both,228,55+ years,697,Falls,3,Rate,1986,53.50326149200599,72.74049784081963,37.5129305154085
1,All Population,1,Deaths,95,United Kingdom,3,Both,228,55+ years,697,Falls,1,Number,1985,4666.137246251368,5176.004248931936,4097.206627307047
1,All Population,1,Deaths,95,United Kingdom,3,Both,228,55+ years,697,Falls,2,Percent,1985,0.00765913630157612,0.008482169855980772,0.006718089420792093
1,All Population,1,Deaths,95,United Kingdom,3,Both,228,55+ years,697,Falls,3,Rate,1985,31.50409963320024,34.94654035116977,27.662882378392876
1,All Population,1,Deaths,84,Ireland,3,Both,228,55+ years,697,Falls,1,Number,1982,248.11267801555198,275.163239668858,220.61203616705347
1,All Population,1,Deaths,84,Ireland,3,Both,228,55+ years,697,Falls,2,Percent,1982,0.008694382143779213,0.009632959736621413,0.007729515937113386
1,All Population,1,Deaths,84,Ireland,3,Both,228,55+ years,697,Falls,3,Rate,1982,37.013367932954026,41.04876184863345,32.91083120136849
1,All Population,1,Deaths,367,Monaco,3,Both,228,55+ years,697,Falls,1,Number,1986,2.9693502056139947,4.117058819963247,2.199092092557761
1,All Population,1,Deaths,367,Monaco,3,Both,228,55+ years,697,Falls,2,Percent,1986,0.006244233580766733,0.008514058060705165,0.004586485560388036
1,All Population,1,Deaths,367,Monaco,3,Both,228,55+ years,697,Falls,3,Rate,1986,27.525531103956922,38.16465649335075,20.38532796829462
1,All Population,1,Deaths,82,Greece,3,Both,228,55+ years,697,Falls,1,Number,1987,610.8043377543977,674.893403404394,547.0913127217271
1,All Population,1,Deaths,82,Greece,3,Both,228,55+ years,697,Falls,2,Percent,1987,0.0071714321191948234,0.007893610302386089,0.006419692730951022
1,All Population,1,Deaths,82,Greece,3,Both,228,55+ years,697,Falls,3,Rate,1987,24.11340982455513,26.64352595138689,21.598139076113476
1,All Population,1,Deaths,82,Greece,3,Both,228,55+ years,697,Falls,1,Number,1985,731.7472740758552,808.63321779905,662.178148308591
1,All Population,1,Deaths,82,Greece,3,Both,228,55+ years,697,Falls,2,Percent,1985,0.008970315828032125,0.009926422681147127,0.00811255697088033
1,All Population,1,Deaths,82,Greece,3,Both,228,55+ years,697,Falls,3,Rate,1985,30.217197191501548,33.39217003396632,27.344369281886575
1,All Population,1,Deaths,82,Greece,3,Both,228,55+ years,697,Falls,1,Number,1986,646.9478836026688,713.2980994608034,576.6542521135303
1,All Population,1,Deaths,82,Greece,3,Both,228,55+ years,697,Falls,2,Percent,1986,0.007824278144927877,0.008605976179824972,0.007011891716717264
1,All Population,1,Deaths,82,Greece,3,Both,228,55+ years,697,Falls,3,Rate,1986,26.07391207041555,28.748021899022092,23.240870935244857
1,All Population,1,Deaths,85,Israel,3,Both,228,55+ years,697,Falls,1,Number,1983,178.60813229800328,200.14714709024315,157.7560996978722
1,All Population,1,Deaths,85,Israel,3,Both,228,55+ years,697,Falls,2,Percent,1983,0.007761930169136191,0.008675045609265242,0.006852736872214991
1,All Population,1,Deaths,85,Israel,3,Both,228,55+ years,697,Falls,3,Rate,1983,26.335691691634125,29.51161008690376,23.261068522826204
1,All Population,1,Deaths,77,Cyprus,3,Both,228,55+ years,697,Falls,1,Number,1985,78.5280722066968,110.26550863767571,54.25683284334717
1,All Population,1,Deaths,77,Cyprus,3,Both,228,55+ years,697,Falls,2,Percent,1985,0.011998021299307398,0.016859705877147142,0.008341868414912966
1,All Population,1,Deaths,77,Cyprus,3,Both,228,55+ years,697,Falls,3,Rate,1985,55.224885005373494,77.5442445415762,38.15613028985182
1,All Population,1,Deaths,90,Norway,3,Both,228,55+ years,697,Falls,1,Number,1989,907.3251444491746,1012.7112133348325,791.5194292214487
1,All Population,1,Deaths,90,Norway,3,Both,228,55+ years,697,Falls,2,Percent,1989,0.02192248569811413,0.02448317570238011,0.01912670000052375
1,All Population,1,Deaths,90,Norway,3,Both,228,55+ years,697,Falls,3,Rate,1989,83.82239848173266,93.55839347162106,73.12379405346724
1,All Population,1,Deaths,75,Austria,3,Both,228,55+ years,697,Falls,1,Number,1984,1523.1436482462532,1665.2645792614715,1362.5450089186259
1,All Population,1,Deaths,75,Austria,3,Both,228,55+ years,697,Falls,2,Percent,1984,0.01939286182670703,0.021134413144734215,0.01733654095320814
1,All Population,1,Deaths,75,Austria,3,Both,228,55+ years,697,Falls,3,Rate,1984,79.27273090071738,86.6694819114975,70.91429882958676
1,All Population,1,Deaths,73,Western Europe,3,Both,228,55+ years,697,Falls,1,Number,1988,46210.03466233536,51259.793511345306,40574.44908418602
1,All Population,1,Deaths,73,Western Europe,3,Both,228,55+ years,697,Falls,2,Percent,1988,0.013586038167986392,0.015074532211235385,0.011930276445148574
1,All Population,1,Deaths,73,Western Europe,3,Both,228,55+ years,697,Falls,3,Rate,1988,48.4592052663885,53.754749889932995,42.54932010132865
1,All Population,1,Deaths,77,Cyprus,3,Both,228,55+ years,697,Falls,1,Number,1988,72.00732753016808,99.4324848323478,51.38850963976284
1,All Population,1,Deaths,77,Cyprus,3,Both,228,55+ years,697,Falls,2,Percent,1988,0.012554461931507634,0.016921639825155894,0.008994860494837276
1,All Population,1,Deaths,77,Cyprus,3,Both,228,55+ years,697,Falls,3,Rate,1988,53.3719251129361,73.69948748676792,38.08923039130619
1,All Population,1,Deaths,396,San Marino,3,Both,228,55+ years,697,Falls,1,Number,1987,1.1656344288204217,1.517640835585774,0.8080793316793115
1,All Population,1,Deaths,396,San Marino,3,Both,228,55+ years,697,Falls,2,Percent,1987,0.007842332160205669,0.01046709471301254,0.00553030813172443
1,All Population,1,Deaths,396,San Marino,3,Both,228,55+ years,697,Falls,3,Rate,1987,23.478287493419916,30.56842434355228,16.276388546498907
1,All Population,1,Deaths,94,Switzerland,3,Both,228,55+ years,697,Falls,1,Number,1986,1519.875041762217,1682.0343113957856,1325.0600599400907
1,All Population,1,Deaths,94,Switzerland,3,Both,228,55+ years,697,Falls,2,Percent,1986,0.028556647657345766,0.03150947985162289,0.025001706947051734
1,All Population,1,Deaths,94,Switzerland,3,Both,228,55+ years,697,Falls,3,Rate,1986,94.18135565687292,104.22980005313745,82.10935066559192
1,All Population,1,Deaths,93,Sweden,3,Both,228,55+ years,697,Falls,1,Number,1984,1155.0629747924165,1274.7036551922708,1028.1094298251053
1,All Population,1,Deaths,93,Sweden,3,Both,228,55+ years,697,Falls,2,Percent,1984,0.0138659457976281,0.015345271787866955,0.012399944412830134
1,All Population,1,Deaths,93,Sweden,3,Both,228,55+ years,697,Falls,3,Rate,1984,48.80507466306124,53.8602729224494,43.44088467854247
1,All Population,1,Deaths,91,Portugal,3,Both,228,55+ years,697,Falls,1,Number,1983,733.7626473751275,817.1710204860668,653.428988089867
1,All Population,1,Deaths,91,Portugal,3,Both,228,55+ years,697,Falls,2,Percent,1983,0.009258103990189396,0.010308668232695637,0.00829013784129133
1,All Population,1,Deaths,91,Portugal,3,Both,228,55+ years,697,Falls,3,Rate,1983,33.15676860159539,36.92576956746371,29.52670571767886
1,All Population,1,Deaths,80,France,3,Both,228,55+ years,697,Falls,1,Number,1987,11622.469399948512,12982.974069660906,10106.436093483004
1,All Population,1,Deaths,80,France,3,Both,228,55+ years,697,Falls,2,Percent,1987,0.02527618386226466,0.028280468106434503,0.02196816852704685
1,All Population,1,Deaths,80,France,3,Both,228,55+ years,697,Falls,3,Rate,1987,85.18936064453526,95.16146889265129,74.0772721847291
1,All Population,1,Deaths,80,France,3,Both,228,55+ years,697,Falls,1,Number,1989,11726.001707920848,13249.0075545086,10256.66856299573
1,All Population,1,Deaths,80,France,3,Both,228,55+ years,697,Falls,2,Percent,1989,0.02543398088983544,0.02876018426453425,0.022228099938346957
1,All Population,1,Deaths,80,France,3,Both,228,55+ years,697,Falls,3,Rate,1989,83.89585871710669,94.7924871257777,73.38324162856152
1,All Population,1,Deaths,367,Monaco,3,Both,228,55+ years,697,Falls,1,Number,1987,2.933730229229862,4.0530797934351845,2.171822078449652
1,All Population,1,Deaths,367,Monaco,3,Both,228,55+ years,697,Falls,2,Percent,1987,0.006275878781890621,0.008471255158258082,0.004678164022844122
1,All Population,1,Deaths,367,Monaco,3,Both,228,55+ years,697,Falls,3,Rate,1987,27.023531454296776,37.33421982478014,20.00535075289701
1,All Population,1,Deaths,74,Andorra,3,Both,228,55+ years,697,Falls,1,Number,1986,2.8161251045076474,3.9084311038642623,1.9491121289352416
1,All Population,1,Deaths,74,Andorra,3,Both,228,55+ years,697,Falls,2,Percent,1986,0.017472276397052764,0.02408268322942507,0.012161277511771235
1,All Population,1,Deaths,74,Andorra,3,Both,228,55+ years,697,Falls,3,Rate,1986,35.96333589313391,49.912633632097574,24.891143534099026
1,All Population,1,Deaths,367,Monaco,3,Both,228,55+ years,697,Falls,1,Number,1988,3.010476759262226,4.147573108250656,2.260341296023205
1,All Population,1,Deaths,367,Monaco,3,Both,228,55+ years,697,Falls,2,Percent,1988,0.006360770195411459,0.008693734805568294,0.004861087039291432
1,All Population,1,Deaths,367,Monaco,3,Both,228,55+ years,697,Falls,3,Rate,1988,27.558495303782816,37.967698529528974,20.691607998550893
1,All Population,1,Deaths,78,Denmark,3,Both,228,55+ years,697,Falls,1,Number,1988,1241.6392993208929,1365.0332905047126,1084.7321730961303
1,All Population,1,Deaths,78,Denmark,3,Both,228,55+ years,697,Falls,2,Percent,1988,0.023794852085131202,0.026152803766683663,0.02075220800563892
1,All Population,1,Deaths,78,Denmark,3,Both,228,55+ years,697,Falls,3,Rate,1988,95.50741135732872,104.9989284842926,83.4380499433971
1,All Population,1,Deaths,78,Denmark,3,Both,228,55+ years,697,Falls,1,Number,1984,1026.0344221547336,1129.987784517835,911.3708838947563
1,All Population,1,Deaths,78,Denmark,3,Both,228,55+ years,697,Falls,2,Percent,1984,0.020171278356075836,0.022269255075777046,0.017875921206051647
1,All Population,1,Deaths,78,Denmark,3,Both,228,55+ years,697,Falls,3,Rate,1984,79.06794500264289,87.07876662878719,70.2317791380429
1,All Population,1,Deaths,76,Belgium,3,Both,228,55+ years,697,Falls,1,Number,1990,1132.942794118459,1269.9875647816773,990.6934299170426
1,All Population,1,Deaths,76,Belgium,3,Both,228,55+ years,697,Falls,2,Percent,1990,0.01208577566067162,0.01359619009786917,0.010576835577391662
1,All Population,1,Deaths,76,Belgium,3,Both,228,55+ years,697,Falls,3,Rate,1990,43.20357469956485,48.42963202326233,37.77904570821056
1,All Population,1,Deaths,77,Cyprus,3,Both,228,55+ years,697,Falls,1,Number,1990,76.49394268953121,103.8547109995601,58.34854585546425
1,All Population,1,Deaths,77,Cyprus,3,Both,228,55+ years,697,Falls,2,Percent,1990,0.013110875571972574,0.017880320128804646,0.00977082025667716
1,All Population,1,Deaths,77,Cyprus,3,Both,228,55+ years,697,Falls,3,Rate,1990,57.214249495288485,77.67895257415087,43.64225640468513
1,All Population,1,Deaths,87,Luxembourg,3,Both,228,55+ years,697,Falls,1,Number,1988,46.54031661443056,51.668216576167616,41.66740238681891
1,All Population,1,Deaths,87,Luxembourg,3,Both,228,55+ years,697,Falls,2,Percent,1988,0.01347872994841382,0.014884524134075367,0.012075135767868764
1,All Population,1,Deaths,87,Luxembourg,3,Both,228,55+ years,697,Falls,3,Rate,1988,50.54041349107199,56.10905167963741,45.248676823048186
1,All Population,1,Deaths,74,Andorra,3,Both,228,55+ years,697,Falls,1,Number,1985,2.522003488646061,3.4636361997241742,1.7163710424354894
1,All Population,1,Deaths,74,Andorra,3,Both,228,55+ years,697,Falls,2,Percent,1985,0.01703660389581749,0.023709920048339595,0.011643825022729546
1,All Population,1,Deaths,74,Andorra,3,Both,228,55+ years,697,Falls,3,Rate,1985,34.44638251263907,47.3075227522282,23.442780205308132
1,All Population,1,Deaths,75,Austria,3,Both,228,55+ years,697,Falls,1,Number,1986,1437.511968009944,1563.8493003707708,1285.571765706732
1,All Population,1,Deaths,75,Austria,3,Both,228,55+ years,697,Falls,2,Percent,1986,0.018585957358046717,0.020202646915645526,0.016521621830943772
1,All Population,1,Deaths,75,Austria,3,Both,228,55+ years,697,Falls,3,Rate,1986,74.32313051457504,80.8551012048197,66.46742444916681
1,All Population,1,Deaths,83,Iceland,3,Both,228,55+ years,697,Falls,1,Number,1985,17.131120029493637,19.300508249090626,14.9300041265773
1,All Population,1,Deaths,83,Iceland,3,Both,228,55+ years,697,Falls,2,Percent,1985,0.011924667909215304,0.01339121608155836,0.01045542380705105
1,All Population,1,Deaths,83,Iceland,3,Both,228,55+ years,697,Falls,3,Rate,1985,39.03690075976188,43.980313244877046,34.02118999975633
1,All Population,1,Deaths,85,Israel,3,Both,228,55+ years,697,Falls,1,Number,1990,213.3178615581993,237.54634628766541,188.31764839557314
1,All Population,1,Deaths,85,Israel,3,Both,228,55+ years,697,Falls,2,Percent,1990,0.008593185035934476,0.009585360708274905,0.007600056593548948
1,All Population,1,Deaths,85,Israel,3,Both,228,55+ years,697,Falls,3,Rate,1990,26.342307352825465,29.33424711246301,23.25506798990706
1,All Population,1,Deaths,83,Iceland,3,Both,228,55+ years,697,Falls,1,Number,1984,17.626302125172053,20.11391400782595,15.357626568767913
1,All Population,1,Deaths,83,Iceland,3,Both,228,55+ years,697,Falls,2,Percent,1984,0.012644671564287573,0.014255896721415497,0.011094427229939141
1,All Population,1,Deaths,83,Iceland,3,Both,228,55+ years,697,Falls,3,Rate,1984,40.98390793543756,46.76799444738893,35.70888260801725
1,All Population,1,Deaths,73,Western Europe,3,Both,228,55+ years,697,Falls,1,Number,1991,48092.73087508018,53527.221049174,41849.58505460904
1,All Population,1,Deaths,73,Western Europe,3,Both,228,55+ years,697,Falls,2,Percent,1991,0.01391298760591376,0.015479645276994136,0.012108994722020412
1,All Population,1,Deaths,73,Western Europe,3,Both,228,55+ years,697,Falls,3,Rate,1991,48.86912986820783,54.391353315554255,42.525196006784014
1,All Population,1,Deaths,94,Switzerland,3,Both,228,55+ years,697,Falls,1,Number,1985,1470.126980023688,1613.0460342114916,1289.0990407894196
1,All Population,1,Deaths,94,Switzerland,3,Both,228,55+ years,697,Falls,2,Percent,1985,0.027882820148433084,0.030652991423578628,0.0244574295745416
1,All Population,1,Deaths,94,Switzerland,3,Both,228,55+ years,697,Falls,3,Rate,1985,92.09195739003275,101.04471836056808,80.75197282210175
1,All Population,1,Deaths,79,Finland,3,Both,228,55+ years,697,Falls,1,Number,1988,698.6212385359956,751.3535245349989,630.3942167125125
1,All Population,1,Deaths,79,Finland,3,Both,228,55+ years,697,Falls,2,Percent,1988,0.016544764254838723,0.017798615613887476,0.014929938435395007
1,All Population,1,Deaths,79,Finland,3,Both,228,55+ years,697,Falls,3,Rate,1988,60.13626874532245,64.67538486071076,54.263389001975575
1,All Population,1,Deaths,396,San Marino,3,Both,228,55+ years,697,Falls,1,Number,1988,1.2718505150346495,1.6752958791345725,0.9176462032928712
1,All Population,1,Deaths,396,San Marino,3,Both,228,55+ years,697,Falls,2,Percent,1988,0.008120864213495067,0.010530761010394291,0.005820938938704056
1,All Population,1,Deaths,396,San Marino,3,Both,228,55+ years,697,Falls,3,Rate,1988,24.965339380129027,32.8846273129722,18.01261125052048
1,All Population,1,Deaths,86,Italy,3,Both,228,55+ years,697,Falls,1,Number,1983,7216.57290268704,8120.104181568661,6253.944883689953
1,All Population,1,Deaths,86,Italy,3,Both,228,55+ years,697,Falls,2,Percent,1983,0.014562967198552408,0.016421117522861517,0.01262286122344717
1,All Population,1,Deaths,86,Italy,3,Both,228,55+ years,697,Falls,3,Rate,1983,52.49707223682883,59.06982462986863,45.494419685273584
1,All Population,1,Deaths,85,Israel,3,Both,228,55+ years,697,Falls,1,Number,1989,213.69881856575088,237.06736332668262,188.99991944863694
1,All Population,1,Deaths,85,Israel,3,Both,228,55+ years,697,Falls,2,Percent,1989,0.008705903564503865,0.0096834072415999,0.007706914987216363
1,All Population,1,Deaths,85,Israel,3,Both,228,55+ years,697,Falls,3,Rate,1989,27.054303805318668,30.01276522168779,23.927419319685825
1,All Population,1,Deaths,95,United Kingdom,3,Both,228,55+ years,697,Falls,1,Number,1986,4524.454331298333,5014.93080961475,3963.2498008413777
1,All Population,1,Deaths,95,United Kingdom,3,Both,228,55+ years,697,Falls,2,Percent,1986,0.007516507434065947,0.008333919124751775,0.006581640306943219
1,All Population,1,Deaths,95,United Kingdom,3,Both,228,55+ years,697,Falls,3,Rate,1986,30.532151137516887,33.84200927041056,26.74500239243186
1,All Population,1,Deaths,78,Denmark,3,Both,228,55+ years,697,Falls,1,Number,1990,1237.1631525587457,1367.203183908603,1085.8724275919985
1,All Population,1,Deaths,78,Denmark,3,Both,228,55+ years,697,Falls,2,Percent,1990,0.023039493721752378,0.02543882136126148,0.020217414319924822
1,All Population,1,Deaths,78,Denmark,3,Both,228,55+ years,697,Falls,3,Rate,1990,95.19417906346892,105.20017867971572,83.55303348510299
1,All Population,1,Deaths,83,Iceland,3,Both,228,55+ years,697,Falls,1,Number,1988,17.674059418592858,20.01415517186629,15.456969888912417
1,All Population,1,Deaths,83,Iceland,3,Both,228,55+ years,697,Falls,2,Percent,1988,0.011557311315006058,0.01301833812965057,0.010131278122918936
1,All Population,1,Deaths,83,Iceland,3,Both,228,55+ years,697,Falls,3,Rate,1988,38.06679023193017,43.106941566307846,33.291572493159386
1,All Population,1,Deaths,79,Finland,3,Both,228,55+ years,697,Falls,1,Number,1990,762.2760661008264,825.3358182123814,688.5823011404191
1,All Population,1,Deaths,79,Finland,3,Both,228,55+ years,697,Falls,2,Percent,1990,0.01775463985975834,0.019134103039120616,0.015981531747589046
1,All Population,1,Deaths,79,Finland,3,Both,228,55+ years,697,Falls,3,Rate,1990,64.52188752375243,69.8594999898367,58.28417257318447
1,All Population,1,Deaths,75,Austria,3,Both,228,55+ years,697,Falls,1,Number,1985,1514.1119678600771,1656.1757734704377,1355.6567803273756
1,All Population,1,Deaths,75,Austria,3,Both,228,55+ years,697,Falls,2,Percent,1985,0.019209558528268427,0.021000405549776537,0.017186474946170607
1,All Population,1,Deaths,75,Austria,3,Both,228,55+ years,697,Falls,3,Rate,1985,78.55308297410349,85.92344272728582,70.33232799815202
1,All Population,1,Deaths,79,Finland,3,Both,228,55+ years,697,Falls,1,Number,1984,594.0519476192959,640.3959322602082,537.0879105948871
1,All Population,1,Deaths,79,Finland,3,Both,228,55+ years,697,Falls,2,Percent,1984,0.0149902514732867,0.016188139337105747,0.013634257415165775
1,All Population,1,Deaths,79,Finland,3,Both,228,55+ years,697,Falls,3,Rate,1984,53.275809548499595,57.4320341166415,48.167156677671976
1,All Population,1,Deaths,88,Malta,3,Both,228,55+ years,697,Falls,1,Number,1988,24.769403694265634,27.703603536218306,22.029147498391257
1,All Population,1,Deaths,88,Malta,3,Both,228,55+ years,697,Falls,2,Percent,1988,0.010081489641242301,0.011263658962626207,0.008883785711522315
1,All Population,1,Deaths,88,Malta,3,Both,228,55+ years,697,Falls,3,Rate,1988,35.290711272338655,39.471272125390854,31.38647557032101
1,All Population,1,Deaths,76,Belgium,3,Both,228,55+ years,697,Falls,1,Number,1989,1109.6831772535984,1245.447659366646,966.6224296671614
1,All Population,1,Deaths,76,Belgium,3,Both,228,55+ years,697,Falls,2,Percent,1989,0.011613941164507964,0.013059113022618925,0.010137168805652056
1,All Population,1,Deaths,76,Belgium,3,Both,228,55+ years,697,Falls,3,Rate,1989,42.59999285504675,47.81190025937361,37.107986713164806
1,All Population,1,Deaths,76,Belgium,3,Both,228,55+ years,697,Falls,1,Number,1991,1203.1312510590146,1351.7366692106455,1044.4708509946577
1,All Population,1,Deaths,76,Belgium,3,Both,228,55+ years,697,Falls,2,Percent,1991,0.012932230742937926,0.014485927024447497,0.011211713176533796
1,All Population,1,Deaths,76,Belgium,3,Both,228,55+ years,697,Falls,3,Rate,1991,45.578666255136724,51.208340284197355,39.56807562666244
1,All Population,1,Deaths,80,France,3,Both,228,55+ years,697,Falls,1,Number,1984,12586.64786378001,14190.73473811202,10960.130717001066
1,All Population,1,Deaths,80,France,3,Both,228,55+ years,697,Falls,2,Percent,1984,0.026737450978092492,0.03014034248009725,0.023266590361822832
1,All Population,1,Deaths,80,France,3,Both,228,55+ years,697,Falls,3,Rate,1984,95.74574452793979,107.94792049509121,83.37294305679092
1,All Population,1,Deaths,89,Netherlands,3,Both,228,55+ years,697,Falls,1,Number,1985,1371.6049854229698,1537.8889110516197,1197.898681300211
1,All Population,1,Deaths,89,Netherlands,3,Both,228,55+ years,697,Falls,2,Percent,1985,0.012553083634771704,0.01401808192149205,0.01098331934333316
1,All Population,1,Deaths,89,Netherlands,3,Both,228,55+ years,697,Falls,3,Rate,1985,44.062364716931846,49.404181825706274,38.48210610951141
1,All Population,1,Deaths,89,Netherlands,3,Both,228,55+ years,697,Falls,1,Number,1991,1540.8705723487722,1728.9225013637079,1306.895623232064
1,All Population,1,Deaths,89,Netherlands,3,Both,228,55+ years,697,Falls,2,Percent,1991,0.013293084354643402,0.014997346035818681,0.011336459678088887
1,All Population,1,Deaths,89,Netherlands,3,Both,228,55+ years,697,Falls,3,Rate,1991,46.20957629541298,51.84911547362524,39.1928394867249
1,All Population,1,Deaths,89,Netherlands,3,Both,228,55+ years,697,Falls,1,Number,1988,1390.8351686749584,1550.0450703097592,1198.5317274398474
1,All Population,1,Deaths,89,Netherlands,3,Both,228,55+ years,697,Falls,2,Percent,1988,0.012513484310560551,0.013969147088353076,0.010806849336057142
1,All Population,1,Deaths,89,Netherlands,3,Both,228,55+ years,697,Falls,3,Rate,1988,43.01939201143798,47.94385274178828,37.07132763259199
1,All Population,1,Deaths,89,Netherlands,3,Both,228,55+ years,697,Falls,1,Number,1986,1388.8378515849763,1548.7699103386587,1224.3032108324205
1,All Population,1,Deaths,89,Netherlands,3,Both,228,55+ years,697,Falls,2,Percent,1986,0.012514876636525757,0.013923769607043106,0.010999337371766667
1,All Population,1,Deaths,89,Netherlands,3,Both,228,55+ years,697,Falls,3,Rate,1986,44.00867871067479,49.076511921870164,38.795001582425456
1,All Population,1,Deaths,81,Germany,3,Both,228,55+ years,697,Falls,1,Number,1989,10292.533269438942,11545.301312848522,8838.670901565121
1,All Population,1,Deaths,81,Germany,3,Both,228,55+ years,697,Falls,2,Percent,1989,0.012771682432659442,0.014346164068348806,0.010993561233647703
1,All Population,1,Deaths,81,Germany,3,Both,228,55+ years,697,Falls,3,Rate,1989,49.64854134644996,55.69157316111639,42.63548207388418
1,All Population,1,Deaths,367,Monaco,3,Both,228,55+ years,697,Falls,1,Number,1989,3.095821358177142,4.288587234787834,2.3296428495944803
1,All Population,1,Deaths,367,Monaco,3,Both,228,55+ years,697,Falls,2,Percent,1989,0.006471529934958248,0.008829200565008102,0.004952842780910162
1,All Population,1,Deaths,367,Monaco,3,Both,228,55+ years,697,Falls,3,Rate,1989,28.22699864722237,39.10236802104417,21.241156370448433
1,All Population,1,Deaths,86,Italy,3,Both,228,55+ years,697,Falls,1,Number,1989,7773.35723644091,8805.461388967413,6606.410029463265
1,All Population,1,Deaths,86,Italy,3,Both,228,55+ years,697,Falls,2,Percent,1989,0.016286657017261785,0.018467405544502217,0.013811668506066688
1,All Population,1,Deaths,86,Italy,3,Both,228,55+ years,697,Falls,3,Rate,1989,51.734392798219304,58.60340447636093,43.96795374952227
1,All Population,1,Deaths,94,Switzerland,3,Both,228,55+ years,697,Falls,1,Number,1991,1605.19845897063,1776.6650901390137,1381.5313990862137
1,All Population,1,Deaths,94,Switzerland,3,Both,228,55+ years,697,Falls,2,Percent,1991,0.028918169022150032,0.0319776450736862,0.02478553481690454
1,All Population,1,Deaths,94,Switzerland,3,Both,228,55+ years,697,Falls,3,Rate,1991,94.34491123900429,104.42279538325275,81.19896732536732
1,All Population,1,Deaths,84,Ireland,3,Both,228,55+ years,697,Falls,1,Number,1985,255.74995968469986,280.6303275722679,230.1651284704886
1,All Population,1,Deaths,84,Ireland,3,Both,228,55+ years,697,Falls,2,Percent,1985,0.008676885149209838,0.009538401114859997,0.007806257124289273
1,All Population,1,Deaths,84,Ireland,3,Both,228,55+ years,697,Falls,3,Rate,1985,37.860768324270126,41.5440136533218,34.073235499588485
1,All Population,1,Deaths,396,San Marino,3,Both,228,55+ years,697,Falls,1,Number,1984,1.1809151148171688,1.6206998511258655,0.7841905541632033
1,All Population,1,Deaths,396,San Marino,3,Both,228,55+ years,697,Falls,2,Percent,1984,0.007797332835679195,0.010546731750272048,0.005157892770103668
1,All Population,1,Deaths,396,San Marino,3,Both,228,55+ years,697,Falls,3,Rate,1984,25.23898534500441,34.6382388352693,16.760030975876056
1,All Population,1,Deaths,83,Iceland,3,Both,228,55+ years,697,Falls,1,Number,1986,16.291669883879663,18.332791324545504,14.333839288435206
1,All Population,1,Deaths,83,Iceland,3,Both,228,55+ years,697,Falls,2,Percent,1986,0.011317536287655812,0.01261696752380046,0.0099330466494485
1,All Population,1,Deaths,83,Iceland,3,Both,228,55+ years,697,Falls,3,Rate,1986,36.383767042170476,40.94215102191512,32.0113943633471
1,All Population,1,Deaths,74,Andorra,3,Both,228,55+ years,697,Falls,1,Number,1990,4.076706208300308,5.5881998022454935,2.955834512787278
1,All Population,1,Deaths,74,Andorra,3,Both,228,55+ years,697,Falls,2,Percent,1990,0.018657747339356406,0.025349497176589905,0.013704123908422215
1,All Population,1,Deaths,74,Andorra,3,Both,228,55+ years,697,Falls,3,Rate,1990,40.80624552375353,55.935709250261105,29.586755261098485
1,All Population,1,Deaths,85,Israel,3,Both,228,55+ years,697,Falls,1,Number,1988,214.20711929529614,239.62003700842618,187.4405941016177
1,All Population,1,Deaths,85,Israel,3,Both,228,55+ years,697,Falls,2,Percent,1988,0.008628004778239814,0.009661742559486312,0.007596380594085097
1,All Population,1,Deaths,85,Israel,3,Both,228,55+ years,697,Falls,3,Rate,1988,27.73924471786881,31.030149080705534,24.273051833911047
1,All Population,1,Deaths,396,San Marino,3,Both,228,55+ years,697,Falls,1,Number,1989,1.2628988114398023,1.6180576261903337,0.9102866258881079
1,All Population,1,Deaths,396,San Marino,3,Both,228,55+ years,697,Falls,2,Percent,1989,0.008166466882770267,0.010707440346682584,0.005823420503208932
1,All Population,1,Deaths,396,San Marino,3,Both,228,55+ years,697,Falls,3,Rate,1989,24.351431494626052,31.19966467749685,17.55230285276514
1,All Population,1,Deaths,75,Austria,3,Both,228,55+ years,697,Falls,1,Number,1990,1250.902779788728,1369.6543604814112,1107.412351667716
1,All Population,1,Deaths,75,Austria,3,Both,228,55+ years,697,Falls,2,Percent,1990,0.016932095636842996,0.018510112514298963,0.014974156746995008
1,All Population,1,Deaths,75,Austria,3,Both,228,55+ years,697,Falls,3,Rate,1990,64.37595101625851,70.48733398325983,56.99141808430645
1,All Population,1,Deaths,89,Netherlands,3,Both,228,55+ years,697,Falls,1,Number,1987,1363.8611179775764,1523.5909233238744,1186.8247636242158
1,All Population,1,Deaths,89,Netherlands,3,Both,228,55+ years,697,Falls,2,Percent,1987,0.012493529320272803,0.013909051155823539,0.010889282229279656
1,All Population,1,Deaths,89,Netherlands,3,Both,228,55+ years,697,Falls,3,Rate,1987,42.72391312924895,47.727562135598355,37.17812424765972
1,All Population,1,Deaths,87,Luxembourg,3,Both,228,55+ years,697,Falls,1,Number,1989,44.25901714212428,49.333560288384774,39.30537689251613
1,All Population,1,Deaths,87,Luxembourg,3,Both,228,55+ years,697,Falls,2,Percent,1989,0.012839477276516166,0.014274366888893981,0.011497644043080792
1,All Population,1,Deaths,87,Luxembourg,3,Both,228,55+ years,697,Falls,3,Rate,1989,47.66403615300826,53.128983718532766,42.32929301607588
1,All Population,1,Deaths,78,Denmark,3,Both,228,55+ years,697,Falls,1,Number,1989,1257.206302321249,1384.7606376426156,1103.5491433350646
1,All Population,1,Deaths,78,Denmark,3,Both,228,55+ years,697,Falls,2,Percent,1989,0.023771982094569932,0.026109209734100934,0.020841133060051933
1,All Population,1,Deaths,78,Denmark,3,Both,228,55+ years,697,Falls,3,Rate,1989,96.76902732138791,106.58707304457971,84.94180867906412
1,All Population,1,Deaths,83,Iceland,3,Both,228,55+ years,697,Falls,1,Number,1987,16.597801319453858,18.675855404829388,14.527986049763449
1,All Population,1,Deaths,83,Iceland,3,Both,228,55+ years,697,Falls,2,Percent,1987,0.011204815934706935,0.0125002353401193,0.009865168167591401
1,All Population,1,Deaths,83,Iceland,3,Both,228,55+ years,697,Falls,3,Rate,1987,36.377353551595796,40.93181873093501,31.840945360965776
1,All Population,1,Deaths,84,Ireland,3,Both,228,55+ years,697,Falls,1,Number,1988,241.67429294320502,268.4267577355517,215.05548499857298
1,All Population,1,Deaths,84,Ireland,3,Both,228,55+ years,697,Falls,2,Percent,1988,0.008546882323618384,0.00944311145320734,0.007635514116179256
1,All Population,1,Deaths,84,Ireland,3,Both,228,55+ years,697,Falls,3,Rate,1988,35.50891196068009,39.43961930018955,31.597842660370464
1,All Population,1,Deaths,74,Andorra,3,Both,228,55+ years,697,Falls,1,Number,1988,3.4461793679875,4.73870674610557,2.435784823785834
1,All Population,1,Deaths,74,Andorra,3,Both,228,55+ years,697,Falls,2,Percent,1988,0.01806616338755658,0.024549695207076387,0.012757634654224569
1,All Population,1,Deaths,74,Andorra,3,Both,228,55+ years,697,Falls,3,Rate,1988,38.208772757534106,52.53939214785474,27.006240500079716
1,All Population,1,Deaths,87,Luxembourg,3,Both,228,55+ years,697,Falls,1,Number,1991,44.047289953371774,49.044024845314,39.14937255741497
1,All Population,1,Deaths,87,Luxembourg,3,Both,228,55+ years,697,Falls,2,Percent,1991,0.013050117620436895,0.014546443225819378,0.011719303673326412
1,All Population,1,Deaths,87,Luxembourg,3,Both,228,55+ years,697,Falls,3,Rate,1991,46.8173911839533,52.12836700848663,41.611447414065445
1,All Population,1,Deaths,84,Ireland,3,Both,228,55+ years,697,Falls,1,Number,1984,238.08316806388558,264.15757928989217,212.85343290899684
1,All Population,1,Deaths,84,Ireland,3,Both,228,55+ years,697,Falls,2,Percent,1984,0.008303882056031092,0.009213457229980656,0.007439037841050092
1,All Population,1,Deaths,84,Ireland,3,Both,228,55+ years,697,Falls,3,Rate,1984,35.36358932527067,39.23654169730606,31.616100579810855
1,All Population,1,Deaths,74,Andorra,3,Both,228,55+ years,697,Falls,1,Number,1987,3.121938907631192,4.27677504875003,2.1833613351982293
1,All Population,1,Deaths,74,Andorra,3,Both,228,55+ years,697,Falls,2,Percent,1987,0.01781835957853259,0.024232856198503624,0.012558278125870794
1,All Population,1,Deaths,74,Andorra,3,Both,228,55+ years,697,Falls,3,Rate,1987,37.19069640747764,50.94790357759551,26.009710941715518
1,All Population,1,Deaths,77,Cyprus,3,Both,228,55+ years,697,Falls,1,Number,1991,79.07289454861565,106.47584681456809,58.41640133884462
1,All Population,1,Deaths,77,Cyprus,3,Both,228,55+ years,697,Falls,2,Percent,1991,0.013065844236793033,0.01752337587253163,0.009801615609333465
1,All Population,1,Deaths,77,Cyprus,3,Both,228,55+ years,697,Falls,3,Rate,1991,55.6683408894161,74.96037385248846,41.125902394585836
1,All Population,1,Deaths,74,Andorra,3,Both,228,55+ years,697,Falls,1,Number,1989,3.7748643876752395,5.136973981244825,2.7156413181179744
1,All Population,1,Deaths,74,Andorra,3,Both,228,55+ years,697,Falls,2,Percent,1989,0.018404251045916475,0.024675901379518878,0.013339517884095441
1,All Population,1,Deaths,74,Andorra,3,Both,228,55+ years,697,Falls,3,Rate,1989,39.89041700389178,54.28434327840746,28.697206968920653
1,All Population,1,Deaths,84,Ireland,3,Both,228,55+ years,697,Falls,1,Number,1989,250.57872470274054,276.93768749485406,223.72438520423304
1,All Population,1,Deaths,84,Ireland,3,Both,228,55+ years,697,Falls,2,Percent,1989,0.008821332247831668,0.009765280304576816,0.007871955524507203
1,All Population,1,Deaths,84,Ireland,3,Both,228,55+ years,697,Falls,3,Rate,1989,36.6874413510455,40.54667921195031,32.75567497087371
1,All Population,1,Deaths,84,Ireland,3,Both,228,55+ years,697,Falls,1,Number,1986,268.8420432579154,294.54841061872287,241.31691289668234
1,All Population,1,Deaths,84,Ireland,3,Both,228,55+ years,697,Falls,2,Percent,1986,0.009070108752938148,0.009927476721352288,0.0080913110173495
1,All Population,1,Deaths,84,Ireland,3,Both,228,55+ years,697,Falls,3,Rate,1986,39.69794698986909,43.49381908050194,35.63351141004726
1,All Population,1,Deaths,77,Cyprus,3,Both,228,55+ years,697,Falls,1,Number,1989,73.14573400040135,98.93196118535754,54.14358288291051
1,All Population,1,Deaths,77,Cyprus,3,Both,228,55+ years,697,Falls,2,Percent,1989,0.012805425503590904,0.017604155933504378,0.009399165370650739
1,All Population,1,Deaths,77,Cyprus,3,Both,228,55+ years,697,Falls,3,Rate,1989,53.76083109869087,72.7132556427565,39.79458343298806
1,All Population,1,Deaths,75,Austria,3,Both,228,55+ years,697,Falls,1,Number,1988,1443.3361371159995,1578.7933373175485,1266.4205226074419
1,All Population,1,Deaths,75,Austria,3,Both,228,55+ years,697,Falls,2,Percent,1988,0.019405478451549465,0.021127004973175233,0.017076862796105746
1,All Population,1,Deaths,75,Austria,3,Both,228,55+ years,697,Falls,3,Rate,1988,74.31731025746336,81.29199516634465,65.20793353313799
1,All Population,1,Deaths,89,Netherlands,3,Both,228,55+ years,697,Falls,1,Number,1990,1509.6816025165522,1698.516495953753,1292.9272772419693
1,All Population,1,Deaths,89,Netherlands,3,Both,228,55+ years,697,Falls,2,Percent,1990,0.013078352646448597,0.014741685575364327,0.01125652180141158
1,All Population,1,Deaths,89,Netherlands,3,Both,228,55+ years,697,Falls,3,Rate,1990,45.72723404573053,51.446915171743846,39.16189222416151
1,All Population,1,Deaths,84,Ireland,3,Both,228,55+ years,697,Falls,1,Number,1987,256.4936730944319,283.3512343463603,229.56888208334757
1,All Population,1,Deaths,84,Ireland,3,Both,228,55+ years,697,Falls,2,Percent,1987,0.00898734367305472,0.009919501863681464,0.00800283027625999
1,All Population,1,Deaths,84,Ireland,3,Both,228,55+ years,697,Falls,3,Rate,1987,37.835838295283985,41.7976449639402,33.86411444518089
1,All Population,1,Deaths,83,Iceland,3,Both,228,55+ years,697,Falls,1,Number,1990,18.075376116929643,20.41317621004148,15.677455942037653
1,All Population,1,Deaths,83,Iceland,3,Both,228,55+ years,697,Falls,2,Percent,1990,0.011981675281923829,0.013552410632703982,0.010397843376662887
1,All Population,1,Deaths,83,Iceland,3,Both,228,55+ years,697,Falls,3,Rate,1990,38.0878732688635,43.01401328931838,33.03505007230527
1,All Population,1,Deaths,367,Monaco,3,Both,228,55+ years,697,Falls,1,Number,1990,3.154887344000927,4.433688363687605,2.3613363299483523
1,All Population,1,Deaths,367,Monaco,3,Both,228,55+ years,697,Falls,2,Percent,1990,0.006542110757750111,0.008872816818481823,0.005061033271154276
1,All Population,1,Deaths,367,Monaco,3,Both,228,55+ years,697,Falls,3,Rate,1990,28.665960122551663,40.28541116403583,21.455591179490334
1,All Population,1,Deaths,84,Ireland,3,Both,228,55+ years,697,Falls,1,Number,1990,246.6153491830225,271.41192886481326,221.56099017353714
1,All Population,1,Deaths,84,Ireland,3,Both,228,55+ years,697,Falls,2,Percent,1990,0.008761314666309057,0.00964232016867824,0.007874447600223903
1,All Population,1,Deaths,84,Ireland,3,Both,228,55+ years,697,Falls,3,Rate,1990,35.96729547849647,39.58372045458003,32.31327501097998
1,All Population,1,Deaths,87,Luxembourg,3,Both,228,55+ years,697,Falls,1,Number,1990,43.34399787065415,48.524902553921024,38.44708342577597
1,All Population,1,Deaths,87,Luxembourg,3,Both,228,55+ years,697,Falls,2,Percent,1990,0.01274942708915293,0.014163992134576834,0.011334253567447244
1,All Population,1,Deaths,87,Luxembourg,3,Both,228,55+ years,697,Falls,3,Rate,1990,46.37888932528207,51.92255434730251,41.139099175971836
1,All Population,1,Deaths,87,Luxembourg,3,Both,228,55+ years,697,Falls,1,Number,1984,53.407581872025304,60.159129745238324,48.00126929543783
1,All Population,1,Deaths,87,Luxembourg,3,Both,228,55+ years,697,Falls,2,Percent,1984,0.014999385069813737,0.016699439504151994,0.013455281013655238
1,All Population,1,Deaths,87,Luxembourg,3,Both,228,55+ years,697,Falls,3,Rate,1984,60.69182684768571,68.36421642444607,54.5481488289177
1,All Population,1,Deaths,78,Denmark,3,Both,228,55+ years,697,Falls,1,Number,1991,1236.6483155009294,1360.8129515688586,1092.46027255521
1,All Population,1,Deaths,78,Denmark,3,Both,228,55+ years,697,Falls,2,Percent,1991,0.02316482894443457,0.025445163139304745,0.020424366927540148
1,All Population,1,Deaths,78,Denmark,3,Both,228,55+ years,697,Falls,3,Rate,1991,95.1928575708964,104.75061652985208,84.0937668564936
1,All Population,1,Deaths,88,Malta,3,Both,228,55+ years,697,Falls,1,Number,1989,27.299791444509797,30.638932860206477,23.925151049370957
1,All Population,1,Deaths,88,Malta,3,Both,228,55+ years,697,Falls,2,Percent,1989,0.011228769743963,0.012593973602285858,0.009920613294261202
1,All Population,1,Deaths,88,Malta,3,Both,228,55+ years,697,Falls,3,Rate,1989,38.232152919169565,42.90847308385432,33.50611800068301
1,All Population,1,Deaths,79,Finland,3,Both,228,55+ years,697,Falls,1,Number,1989,727.9682749775242,781.924580246287,653.0912054551756
1,All Population,1,Deaths,79,Finland,3,Both,228,55+ years,697,Falls,2,Percent,1989,0.017111934539961397,0.01841149687495252,0.015415917063287073
1,All Population,1,Deaths,79,Finland,3,Both,228,55+ years,697,Falls,3,Rate,1989,62.18419238659372,66.7932246516415,55.78807560984849
1,All Population,1,Deaths,95,United Kingdom,3,Both,228,55+ years,697,Falls,1,Number,1991,4133.119156763133,4581.3695313908,3605.2975732574905
1,All Population,1,Deaths,95,United Kingdom,3,Both,228,55+ years,697,Falls,2,Percent,1991,0.007030300493926523,0.007796380355056275,0.0061312254060600655
1,All Population,1,Deaths,95,United Kingdom,3,Both,228,55+ years,697,Falls,3,Rate,1991,27.786180023475005,30.799682691215324,24.237735136381694
1,All Population,1,Deaths,86,Italy,3,Both,228,55+ years,697,Falls,1,Number,1988,7824.117481387026,8877.92247654105,6662.951785010768
1,All Population,1,Deaths,86,Italy,3,Both,228,55+ years,697,Falls,2,Percent,1988,0.016219239549259218,0.018398973827223726,0.013816795462312981
1,All Population,1,Deaths,86,Italy,3,Both,228,55+ years,697,Falls,3,Rate,1988,52.781132589604844,59.89005206903891,44.94796281362251
1,All Population,1,Deaths,89,Netherlands,3,Both,228,55+ years,697,Falls,1,Number,1992,1511.269126031877,1714.4699955776678,1278.6690205709622
1,All Population,1,Deaths,89,Netherlands,3,Both,228,55+ years,697,Falls,2,Percent,1992,0.012934071292279165,0.014624295082513672,0.010965147039055637
1,All Population,1,Deaths,89,Netherlands,3,Both,228,55+ years,697,Falls,3,Rate,1992,44.86452505202697,50.89687914786423,37.95940598434927
1,All Population,1,Deaths,73,Western Europe,3,Both,228,55+ years,697,Falls,1,Number,1992,46567.04515297561,51534.97137359137,40465.51315027053
1,All Population,1,Deaths,73,Western Europe,3,Both,228,55+ years,697,Falls,2,Percent,1992,0.01361086092337208,0.015055227423012624,0.01182537796311584
1,All Population,1,Deaths,73,Western Europe,3,Both,228,55+ years,697,Falls,3,Rate,1992,46.84645282091544,51.844187174627045,40.708310919039505
1,All Population,1,Deaths,80,France,3,Both,228,55+ years,697,Falls,1,Number,1991,11494.971090757825,12995.829002357594,9923.407184654809
1,All Population,1,Deaths,80,France,3,Both,228,55+ years,697,Falls,2,Percent,1991,0.025196016670186137,0.028446628707137586,0.021776689270282673
1,All Population,1,Deaths,80,France,3,Both,228,55+ years,697,Falls,3,Rate,1991,80.79522913535108,91.34437779435076,69.74910601838818
1,All Population,1,Deaths,82,Greece,3,Both,228,55+ years,697,Falls,1,Number,1989,626.0348943650955,691.4292957876029,564.2340429321821
1,All Population,1,Deaths,82,Greece,3,Both,228,55+ years,697,Falls,2,Percent,1989,0.007510899915557666,0.008287971324245953,0.006794579699987108
1,All Population,1,Deaths,82,Greece,3,Both,228,55+ years,697,Falls,3,Rate,1989,23.72901999102715,26.2077077968078,21.386540917873653
1,All Population,1,Deaths,90,Norway,3,Both,228,55+ years,697,Falls,1,Number,1988,913.0947461610997,1016.7617024981963,795.4893980488247
1,All Population,1,Deaths,90,Norway,3,Both,228,55+ years,697,Falls,2,Percent,1988,0.0221791353729859,0.02470387566286956,0.01940594373139131
1,All Population,1,Deaths,90,Norway,3,Both,228,55+ years,697,Falls,3,Rate,1988,83.92920784735838,93.45799504266226,73.11924125060102
1,All Population,1,Deaths,75,Austria,3,Both,228,55+ years,697,Falls,1,Number,1987,1445.1707413422914,1572.808085600214,1277.378060157784
1,All Population,1,Deaths,75,Austria,3,Both,228,55+ years,697,Falls,2,Percent,1987,0.019128111956106905,0.020825674479090978,0.016935012417072914
1,All Population,1,Deaths,75,Austria,3,Both,228,55+ years,697,Falls,3,Rate,1987,74.55052835161781,81.1348240196767,65.89478084857811
1,All Population,1,Deaths,75,Austria,3,Both,228,55+ years,697,Falls,1,Number,1989,1354.149332725951,1481.3247914122232,1193.8370820192295
1,All Population,1,Deaths,75,Austria,3,Both,228,55+ years,697,Falls,2,Percent,1989,0.018260661173456427,0.019957520198909517,0.01605355311997272
1,All Population,1,Deaths,75,Austria,3,Both,228,55+ years,697,Falls,3,Rate,1989,69.66121287286836,76.20347264115792,61.41430423973493
1,All Population,1,Deaths,90,Norway,3,Both,228,55+ years,697,Falls,1,Number,1991,850.2534724523267,952.5612882396766,732.8799408592621
1,All Population,1,Deaths,90,Norway,3,Both,228,55+ years,697,Falls,2,Percent,1991,0.020645410352847185,0.02308337330636253,0.0178476621425686
1,All Population,1,Deaths,90,Norway,3,Both,228,55+ years,697,Falls,3,Rate,1991,79.36162206084524,88.91090880114895,68.40611978295505
1,All Population,1,Deaths,90,Norway,3,Both,228,55+ years,697,Falls,1,Number,1986,886.9243975036919,986.0805693464215,774.7176294963664
1,All Population,1,Deaths,90,Norway,3,Both,228,55+ years,697,Falls,2,Percent,1986,0.022192181598984378,0.024725030772811376,0.019478413028853708
1,All Population,1,Deaths,90,Norway,3,Both,228,55+ years,697,Falls,3,Rate,1986,81.25125909266868,90.3349688561011,70.97198252188713
1,All Population,1,Deaths,94,Switzerland,3,Both,228,55+ years,697,Falls,1,Number,1989,1553.1003666478111,1722.6168378887442,1337.1139189087714
1,All Population,1,Deaths,94,Switzerland,3,Both,228,55+ years,697,Falls,2,Percent,1989,0.028595745887284446,0.03172489954471414,0.024524370580567348
1,All Population,1,Deaths,94,Switzerland,3,Both,228,55+ years,697,Falls,3,Rate,1989,93.15682619928367,103.32462783556294,80.20169953425405
1,All Population,1,Deaths,90,Norway,3,Both,228,55+ years,697,Falls,1,Number,1985,953.2589578236368,1060.8925001939385,840.411649174439
1,All Population,1,Deaths,90,Norway,3,Both,228,55+ years,697,Falls,2,Percent,1985,0.023867908206574213,0.02660516058676715,0.021021030004588877
1,All Population,1,Deaths,90,Norway,3,Both,228,55+ years,697,Falls,3,Rate,1985,87.31659502713745,97.17561009681025,76.98000949772307
1,All Population,1,Deaths,367,Monaco,3,Both,228,55+ years,697,Falls,1,Number,1991,3.2134893384760836,4.466372167572958,2.4575417159196444
1,All Population,1,Deaths,367,Monaco,3,Both,228,55+ years,697,Falls,2,Percent,1991,0.006609930498079682,0.008954083311131065,0.004938148263815407
1,All Population,1,Deaths,367,Monaco,3,Both,228,55+ years,697,Falls,3,Rate,1991,29.073839049371557,40.40921623103604,22.2344513330944
1,All Population,1,Deaths,88,Malta,3,Both,228,55+ years,697,Falls,1,Number,1991,28.573132881207997,31.88031923910769,24.844278282513788
1,All Population,1,Deaths,88,Malta,3,Both,228,55+ years,697,Falls,2,Percent,1991,0.011390623954817191,0.01270457634228604,0.010058808957026105
1,All Population,1,Deaths,88,Malta,3,Both,228,55+ years,697,Falls,3,Rate,1991,38.411583463828244,42.85751752870798,33.39879014369417
1,All Population,1,Deaths,78,Denmark,3,Both,228,55+ years,697,Falls,1,Number,1992,1254.2718392767106,1376.4108746162526,1103.8821331980832
1,All Population,1,Deaths,78,Denmark,3,Both,228,55+ years,697,Falls,2,Percent,1992,0.023063688469321376,0.02528814381891846,0.020382942903106098
1,All Population,1,Deaths,78,Denmark,3,Both,228,55+ years,697,Falls,3,Rate,1992,96.36206588468677,105.74565355836693,84.80806115323698
1,All Population,1,Deaths,79,Finland,3,Both,228,55+ years,697,Falls,1,Number,1991,766.8435479378252,825.213961575633,692.9794664800887
1,All Population,1,Deaths,79,Finland,3,Both,228,55+ years,697,Falls,2,Percent,1991,0.017937711309443855,0.019249642110150855,0.016147382057852117
1,All Population,1,Deaths,79,Finland,3,Both,228,55+ years,697,Falls,3,Rate,1991,64.39443380654842,69.29599390621748,58.19181827055993
1,All Population,1,Deaths,396,San Marino,3,Both,228,55+ years,697,Falls,1,Number,1991,1.2494736163435873,1.6534357157307011,0.9332974458194264
1,All Population,1,Deaths,396,San Marino,3,Both,228,55+ years,697,Falls,2,Percent,1991,0.008150394318574042,0.01056924629756745,0.006086862358877122
1,All Population,1,Deaths,396,San Marino,3,Both,228,55+ years,697,Falls,3,Rate,1991,23.260099148775883,30.780224713002372,17.374189291476483
1,All Population,1,Deaths,396,San Marino,3,Both,228,55+ years,697,Falls,1,Number,1990,1.2534588620665654,1.6275731249049101,0.8989140488071989
1,All Population,1,Deaths,396,San Marino,3,Both,228,55+ years,697,Falls,2,Percent,1990,0.008157633874935682,0.010769994627104248,0.005993315904194671
1,All Population,1,Deaths,396,San Marino,3,Both,228,55+ years,697,Falls,3,Rate,1990,23.754175456948047,30.84397800998695,17.03523161572077
1,All Population,1,Deaths,80,France,3,Both,228,55+ years,697,Falls,1,Number,1988,11478.058302040212,12932.596274787335,10030.891970405111
1,All Population,1,Deaths,80,France,3,Both,228,55+ years,697,Falls,2,Percent,1988,0.025122772644224668,0.02837092865022718,0.021917253845848618
1,All Population,1,Deaths,80,France,3,Both,228,55+ years,697,Falls,3,Rate,1988,83.07066781817191,93.59766093699209,72.59702580926759
1,All Population,1,Deaths,396,San Marino,3,Both,228,55+ years,697,Falls,1,Number,1986,1.1897900028510153,1.5945498641355802,0.8095831574544682
1,All Population,1,Deaths,396,San Marino,3,Both,228,55+ years,697,Falls,2,Percent,1986,0.007889059292571844,0.010790225641943435,0.005440897356585518
1,All Population,1,Deaths,396,San Marino,3,Both,228,55+ years,697,Falls,3,Rate,1986,24.40803419968158,32.71151003425632,16.608253008753195
1,All Population,1,Deaths,81,Germany,3,Both,228,55+ years,697,Falls,1,Number,1984,9754.605869961992,10892.84984252856,8588.333852016856
1,All Population,1,Deaths,81,Germany,3,Both,228,55+ years,697,Falls,2,Percent,1984,0.011971034513317883,0.013362243165795313,0.010540846152085942
1,All Population,1,Deaths,81,Germany,3,Both,228,55+ years,697,Falls,3,Rate,1984,48.45080286382636,54.104422811259106,42.65796854736652
1,All Population,1,Deaths,91,Portugal,3,Both,228,55+ years,697,Falls,1,Number,1988,631.009172400581,700.7563589115806,558.2389801679074
1,All Population,1,Deaths,91,Portugal,3,Both,228,55+ years,697,Falls,2,Percent,1988,0.007616166278414645,0.00845753081001405,0.006751239555443353
1,All Population,1,Deaths,91,Portugal,3,Both,228,55+ years,697,Falls,3,Rate,1988,26.355720049649744,29.268890574479528,23.316285920432353
1,All Population,1,Deaths,91,Portugal,3,Both,228,55+ years,697,Falls,1,Number,1987,644.2638708837214,717.8363051999079,569.2378451052167
1,All Population,1,Deaths,91,Portugal,3,Both,228,55+ years,697,Falls,2,Percent,1987,0.007943647258865727,0.008855303818480556,0.007014037139707449
1,All Population,1,Deaths,91,Portugal,3,Both,228,55+ years,697,Falls,3,Rate,1987,27.33333150512989,30.454691909905208,24.15030149709394
1,All Population,1,Deaths,85,Israel,3,Both,228,55+ years,697,Falls,1,Number,1991,213.50458754493712,239.44289699572087,187.3826398313334
1,All Population,1,Deaths,85,Israel,3,Both,228,55+ years,697,Falls,2,Percent,1991,0.00798745204980439,0.008896035759642085,0.007072393244391532
1,All Population,1,Deaths,85,Israel,3,Both,228,55+ years,697,Falls,3,Rate,1991,25.455110587654726,28.547608707338203,22.34071817360525
1,All Population,1,Deaths,91,Portugal,3,Both,228,55+ years,697,Falls,1,Number,1985,743.0242501979042,822.0482471605894,657.1582467125631
1,All Population,1,Deaths,91,Portugal,3,Both,228,55+ years,697,Falls,2,Percent,1985,0.009115640967515631,0.010059172104376993,0.008056888073187678
1,All Population,1,Deaths,91,Portugal,3,Both,228,55+ years,697,Falls,3,Rate,1985,32.51541756341252,35.97357960602039,28.757843087096777
1,All Population,1,Deaths,91,Portugal,3,Both,228,55+ years,697,Falls,1,Number,1989,605.5701949283763,670.4244216421057,535.2643699621533
1,All Population,1,Deaths,91,Portugal,3,Both,228,55+ years,697,Falls,2,Percent,1989,0.0072588975918004344,0.008009139778076609,0.006396138129106792
1,All Population,1,Deaths,91,Portugal,3,Both,228,55+ years,697,Falls,3,Rate,1989,24.954719205926615,27.627273156753148,22.057512349864908
1,All Population,1,Deaths,91,Portugal,3,Both,228,55+ years,697,Falls,1,Number,1986,691.6702842240636,768.4328740377798,607.4947606121901
1,All Population,1,Deaths,91,Portugal,3,Both,228,55+ years,697,Falls,2,Percent,1986,0.008558604690813168,0.009521850316781297,0.007591210751917988
1,All Population,1,Deaths,91,Portugal,3,Both,228,55+ years,697,Falls,3,Rate,1986,29.795738186688844,33.10251322211996,26.16962915689229
1,All Population,1,Deaths,88,Malta,3,Both,228,55+ years,697,Falls,1,Number,1984,28.64699314211399,32.05901403763637,25.347478087445612
1,All Population,1,Deaths,88,Malta,3,Both,228,55+ years,697,Falls,2,Percent,1984,0.010964479849160946,0.012193672815528389,0.009747513095853455
1,All Population,1,Deaths,88,Malta,3,Both,228,55+ years,697,Falls,3,Rate,1984,43.47181491115081,48.64955695574509,38.4648004911196
1,All Population,1,Deaths,88,Malta,3,Both,228,55+ years,697,Falls,1,Number,1990,27.934954415996852,31.203102237446164,24.41125648521561
1,All Population,1,Deaths,88,Malta,3,Both,228,55+ years,697,Falls,2,Percent,1990,0.01138682017918838,0.01272011108487458,0.010009868821741586
1,All Population,1,Deaths,88,Malta,3,Both,228,55+ years,697,Falls,3,Rate,1990,38.39978780576443,42.89223053513792,33.55606224177617
1,All Population,1,Deaths,79,Finland,3,Both,228,55+ years,697,Falls,1,Number,1992,770.0453597777625,824.9592666392995,697.5488279985539
1,All Population,1,Deaths,79,Finland,3,Both,228,55+ years,697,Falls,2,Percent,1992,0.01777015090428385,0.019024215578340855,0.016102557210946
1,All Population,1,Deaths,79,Finland,3,Both,228,55+ years,697,Falls,3,Rate,1992,64.03586386767688,68.60242533003355,58.00715662212983
1,All Population,1,Deaths,91,Portugal,3,Both,228,55+ years,697,Falls,1,Number,1984,751.4680308196989,835.7673868980704,666.0003203024095
1,All Population,1,Deaths,91,Portugal,3,Both,228,55+ years,697,Falls,2,Percent,1984,0.009285726760448651,0.010312530776872062,0.008226104829245915
1,All Population,1,Deaths,91,Portugal,3,Both,228,55+ years,697,Falls,3,Rate,1984,33.37981559934421,37.12434876061538,29.58338474698538
1,All Population,1,Deaths,94,Switzerland,3,Both,228,55+ years,697,Falls,1,Number,1988,1527.6874364581406,1687.9956834588768,1325.3175984822478
1,All Population,1,Deaths,94,Switzerland,3,Both,228,55+ years,697,Falls,2,Percent,1988,0.028541828731528402,0.03152122812006218,0.024699765156970997
1,All Population,1,Deaths,94,Switzerland,3,Both,228,55+ years,697,Falls,3,Rate,1988,92.65851457703297,102.38165799436335,80.38421805894751
1,All Population,1,Deaths,74,Andorra,3,Both,228,55+ years,697,Falls,1,Number,1991,4.540916730624943,6.20793899899307,3.3274418217142907
1,All Population,1,Deaths,74,Andorra,3,Both,228,55+ years,697,Falls,2,Percent,1991,0.019263034635003434,0.02602201132547271,0.014077818934277734
1,All Population,1,Deaths,74,Andorra,3,Both,228,55+ years,697,Falls,3,Rate,1991,43.069482275013776,58.880779926722305,31.559970169666585
1,All Population,1,Deaths,90,Norway,3,Both,228,55+ years,697,Falls,1,Number,1992,827.8652782305862,928.3558550636847,713.9687776275763
1,All Population,1,Deaths,90,Norway,3,Both,228,55+ years,697,Falls,2,Percent,1992,0.02011697574575799,0.022619149382321166,0.017420566078560098
1,All Population,1,Deaths,90,Norway,3,Both,228,55+ years,697,Falls,3,Rate,1992,77.57607756356829,86.99266379783344,66.90327366982044
1,All Population,1,Deaths,367,Monaco,3,Both,228,55+ years,697,Falls,1,Number,1992,3.244044424025597,4.437091100036053,2.447882343277313
1,All Population,1,Deaths,367,Monaco,3,Both,228,55+ years,697,Falls,2,Percent,1992,0.006654856255697479,0.009046477067377531,0.0050303311088675026
1,All Population,1,Deaths,367,Monaco,3,Both,228,55+ years,697,Falls,3,Rate,1992,29.183968206583785,39.91681637715644,22.02156047882136
1,All Population,1,Deaths,81,Germany,3,Both,228,55+ years,697,Falls,1,Number,1991,11400.519999994405,12821.447496879051,9685.398143239838
1,All Population,1,Deaths,81,Germany,3,Both,228,55+ years,697,Falls,2,Percent,1991,0.014082360118034003,0.015868999111461043,0.011958843202107498
1,All Population,1,Deaths,81,Germany,3,Both,228,55+ years,697,Falls,3,Rate,1991,53.371496746975566,60.02356413317413,45.342159436178534
1,All Population,1,Deaths,95,United Kingdom,3,Both,228,55+ years,697,Falls,1,Number,1989,4280.340651473858,4703.304028470981,3750.3844830860594
1,All Population,1,Deaths,95,United Kingdom,3,Both,228,55+ years,697,Falls,2,Percent,1989,0.007131715697634553,0.007825643985047885,0.0062662926981924185
1,All Population,1,Deaths,95,United Kingdom,3,Both,228,55+ years,697,Falls,3,Rate,1989,28.798895250347623,31.64466828121122,25.233255638131116
1,All Population,1,Deaths,91,Portugal,3,Both,228,55+ years,697,Falls,1,Number,1991,632.4687148386697,696.6062886477059,561.0558928578861
1,All Population,1,Deaths,91,Portugal,3,Both,228,55+ years,697,Falls,2,Percent,1991,0.007062640389487868,0.0077763390841190175,0.006263773540524048
1,All Population,1,Deaths,91,Portugal,3,Both,228,55+ years,697,Falls,3,Rate,1991,25.3633761796184,27.935432905272528,22.499566120003422
1,All Population,1,Deaths,90,Norway,3,Both,228,55+ years,697,Falls,1,Number,1987,886.8214238965476,983.5137442423627,771.1799341120642
1,All Population,1,Deaths,90,Norway,3,Both,228,55+ years,697,Falls,2,Percent,1987,0.02182133529141432,0.024219150079951825,0.01906976796362943
1,All Population,1,Deaths,90,Norway,3,Both,228,55+ years,697,Falls,3,Rate,1987,81.33531379928627,90.20350304842808,70.72919107109297
1,All Population,1,Deaths,91,Portugal,3,Both,228,55+ years,697,Falls,1,Number,1990,627.5044908478789,690.1214442088013,553.3797396460807
1,All Population,1,Deaths,91,Portugal,3,Both,228,55+ years,697,Falls,2,Percent,1990,0.007119688252932938,0.007827277985780343,0.006287563838204337
1,All Population,1,Deaths,91,Portugal,3,Both,228,55+ years,697,Falls,3,Rate,1990,25.517740552151874,28.064085946224207,22.503425599434117
1,All Population,1,Deaths,94,Switzerland,3,Both,228,55+ years,697,Falls,1,Number,1992,1570.7709665933498,1736.998228332022,1350.357939295817
1,All Population,1,Deaths,94,Switzerland,3,Both,228,55+ years,697,Falls,2,Percent,1992,0.028543460622251347,0.031533558588422536,0.024491421234196117
1,All Population,1,Deaths,94,Switzerland,3,Both,228,55+ years,697,Falls,3,Rate,1992,91.5183609395293,101.20331620120115,78.67636206318264
1,All Population,1,Deaths,90,Norway,3,Both,228,55+ years,697,Falls,1,Number,1990,864.4196293399507,968.7357243485843,753.217693660701
1,All Population,1,Deaths,90,Norway,3,Both,228,55+ years,697,Falls,2,Percent,1990,0.02078028153076855,0.02340076275329136,0.0180959007621333
1,All Population,1,Deaths,90,Norway,3,Both,228,55+ years,697,Falls,3,Rate,1990,80.31245701254471,90.00437238759763,69.98078432046238
1,All Population,1,Deaths,81,Germany,3,Both,228,55+ years,697,Falls,1,Number,1988,9757.45631425897,10876.552584843086,8458.386062538108
1,All Population,1,Deaths,81,Germany,3,Both,228,55+ years,697,Falls,2,Percent,1988,0.012186345752788479,0.013595153713255226,0.010560083229916502
1,All Population,1,Deaths,81,Germany,3,Both,228,55+ years,697,Falls,3,Rate,1988,47.7011680099931,53.17208148407959,41.35041773878095
1,All Population,1,Deaths,87,Luxembourg,3,Both,228,55+ years,697,Falls,1,Number,1992,45.22234919758539,50.09828444197628,40.083039113638236
1,All Population,1,Deaths,87,Luxembourg,3,Both,228,55+ years,697,Falls,2,Percent,1992,0.013471727904383814,0.01504593322802805,0.012062415609515926
1,All Population,1,Deaths,87,Luxembourg,3,Both,228,55+ years,697,Falls,3,Rate,1992,47.678825302025416,52.81962114360267,42.260348110695915
1,All Population,1,Deaths,78,Denmark,3,Both,228,55+ years,697,Falls,1,Number,1994,1298.7571633653715,1419.8249378048026,1135.5106093754907
1,All Population,1,Deaths,78,Denmark,3,Both,228,55+ years,697,Falls,2,Percent,1994,0.023612139743662018,0.025664582193671265,0.02070040153948934
1,All Population,1,Deaths,78,Denmark,3,Both,228,55+ years,697,Falls,3,Rate,1994,99.41310093763728,108.68020892374845,86.91742691381529
1,All Population,1,Deaths,92,Spain,3,Both,228,55+ years,697,Falls,1,Number,1987,1396.9434034440494,1558.7033414880334,1242.6473910175357
1,All Population,1,Deaths,92,Spain,3,Both,228,55+ years,697,Falls,2,Percent,1987,0.005176560445475896,0.005773769897794053,0.004611378848127655
1,All Population,1,Deaths,92,Spain,3,Both,228,55+ years,697,Falls,3,Rate,1987,15.508782160842554,17.304631323586403,13.79579705413755
1,All Population,1,Deaths,367,Monaco,3,Both,228,55+ years,697,Falls,1,Number,1993,3.2843640724740513,4.520474818498059,2.4223299652635775
1,All Population,1,Deaths,367,Monaco,3,Both,228,55+ years,697,Falls,2,Percent,1993,0.006705078432761298,0.009340073809221385,0.004934508822354496
1,All Population,1,Deaths,367,Monaco,3,Both,228,55+ years,697,Falls,3,Rate,1993,29.326177058926866,40.36344387905608,21.62905082655849
1,All Population,1,Deaths,77,Cyprus,3,Both,228,55+ years,697,Falls,1,Number,1984,71.83166009385046,101.19457307031674,50.614355774539355
1,All Population,1,Deaths,77,Cyprus,3,Both,228,55+ years,697,Falls,2,Percent,1984,0.01179297053951614,0.016466313748324503,0.008297037083681165
1,All Population,1,Deaths,77,Cyprus,3,Both,228,55+ years,697,Falls,3,Rate,1984,54.35025942342338,76.56723082034334,38.296530573030296
1,All Population,1,Deaths,80,France,3,Both,228,55+ years,697,Falls,1,Number,1992,11111.338751289579,12589.037472530581,9655.482649097075
1,All Population,1,Deaths,80,France,3,Both,228,55+ years,697,Falls,2,Percent,1992,0.024457009044038695,0.02770582936039705,0.021267234126879024
1,All Population,1,Deaths,80,France,3,Both,228,55+ years,697,Falls,3,Rate,1992,77.51546697844566,87.8242613545647,67.35905215383468
1,All Population,1,Deaths,86,Italy,3,Both,228,55+ years,697,Falls,1,Number,1991,8066.301256546098,9169.468844128109,6744.345750127236
1,All Population,1,Deaths,86,Italy,3,Both,228,55+ years,697,Falls,2,Percent,1991,0.016245120923327735,0.018430292743403142,0.01360762308357938
1,All Population,1,Deaths,86,Italy,3,Both,228,55+ years,697,Falls,3,Rate,1991,52.240213890768466,59.3847165444325,43.678763454813506
1,All Population,1,Deaths,73,Western Europe,3,Both,228,55+ years,697,Falls,1,Number,1995,45867.46422847335,50964.65826661989,39882.528498688356
1,All Population,1,Deaths,73,Western Europe,3,Both,228,55+ years,697,Falls,2,Percent,1995,0.01317333009892664,0.014649926768611063,0.011454478658972827
1,All Population,1,Deaths,73,Western Europe,3,Both,228,55+ years,697,Falls,3,Rate,1995,44.54902543971225,49.499703021220625,38.73612388594113
1,All Population,1,Deaths,78,Denmark,3,Both,228,55+ years,697,Falls,1,Number,1993,1350.4477021906189,1471.7330179218075,1193.8479832106764
1,All Population,1,Deaths,78,Denmark,3,Both,228,55+ years,697,Falls,2,Percent,1993,0.02414878791120982,0.026326591180322816,0.021476429071721675
1,All Population,1,Deaths,78,Denmark,3,Both,228,55+ years,697,Falls,3,Rate,1993,103.54731938032593,112.84702739848093,91.53983394436159
1,All Population,1,Deaths,95,United Kingdom,3,Both,228,55+ years,697,Falls,1,Number,1988,4265.321013096694,4697.60823443398,3742.447571652758
1,All Population,1,Deaths,95,United Kingdom,3,Both,228,55+ years,697,Falls,2,Percent,1988,0.007214315549117723,0.007946003200230653,0.006327710865808114
1,All Population,1,Deaths,95,United Kingdom,3,Both,228,55+ years,697,Falls,3,Rate,1988,28.723572527642,31.634685974139526,25.20243234335635
1,All Population,1,Deaths,83,Iceland,3,Both,228,55+ years,697,Falls,1,Number,1989,18.455270461319618,20.698790282242502,16.012837201965773
1,All Population,1,Deaths,83,Iceland,3,Both,228,55+ years,697,Falls,2,Percent,1989,0.01209478111238415,0.013618783197773132,0.010511162282413753
1,All Population,1,Deaths,83,Iceland,3,Both,228,55+ years,697,Falls,3,Rate,1989,39.32180440589386,44.10196992901501,34.117823077088445
1,All Population,1,Deaths,79,Finland,3,Both,228,55+ years,697,Falls,1,Number,1994,789.6557309189762,852.5419676309126,715.5547623535741
1,All Population,1,Deaths,79,Finland,3,Both,228,55+ years,697,Falls,2,Percent,1994,0.018617973253531074,0.020029761626627864,0.01692707175650662
1,All Population,1,Deaths,79,Finland,3,Both,228,55+ years,697,Falls,3,Rate,1994,64.03357096001602,69.13304677362893,58.02468703370479
1,All Population,1,Deaths,88,Malta,3,Both,228,55+ years,697,Falls,1,Number,1992,27.799173160830872,31.42461580508248,24.352947550382034
1,All Population,1,Deaths,88,Malta,3,Both,228,55+ years,697,Falls,2,Percent,1992,0.011155226622789147,0.01248764455202613,0.009911659532254534
1,All Population,1,Deaths,88,Malta,3,Both,228,55+ years,697,Falls,3,Rate,1992,36.657201178521845,41.43786784089504,32.11285790694588
1,All Population,1,Deaths,92,Spain,3,Both,228,55+ years,697,Falls,1,Number,1989,1499.613456440628,1686.2144771669905,1325.8639553971796
1,All Population,1,Deaths,92,Spain,3,Both,228,55+ years,697,Falls,2,Percent,1989,0.005286269651844442,0.005941599751602878,0.004668148423533641
1,All Population,1,Deaths,92,Spain,3,Both,228,55+ years,697,Falls,3,Rate,1989,15.954073825156588,17.939283045393953,14.105589234126882
1,All Population,1,Deaths,94,Switzerland,3,Both,228,55+ years,697,Falls,1,Number,1984,1415.4454636748649,1554.2607999417792,1248.473862886856
1,All Population,1,Deaths,94,Switzerland,3,Both,228,55+ years,697,Falls,2,Percent,1984,0.027087776857011473,0.029675653315893488,0.023884814332348778
1,All Population,1,Deaths,94,Switzerland,3,Both,228,55+ years,697,Falls,3,Rate,1984,89.73060912426247,98.53065476267277,79.14562804963826
1,All Population,1,Deaths,95,United Kingdom,3,Both,228,55+ years,697,Falls,1,Number,1992,3994.096560718367,4450.673008727813,3471.460490684709
1,All Population,1,Deaths,95,United Kingdom,3,Both,228,55+ years,697,Falls,2,Percent,1992,0.0068863047178465775,0.007658310417111847,0.005975894858686479
1,All Population,1,Deaths,95,United Kingdom,3,Both,228,55+ years,697,Falls,3,Rate,1992,26.819744485729647,29.885585155243408,23.310323608131352
1,All Population,1,Deaths,76,Belgium,3,Both,228,55+ years,697,Falls,1,Number,1994,1232.6851593151716,1383.8449166009013,1064.8263961077691
1,All Population,1,Deaths,76,Belgium,3,Both,228,55+ years,697,Falls,2,Percent,1994,0.013228430140455143,0.014781130026072523,0.011418715797818807
1,All Population,1,Deaths,76,Belgium,3,Both,228,55+ years,697,Falls,3,Rate,1994,45.626177999653635,51.22115246672251,39.413112359147696
1,All Population,1,Deaths,94,Switzerland,3,Both,228,55+ years,697,Falls,1,Number,1994,1460.589407084323,1608.247755883778,1266.0133021940758
1,All Population,1,Deaths,94,Switzerland,3,Both,228,55+ years,697,Falls,2,Percent,1994,0.026496464381209065,0.02923830723838739,0.022909701075677517
1,All Population,1,Deaths,94,Switzerland,3,Both,228,55+ years,697,Falls,3,Rate,1994,83.41835302844964,91.85153500827742,72.3055665534083
1,All Population,1,Deaths,92,Spain,3,Both,228,55+ years,697,Falls,1,Number,1986,1405.5212933035134,1566.4980274445697,1250.2779872615176
1,All Population,1,Deaths,92,Spain,3,Both,228,55+ years,697,Falls,2,Percent,1986,0.00519465855132668,0.005778216790556752,0.004633653096434549
1,All Population,1,Deaths,92,Spain,3,Both,228,55+ years,697,Falls,3,Rate,1986,15.93125417199935,17.7558876938095,14.171607712824413
1,All Population,1,Deaths,82,Greece,3,Both,228,55+ years,697,Falls,1,Number,1991,382.8506195792183,422.18096629695094,347.73551462551507
1,All Population,1,Deaths,82,Greece,3,Both,228,55+ years,697,Falls,2,Percent,1991,0.004421797312920313,0.004886580026035995,0.004014980360519005
1,All Population,1,Deaths,82,Greece,3,Both,228,55+ years,697,Falls,3,Rate,1991,13.971270947511284,15.406543354950337,12.689824292944817
1,All Population,1,Deaths,92,Spain,3,Both,228,55+ years,697,Falls,1,Number,1985,1443.9761879434434,1608.1258458995376,1292.313579407548
1,All Population,1,Deaths,92,Spain,3,Both,228,55+ years,697,Falls,2,Percent,1985,0.00532435568566635,0.0059303433152416395,0.004764021373742328
1,All Population,1,Deaths,92,Spain,3,Both,228,55+ years,697,Falls,3,Rate,1985,16.735484940393274,18.637956845146388,14.977736216857771
1,All Population,1,Deaths,87,Luxembourg,3,Both,228,55+ years,697,Falls,1,Number,1987,50.4202818631251,56.14868720440804,45.13603348132149
1,All Population,1,Deaths,87,Luxembourg,3,Both,228,55+ years,697,Falls,2,Percent,1987,0.014308597523606038,0.015872567673939016,0.012802292706896944
1,All Population,1,Deaths,87,Luxembourg,3,Both,228,55+ years,697,Falls,3,Rate,1987,55.11525117186378,61.37706660669495,49.33895111847948
1,All Population,1,Deaths,74,Andorra,3,Both,228,55+ years,697,Falls,1,Number,1992,4.971505385084242,6.746006603995899,3.5793992610475556
1,All Population,1,Deaths,74,Andorra,3,Both,228,55+ years,697,Falls,2,Percent,1992,0.019659133359341593,0.02655988267675968,0.01432280785734081
1,All Population,1,Deaths,74,Andorra,3,Both,228,55+ years,697,Falls,3,Rate,1992,44.787312209296054,60.773443964401466,32.24610249990587
1,All Population,1,Deaths,75,Austria,3,Both,228,55+ years,697,Falls,1,Number,1991,1186.0796787790714,1294.6185878742965,1059.0797485394714
1,All Population,1,Deaths,75,Austria,3,Both,228,55+ years,697,Falls,2,Percent,1991,0.015977894646194882,0.01744909273228909,0.014244163516383775
1,All Population,1,Deaths,75,Austria,3,Both,228,55+ years,697,Falls,3,Rate,1991,61.06882570980082,66.65727296242662,54.52985809765639
1,All Population,1,Deaths,92,Spain,3,Both,228,55+ years,697,Falls,1,Number,1991,1642.7738655498833,1833.0662818911685,1448.4561886764152
1,All Population,1,Deaths,92,Spain,3,Both,228,55+ years,697,Falls,2,Percent,1991,0.0055638434680867965,0.006221942158207762,0.004903794226329092
1,All Population,1,Deaths,92,Spain,3,Both,228,55+ years,697,Falls,3,Rate,1991,16.879369858806744,18.834609191565075,14.882771296561247
1,All Population,1,Deaths,92,Spain,3,Both,228,55+ years,697,Falls,1,Number,1988,1428.1557303286265,1598.5162873524052,1260.581571691739
1,All Population,1,Deaths,92,Spain,3,Both,228,55+ years,697,Falls,2,Percent,1988,0.005135969312794283,0.00575178469633718,0.004517604110948034
1,All Population,1,Deaths,92,Spain,3,Both,228,55+ years,697,Falls,3,Rate,1988,15.509481630252857,17.35956273385348,13.6896602481086
1,All Population,1,Deaths,80,France,3,Both,228,55+ years,697,Falls,1,Number,1995,10947.927137454224,12356.257075259113,9367.212387031565
1,All Population,1,Deaths,80,France,3,Both,228,55+ years,697,Falls,2,Percent,1995,0.02358498782766859,0.02665479210613197,0.02016649280831275
1,All Population,1,Deaths,80,France,3,Both,228,55+ years,697,Falls,3,Rate,1995,74.86193086872721,84.49209163985782,64.05300266856784
1,All Population,1,Deaths,73,Western Europe,3,Both,228,55+ years,697,Falls,1,Number,1993,47322.80567833883,52548.03827578819,41093.53941105477
1,All Population,1,Deaths,73,Western Europe,3,Both,228,55+ years,697,Falls,2,Percent,1993,0.01355318796167098,0.015049902769742966,0.01177316711803998
1,All Population,1,Deaths,73,Western Europe,3,Both,228,55+ years,697,Falls,3,Rate,1993,47.05365947219314,52.249173807809235,40.859821860477524
1,All Population,1,Deaths,82,Greece,3,Both,228,55+ years,697,Falls,1,Number,1988,618.7820813406136,685.4760982227846,554.6973081085862
1,All Population,1,Deaths,82,Greece,3,Both,228,55+ years,697,Falls,2,Percent,1988,0.007427666657482991,0.008194307988103472,0.006676713690963914
1,All Population,1,Deaths,82,Greece,3,Both,228,55+ years,697,Falls,3,Rate,1988,23.950689744530372,26.53216027241085,21.47021306733971
1,All Population,1,Deaths,78,Denmark,3,Both,228,55+ years,697,Falls,1,Number,1987,1177.383922226493,1295.5846996515054,1032.7576230617185
1,All Population,1,Deaths,78,Denmark,3,Both,228,55+ years,697,Falls,2,Percent,1987,0.022831160267561525,0.02504994004537065,0.020013828967211458
1,All Population,1,Deaths,78,Denmark,3,Both,228,55+ years,697,Falls,3,Rate,1987,90.58815721395855,99.68254894638564,79.46058049179975
1,All Population,1,Deaths,78,Denmark,3,Both,228,55+ years,697,Falls,1,Number,1995,1354.7503762581048,1469.3275232095077,1190.040756756865
1,All Population,1,Deaths,78,Denmark,3,Both,228,55+ years,697,Falls,2,Percent,1995,0.02422691525886544,0.0262607665136061,0.021273254026163854
1,All Population,1,Deaths,78,Denmark,3,Both,228,55+ years,697,Falls,3,Rate,1995,103.32362269920704,112.06215203201077,90.76160767524239
1,All Population,1,Deaths,367,Monaco,3,Both,228,55+ years,697,Falls,1,Number,1994,3.3190932228951238,4.618440854667224,2.39401889722119
1,All Population,1,Deaths,367,Monaco,3,Both,228,55+ years,697,Falls,2,Percent,1994,0.006761624324346404,0.0094175446594795,0.004945172190914675
1,All Population,1,Deaths,367,Monaco,3,Both,228,55+ years,697,Falls,3,Rate,1994,29.418676899148252,40.93540318303203,21.219310124219056
1,All Population,1,Deaths,80,France,3,Both,228,55+ years,697,Falls,1,Number,1993,11273.443521532592,12707.276395463956,9708.08344862686
1,All Population,1,Deaths,80,France,3,Both,228,55+ years,697,Falls,2,Percent,1993,0.024332084184595763,0.02746531416763862,0.02098453810153637
1,All Population,1,Deaths,80,France,3,Both,228,55+ years,697,Falls,3,Rate,1993,78.03852237726507,87.96399001311487,67.20257976180739
1,All Population,1,Deaths,82,Greece,3,Both,228,55+ years,697,Falls,1,Number,1984,838.7839753403708,932.7295487053638,748.0880871781036
1,All Population,1,Deaths,82,Greece,3,Both,228,55+ years,697,Falls,2,Percent,1984,0.01065091286188256,0.011822308754232872,0.009524994368933013
1,All Population,1,Deaths,82,Greece,3,Both,228,55+ years,697,Falls,3,Rate,1984,35.4691071274505,39.44172189334485,31.63390966562331
1,All Population,1,Deaths,81,Germany,3,Both,228,55+ years,697,Falls,1,Number,1992,10880.561842186029,12216.950162325167,9249.757126147153
1,All Population,1,Deaths,81,Germany,3,Both,228,55+ years,697,Falls,2,Percent,1992,0.013796640229839263,0.01552841227457589,0.011730089082935708
1,All Population,1,Deaths,81,Germany,3,Both,228,55+ years,697,Falls,3,Rate,1992,50.18907034929934,56.35346593716263,42.66661206025202
1,All Population,1,Deaths,87,Luxembourg,3,Both,228,55+ years,697,Falls,1,Number,1994,44.29120849750318,49.89484887597085,39.03799107555871
1,All Population,1,Deaths,87,Luxembourg,3,Both,228,55+ years,697,Falls,2,Percent,1994,0.013391946621051847,0.015019349938937996,0.0119251945487048
1,All Population,1,Deaths,87,Luxembourg,3,Both,228,55+ years,697,Falls,3,Rate,1994,45.8904573451136,51.6964316792735,40.44755889631785
1,All Population,1,Deaths,93,Sweden,3,Both,228,55+ years,697,Falls,1,Number,1987,1189.596464405079,1309.2845319388884,1058.711821037882
1,All Population,1,Deaths,93,Sweden,3,Both,228,55+ years,697,Falls,2,Percent,1987,0.01382051330971044,0.015222745594220164,0.012324694151501376
1,All Population,1,Deaths,93,Sweden,3,Both,228,55+ years,697,Falls,3,Rate,1987,50.12804372831666,55.17154281612961,44.61273553567071
1,All Population,1,Deaths,79,Finland,3,Both,228,55+ years,697,Falls,1,Number,1993,799.443615153681,858.502188432522,725.6703936435022
1,All Population,1,Deaths,79,Finland,3,Both,228,55+ years,697,Falls,2,Percent,1993,0.01815161275396057,0.019450907549129374,0.01647224459694241
1,All Population,1,Deaths,79,Finland,3,Both,228,55+ years,697,Falls,3,Rate,1993,65.61441417033056,70.46165244201504,59.55946968257221
1,All Population,1,Deaths,92,Spain,3,Both,228,55+ years,697,Falls,1,Number,1984,1674.4684330057905,1859.9438160466482,1484.2710687394547
1,All Population,1,Deaths,92,Spain,3,Both,228,55+ years,697,Falls,2,Percent,1984,0.006438843377053726,0.007137793537961336,0.005714325799267307
1,All Population,1,Deaths,92,Spain,3,Both,228,55+ years,697,Falls,3,Rate,1984,19.83559744722695,22.032721598301293,17.58253714537436
1,All Population,1,Deaths,92,Spain,3,Both,228,55+ years,697,Falls,1,Number,1990,1578.3158291400682,1768.279993922979,1390.909015065629
1,All Population,1,Deaths,92,Spain,3,Both,228,55+ years,697,Falls,2,Percent,1990,0.005415119491943844,0.0060579789985595175,0.004767292755087147
1,All Population,1,Deaths,92,Spain,3,Both,228,55+ years,697,Falls,3,Rate,1990,16.49282750788245,18.4778840755217,14.534494326864065
1,All Population,1,Deaths,79,Finland,3,Both,228,55+ years,697,Falls,1,Number,1995,809.6362172549696,875.0600805904006,726.0134165272331
1,All Population,1,Deaths,79,Finland,3,Both,228,55+ years,697,Falls,2,Percent,1995,0.018910416214138918,0.02040643936366955,0.01698185471223633
1,All Population,1,Deaths,79,Finland,3,Both,228,55+ years,697,Falls,3,Rate,1995,65.19953745524114,70.46808342329007,58.46544155888229
1,All Population,1,Deaths,81,Germany,3,Both,228,55+ years,697,Falls,1,Number,1995,9455.570469127462,10698.637805839096,8177.5698058853395
1,All Population,1,Deaths,81,Germany,3,Both,228,55+ years,697,Falls,2,Percent,1995,0.011885074579893726,0.013441044919710578,0.010277986013623399
1,All Population,1,Deaths,81,Germany,3,Both,228,55+ years,697,Falls,3,Rate,1995,40.773577205835885,46.13383571069812,35.26268192120474
1,All Population,1,Deaths,94,Switzerland,3,Both,228,55+ years,697,Falls,1,Number,1993,1554.4702694151702,1705.1845744362001,1342.6139025565344
1,All Population,1,Deaths,94,Switzerland,3,Both,228,55+ years,697,Falls,2,Percent,1993,0.028119135274051972,0.030958750075697337,0.024232423069115674
1,All Population,1,Deaths,94,Switzerland,3,Both,228,55+ years,697,Falls,3,Rate,1993,89.65514707014503,98.34769876965028,77.43618469937964
1,All Population,1,Deaths,76,Belgium,3,Both,228,55+ years,697,Falls,1,Number,1993,1282.8445817526688,1440.873419447217,1106.8940454310125
1,All Population,1,Deaths,76,Belgium,3,Both,228,55+ years,697,Falls,2,Percent,1993,0.013455382992934237,0.015065505186398749,0.011621837994808341
1,All Population,1,Deaths,76,Belgium,3,Both,228,55+ years,697,Falls,3,Rate,1993,47.84114842672686,53.73452100465746,41.279421586499645
1,All Population,1,Deaths,79,Finland,3,Both,228,55+ years,697,Falls,1,Number,1987,669.5480408324629,725.3387923182653,602.3742627688778
1,All Population,1,Deaths,79,Finland,3,Both,228,55+ years,697,Falls,2,Percent,1987,0.016089404358462137,0.01736101197160611,0.014538556859827023
1,All Population,1,Deaths,79,Finland,3,Both,228,55+ years,697,Falls,3,Rate,1987,57.99398401785173,62.82638998828624,52.175618831397394
1,All Population,1,Deaths,88,Malta,3,Both,228,55+ years,697,Falls,1,Number,1987,23.07976526604344,25.753097777134478,20.29312867568559
1,All Population,1,Deaths,88,Malta,3,Both,228,55+ years,697,Falls,2,Percent,1987,0.009122990468784826,0.010238397595856886,0.008092051813777352
1,All Population,1,Deaths,88,Malta,3,Both,228,55+ years,697,Falls,3,Rate,1987,33.43178871213032,37.30419757928457,29.39525521049194
1,All Population,1,Deaths,88,Malta,3,Both,228,55+ years,697,Falls,1,Number,1994,26.39083434604574,29.912089214858344,23.17456095669159
1,All Population,1,Deaths,88,Malta,3,Both,228,55+ years,697,Falls,2,Percent,1994,0.010898310660735723,0.012218576522119431,0.00951479925633542
1,All Population,1,Deaths,88,Malta,3,Both,228,55+ years,697,Falls,3,Rate,1994,33.44573334269775,37.9083035604381,29.36967342253569
1,All Population,1,Deaths,77,Cyprus,3,Both,228,55+ years,697,Falls,1,Number,1994,79.97314512426772,107.84200002291952,59.05784121839655
1,All Population,1,Deaths,77,Cyprus,3,Both,228,55+ years,697,Falls,2,Percent,1994,0.013383896704809784,0.017905856757020767,0.00997425338969321
1,All Population,1,Deaths,77,Cyprus,3,Both,228,55+ years,697,Falls,3,Rate,1994,52.5343964010622,70.84146020622426,38.79512349223294
1,All Population,1,Deaths,95,United Kingdom,3,Both,228,55+ years,697,Falls,1,Number,1994,4145.743137070351,4597.115320332478,3616.0373064097707
1,All Population,1,Deaths,95,United Kingdom,3,Both,228,55+ years,697,Falls,2,Percent,1994,0.007229208794906354,0.008023964862938493,0.006302691261136966
1,All Population,1,Deaths,95,United Kingdom,3,Both,228,55+ years,697,Falls,3,Rate,1994,27.724409101436127,30.742933561832572,24.182033062425678
1,All Population,1,Deaths,85,Israel,3,Both,228,55+ years,697,Falls,1,Number,1984,189.4191282465385,209.87422196418626,167.4147077386795
1,All Population,1,Deaths,85,Israel,3,Both,228,55+ years,697,Falls,2,Percent,1984,0.008150945372216823,0.009032176973962714,0.007234142906544112
1,All Population,1,Deaths,85,Israel,3,Both,228,55+ years,697,Falls,3,Rate,1984,27.26257938010962,30.206625323976137,24.095543049818723
1,All Population,1,Deaths,73,Western Europe,3,Both,228,55+ years,697,Falls,1,Number,1997,45859.209299988026,50806.54545208818,39514.275143390136
1,All Population,1,Deaths,73,Western Europe,3,Both,228,55+ years,697,Falls,2,Percent,1997,0.01319568026729555,0.014606626185422019,0.01137715946701696
1,All Population,1,Deaths,73,Western Europe,3,Both,228,55+ years,697,Falls,3,Rate,1997,43.670280411209106,48.38147278344185,37.62819948485177
1,All Population,1,Deaths,82,Greece,3,Both,228,55+ years,697,Falls,1,Number,1998,361.3475782531528,393.9041414425865,324.59363788549126
1,All Population,1,Deaths,82,Greece,3,Both,228,55+ years,697,Falls,2,Percent,1998,0.003884603616731077,0.004237683576200172,0.003491152458261408
1,All Population,1,Deaths,82,Greece,3,Both,228,55+ years,697,Falls,3,Rate,1998,12.07739220464471,13.16553671186657,10.848957922527035
1,All Population,1,Deaths,73,Western Europe,3,Both,228,55+ years,697,Falls,1,Number,1998,46559.276636710165,51418.57827382718,40058.73135811196
1,All Population,1,Deaths,73,Western Europe,3,Both,228,55+ years,697,Falls,2,Percent,1998,0.013272389750527925,0.014665261748816676,0.011420632522864512
1,All Population,1,Deaths,73,Western Europe,3,Both,228,55+ years,697,Falls,3,Rate,1998,43.913465348474936,48.49662877956391,37.78232477974799
1,All Population,1,Deaths,80,France,3,Both,228,55+ years,697,Falls,1,Number,1997,11020.320081627988,12381.020886806531,9398.636092945946
1,All Population,1,Deaths,80,France,3,Both,228,55+ years,697,Falls,2,Percent,1997,0.023591376615689923,0.026509287255730977,0.020159897235974302
1,All Population,1,Deaths,80,France,3,Both,228,55+ years,697,Falls,3,Rate,1997,74.52822887167213,83.73037729232254,63.561103182872095
1,All Population,1,Deaths,82,Greece,3,Both,228,55+ years,697,Falls,1,Number,1992,363.7166398778203,400.90975122726417,327.92221457230943
1,All Population,1,Deaths,82,Greece,3,Both,228,55+ years,697,Falls,2,Percent,1992,0.004110606593828389,0.004517476124811085,0.003714732618885087
1,All Population,1,Deaths,82,Greece,3,Both,228,55+ years,697,Falls,3,Rate,1992,13.059381972477281,14.394814544438876,11.77416974598415
1,All Population,1,Deaths,81,Germany,3,Both,228,55+ years,697,Falls,1,Number,1993,10696.09492783526,12158.903834570265,9121.407233026883
1,All Population,1,Deaths,81,Germany,3,Both,228,55+ years,697,Falls,2,Percent,1993,0.013345891362410522,0.015144338951651433,0.011388211340157559
1,All Population,1,Deaths,81,Germany,3,Both,228,55+ years,697,Falls,3,Rate,1993,48.30171084852527,54.90750233751881,41.190694143407185
1,All Population,1,Deaths,367,Monaco,3,Both,228,55+ years,697,Falls,1,Number,1995,3.35437547718318,4.6385586910757475,2.4648491472477043
1,All Population,1,Deaths,367,Monaco,3,Both,228,55+ years,697,Falls,2,Percent,1995,0.0068003084045556985,0.009524199052645507,0.004917011506264437
1,All Population,1,Deaths,367,Monaco,3,Both,228,55+ years,697,Falls,3,Rate,1995,29.545706665776287,40.85693309253435,21.710661306504804
1,All Population,1,Deaths,93,Sweden,3,Both,228,55+ years,697,Falls,1,Number,1985,1208.6995550599236,1332.1269021038192,1078.0485463920431
1,All Population,1,Deaths,93,Sweden,3,Both,228,55+ years,697,Falls,2,Percent,1985,0.014083237477386802,0.015565159862686929,0.012565072890436388
1,All Population,1,Deaths,93,Sweden,3,Both,228,55+ years,697,Falls,3,Rate,1985,50.94364708800288,56.145799419812946,45.43703558193836
1,All Population,1,Deaths,93,Sweden,3,Both,228,55+ years,697,Falls,1,Number,1986,1175.496359284345,1297.1720917434,1047.808613411004
1,All Population,1,Deaths,93,Sweden,3,Both,228,55+ years,697,Falls,2,Percent,1986,0.013711874927824481,0.015116759909589784,0.012217189858114678
1,All Population,1,Deaths,93,Sweden,3,Both,228,55+ years,697,Falls,3,Rate,1986,49.53493012958487,54.662295142858696,44.154221358958914
1,All Population,1,Deaths,87,Luxembourg,3,Both,228,55+ years,697,Falls,1,Number,1995,44.70791018541331,49.97835589630568,39.54730082186507
1,All Population,1,Deaths,87,Luxembourg,3,Both,228,55+ years,697,Falls,2,Percent,1995,0.013566200120899827,0.015265060028660377,0.012008631229907205
1,All Population,1,Deaths,87,Luxembourg,3,Both,228,55+ years,697,Falls,3,Rate,1995,45.83372515000293,51.23688891071626,40.54316358730716
1,All Population,1,Deaths,93,Sweden,3,Both,228,55+ years,697,Falls,1,Number,1989,1198.8227143258791,1323.1814260334124,1060.4478580363761
1,All Population,1,Deaths,93,Sweden,3,Both,228,55+ years,697,Falls,2,Percent,1989,0.014025247030891598,0.01552776524320206,0.01244217160628455
1,All Population,1,Deaths,93,Sweden,3,Both,228,55+ years,697,Falls,3,Rate,1989,50.66324551861498,55.918748161606096,44.81540894192792
1,All Population,1,Deaths,75,Austria,3,Both,228,55+ years,697,Falls,1,Number,1992,1121.517599471774,1218.0754988546732,1010.4164377378636
1,All Population,1,Deaths,75,Austria,3,Both,228,55+ years,697,Falls,2,Percent,1992,0.01519999959976235,0.016455458848090212,0.01368749169744908
1,All Population,1,Deaths,75,Austria,3,Both,228,55+ years,697,Falls,3,Rate,1992,57.766284229516735,62.7397158216601,52.043769228438464
1,All Population,1,Deaths,93,Sweden,3,Both,228,55+ years,697,Falls,1,Number,1991,1279.9501246791299,1423.8805054223806,1134.2846839236663
1,All Population,1,Deaths,93,Sweden,3,Both,228,55+ years,697,Falls,2,Percent,1991,0.014679179088480142,0.016342992025354497,0.0129748739114436
1,All Population,1,Deaths,93,Sweden,3,Both,228,55+ years,697,Falls,3,Rate,1991,54.07242504327485,60.15286878411239,47.918682428796075
1,All Population,1,Deaths,92,Spain,3,Both,228,55+ years,697,Falls,1,Number,1994,1740.1636311083753,1945.105348860793,1527.0833352515403
1,All Population,1,Deaths,92,Spain,3,Both,228,55+ years,697,Falls,2,Percent,1994,0.005832710853965693,0.0065007553622128565,0.0051404853722766064
1,All Population,1,Deaths,92,Spain,3,Both,228,55+ years,697,Falls,3,Rate,1994,17.215317068552782,19.242791145478826,15.107328607777976
1,All Population,1,Deaths,87,Luxembourg,3,Both,228,55+ years,697,Falls,1,Number,1993,45.520878275206826,50.56872385181181,40.184711674339006
1,All Population,1,Deaths,87,Luxembourg,3,Both,228,55+ years,697,Falls,2,Percent,1993,0.013601923234948507,0.015199493906469337,0.012101136163573294
1,All Population,1,Deaths,87,Luxembourg,3,Both,228,55+ years,697,Falls,3,Rate,1993,47.61676850328493,52.89702897647631,42.03491201553619
1,All Population,1,Deaths,77,Cyprus,3,Both,228,55+ years,697,Falls,1,Number,1995,81.19002092159812,107.72743098997773,61.112124006182874
1,All Population,1,Deaths,77,Cyprus,3,Both,228,55+ years,697,Falls,2,Percent,1995,0.01337731823773891,0.018235992159280564,0.010011965052654108
1,All Population,1,Deaths,77,Cyprus,3,Both,228,55+ years,697,Falls,3,Rate,1995,52.01102905674918,69.011123286189,39.148954777023484
1,All Population,1,Deaths,396,San Marino,3,Both,228,55+ years,697,Falls,1,Number,1993,1.2931741095809561,1.6897140234536632,0.9799201382052044
1,All Population,1,Deaths,396,San Marino,3,Both,228,55+ years,697,Falls,2,Percent,1993,0.00826974633984063,0.010774255013126925,0.006201592342078924
1,All Population,1,Deaths,396,San Marino,3,Both,228,55+ years,697,Falls,3,Rate,1993,23.12798296970536,30.21996564002674,17.525541301956064
1,All Population,1,Deaths,396,San Marino,3,Both,228,55+ years,697,Falls,1,Number,1992,1.2471050331916422,1.6396122086165577,0.9120834549995993
1,All Population,1,Deaths,396,San Marino,3,Both,228,55+ years,697,Falls,2,Percent,1992,0.008147159972581898,0.010636990681375424,0.006066382236623323
1,All Population,1,Deaths,396,San Marino,3,Both,228,55+ years,697,Falls,3,Rate,1992,22.79738714457018,29.972514978256406,16.673110185890618
1,All Population,1,Deaths,94,Switzerland,3,Both,228,55+ years,697,Falls,1,Number,1995,1226.3951208802364,1366.647463315409,1054.5680631874907
1,All Population,1,Deaths,94,Switzerland,3,Both,228,55+ years,697,Falls,2,Percent,1995,0.021905463752140815,0.024377893168900575,0.01878371579840197
1,All Population,1,Deaths,94,Switzerland,3,Both,228,55+ years,697,Falls,3,Rate,1995,69.26878074431896,77.1904599744566,59.563710508294626
1,All Population,1,Deaths,95,United Kingdom,3,Both,228,55+ years,697,Falls,1,Number,1984,4554.060348354999,5074.362894297201,3989.172472433729
1,All Population,1,Deaths,95,United Kingdom,3,Both,228,55+ years,697,Falls,2,Percent,1984,0.007778718678421404,0.008654742512207506,0.006815138381685857
1,All Population,1,Deaths,95,United Kingdom,3,Both,228,55+ years,697,Falls,3,Rate,1984,30.81690295329394,34.33774190538302,26.99435921865806
1,All Population,1,Deaths,82,Greece,3,Both,228,55+ years,697,Falls,1,Number,1995,387.9099445548367,422.7841621283472,350.0728343394388
1,All Population,1,Deaths,82,Greece,3,Both,228,55+ years,697,Falls,2,Percent,1995,0.0042764542345843275,0.004654457129359256,0.003850490149971635
1,All Population,1,Deaths,82,Greece,3,Both,228,55+ years,697,Falls,3,Rate,1995,13.351128386825275,14.551433155367231,12.048846443906893
1,All Population,1,Deaths,73,Western Europe,3,Both,228,55+ years,697,Falls,1,Number,1994,45615.39135336076,50705.24317448515,39625.953960530074
1,All Population,1,Deaths,73,Western Europe,3,Both,228,55+ years,697,Falls,2,Percent,1994,0.013275546274884595,0.01475548651584344,0.011527332152804702
1,All Population,1,Deaths,73,Western Europe,3,Both,228,55+ years,697,Falls,3,Rate,1994,44.85199732995761,49.85666819910566,38.96279585692461
1,All Population,1,Deaths,83,Iceland,3,Both,228,55+ years,697,Falls,1,Number,1991,17.76509362546417,20.101948903365738,15.42991348103725
1,All Population,1,Deaths,83,Iceland,3,Both,228,55+ years,697,Falls,2,Percent,1991,0.011506746305864618,0.013020720340479219,0.00993882477489687
1,All Population,1,Deaths,83,Iceland,3,Both,228,55+ years,697,Falls,3,Rate,1991,36.969221161454634,41.83222506182383,32.10970321962896
1,All Population,1,Deaths,78,Denmark,3,Both,228,55+ years,697,Falls,1,Number,1997,1425.2337845378536,1566.0888187535202,1236.7772961995927
1,All Population,1,Deaths,78,Denmark,3,Both,228,55+ years,697,Falls,2,Percent,1997,0.02666724428491312,0.02923639014831557,0.023141670651159733
1,All Population,1,Deaths,78,Denmark,3,Both,228,55+ years,697,Falls,3,Rate,1997,107.6880761389256,118.33082669236273,93.44864616945854
1,All Population,1,Deaths,75,Austria,3,Both,228,55+ years,697,Falls,1,Number,1994,968.5954314497708,1046.7437684085717,874.805162964752
1,All Population,1,Deaths,75,Austria,3,Both,228,55+ years,697,Falls,2,Percent,1994,0.013535729462645167,0.014550587801720636,0.012304515679563132
1,All Population,1,Deaths,75,Austria,3,Both,228,55+ years,697,Falls,3,Rate,1994,49.54773075204492,53.54534692142861,44.749963986717496
1,All Population,1,Deaths,88,Malta,3,Both,228,55+ years,697,Falls,1,Number,1995,26.2583169766418,29.652198622283056,22.814094221035937
1,All Population,1,Deaths,88,Malta,3,Both,228,55+ years,697,Falls,2,Percent,1995,0.01072750997157252,0.012084652425567093,0.00935259767256171
1,All Population,1,Deaths,88,Malta,3,Both,228,55+ years,697,Falls,3,Rate,1995,32.779915056990724,37.01671180815206,28.480274319675143
1,All Population,1,Deaths,78,Denmark,3,Both,228,55+ years,697,Falls,1,Number,1996,1353.2142082973874,1472.2544488319131,1175.7238551442374
1,All Population,1,Deaths,78,Denmark,3,Both,228,55+ years,697,Falls,2,Percent,1996,0.024780279605180117,0.02694584918566081,0.02165149215703183
1,All Population,1,Deaths,78,Denmark,3,Both,228,55+ years,697,Falls,3,Rate,1996,102.86498225539854,111.91386169752992,89.37300004322915
1,All Population,1,Deaths,87,Luxembourg,3,Both,228,55+ years,697,Falls,1,Number,1997,47.141189257843294,52.656870830497844,41.68572587341968
1,All Population,1,Deaths,87,Luxembourg,3,Both,228,55+ years,697,Falls,2,Percent,1997,0.014188632025021089,0.01582600565331157,0.012592847603326188
1,All Population,1,Deaths,87,Luxembourg,3,Both,228,55+ years,697,Falls,3,Rate,1997,47.493178545040195,53.05004407710961,41.99698083256413
1,All Population,1,Deaths,93,Sweden,3,Both,228,55+ years,697,Falls,1,Number,1988,1221.454036163367,1349.2628506059662,1091.321084611806
1,All Population,1,Deaths,93,Sweden,3,Both,228,55+ years,697,Falls,2,Percent,1988,0.013919700630764571,0.015362479701627494,0.012414687296791193
1,All Population,1,Deaths,93,Sweden,3,Both,228,55+ years,697,Falls,3,Rate,1988,51.51405437669722,56.90431059763351,46.02577913755384
1,All Population,1,Deaths,85,Israel,3,Both,228,55+ years,697,Falls,1,Number,1987,219.15380465549634,244.11841368333376,192.9896618011397
1,All Population,1,Deaths,85,Israel,3,Both,228,55+ years,697,Falls,2,Percent,1987,0.008800766267429875,0.009810815155078107,0.007768748541575995
1,All Population,1,Deaths,85,Israel,3,Both,228,55+ years,697,Falls,3,Rate,1987,29.078486349770063,32.390922763933425,25.6068894407416
1,All Population,1,Deaths,76,Belgium,3,Both,228,55+ years,697,Falls,1,Number,1987,1198.1916279266284,1337.3864086634508,1047.3193296108245
1,All Population,1,Deaths,76,Belgium,3,Both,228,55+ years,697,Falls,2,Percent,1987,0.01251560342172967,0.013923579134786512,0.010895196095854924
1,All Population,1,Deaths,76,Belgium,3,Both,228,55+ years,697,Falls,3,Rate,1987,46.74162540633121,52.171633552002696,40.856075643083
1,All Population,1,Deaths,93,Sweden,3,Both,228,55+ years,697,Falls,1,Number,1990,1233.6245975987001,1365.1469982079893,1096.8239208445275
1,All Population,1,Deaths,93,Sweden,3,Both,228,55+ years,697,Falls,2,Percent,1990,0.014193186956492843,0.015775031917861566,0.012562241547923394
1,All Population,1,Deaths,93,Sweden,3,Both,228,55+ years,697,Falls,3,Rate,1990,52.135536450760554,57.693946135849934,46.354055858294274
1,All Population,1,Deaths,89,Netherlands,3,Both,228,55+ years,697,Falls,1,Number,1984,1376.3413629589786,1543.0448578615628,1198.3551531086182
1,All Population,1,Deaths,89,Netherlands,3,Both,228,55+ years,697,Falls,2,Percent,1984,0.012951174113450087,0.014565935238614004,0.011299091934462583
1,All Population,1,Deaths,89,Netherlands,3,Both,228,55+ years,697,Falls,3,Rate,1984,44.77077537101954,50.19344515680722,38.98109205930239
1,All Population,1,Deaths,81,Germany,3,Both,228,55+ years,697,Falls,1,Number,1997,8568.069497889983,9560.258057451156,7424.847693368875
1,All Population,1,Deaths,81,Germany,3,Both,228,55+ years,697,Falls,2,Percent,1997,0.011000459558668508,0.012284984039568216,0.00954309257003325
1,All Population,1,Deaths,81,Germany,3,Both,228,55+ years,697,Falls,3,Rate,1997,35.96027716361048,40.12450291004844,31.162163310754128
1,All Population,1,Deaths,89,Netherlands,3,Both,228,55+ years,697,Falls,1,Number,1998,1574.793943955905,1768.2957895229124,1365.223660550466
1,All Population,1,Deaths,89,Netherlands,3,Both,228,55+ years,697,Falls,2,Percent,1998,0.01275339494678109,0.01431261284675254,0.01104118925830596
1,All Population,1,Deaths,89,Netherlands,3,Both,228,55+ years,697,Falls,3,Rate,1998,43.59673758563177,48.95366013152932,37.79497495729568
1,All Population,1,Deaths,80,France,3,Both,228,55+ years,697,Falls,1,Number,1998,11478.276188670336,12892.926371939926,9840.057317276563
1,All Population,1,Deaths,80,France,3,Both,228,55+ years,697,Falls,2,Percent,1998,0.024509205314455666,0.027499793914367597,0.020980636144377274
1,All Population,1,Deaths,80,France,3,Both,228,55+ years,697,Falls,3,Rate,1998,77.2413740674933,86.761054739442,66.21722073908208
1,All Population,1,Deaths,82,Greece,3,Both,228,55+ years,697,Falls,1,Number,1993,396.10572156627154,434.6106009976024,353.50567267186904
1,All Population,1,Deaths,82,Greece,3,Both,228,55+ years,697,Falls,2,Percent,1993,0.004482246593041725,0.0049177266245744485,0.004029578422900909
1,All Population,1,Deaths,82,Greece,3,Both,228,55+ years,697,Falls,3,Rate,1993,14.030408740448717,15.394285017688704,12.521478003502596
1,All Population,1,Deaths,95,United Kingdom,3,Both,228,55+ years,697,Falls,1,Number,1993,4226.544090586703,4691.960267962957,3676.0637157427655
1,All Population,1,Deaths,95,United Kingdom,3,Both,228,55+ years,697,Falls,2,Percent,1993,0.007046942398480187,0.007815512857731844,0.006136489503279992
1,All Population,1,Deaths,95,United Kingdom,3,Both,228,55+ years,697,Falls,3,Rate,1993,28.290775682213145,31.40608322208954,24.606082829521625
1,All Population,1,Deaths,396,San Marino,3,Both,228,55+ years,697,Falls,1,Number,1994,1.3515561700833465,1.7472018904258113,1.041374094131284
1,All Population,1,Deaths,396,San Marino,3,Both,228,55+ years,697,Falls,2,Percent,1994,0.008455777368890745,0.01085268532435357,0.006336778747903413
1,All Population,1,Deaths,396,San Marino,3,Both,228,55+ years,697,Falls,3,Rate,1994,23.700543938661273,30.63848628000075,18.26127024600099
1,All Population,1,Deaths,79,Finland,3,Both,228,55+ years,697,Falls,1,Number,1997,928.8367871975846,1009.3777570163455,822.4117206988003
1,All Population,1,Deaths,79,Finland,3,Both,228,55+ years,697,Falls,2,Percent,1997,0.021667186010153196,0.023449329348564717,0.019106761249969375
1,All Population,1,Deaths,79,Finland,3,Both,228,55+ years,697,Falls,3,Rate,1997,72.83062497605556,79.14588859279495,64.48577449956824
1,All Population,1,Deaths,93,Sweden,3,Both,228,55+ years,697,Falls,1,Number,1995,1258.0649215043989,1422.956094896493,1087.461721981068
1,All Population,1,Deaths,93,Sweden,3,Both,228,55+ years,697,Falls,2,Percent,1995,0.014604683503180655,0.016502035140546184,0.012646364347367083
1,All Population,1,Deaths,93,Sweden,3,Both,228,55+ years,697,Falls,3,Rate,1995,52.43122332871085,59.30324224385222,45.32114951463137
1,All Population,1,Deaths,93,Sweden,3,Both,228,55+ years,697,Falls,1,Number,1994,1232.9845384455768,1389.4323352868337,1066.045769811116
1,All Population,1,Deaths,93,Sweden,3,Both,228,55+ years,697,Falls,2,Percent,1994,0.014475767800246255,0.01629597407578807,0.012510987600073367
1,All Population,1,Deaths,93,Sweden,3,Both,228,55+ years,697,Falls,3,Rate,1994,51.65085568544451,58.20459770328099,44.65763721579949
1,All Population,1,Deaths,85,Israel,3,Both,228,55+ years,697,Falls,1,Number,1994,284.1107090959078,320.68605008034757,246.68207727455837
1,All Population,1,Deaths,85,Israel,3,Both,228,55+ years,697,Falls,2,Percent,1994,0.009703281417633743,0.01089229715624336,0.00836962962543413
1,All Population,1,Deaths,85,Israel,3,Both,228,55+ years,697,Falls,3,Rate,1994,31.08013983831478,35.081279802548565,26.985654577037124
1,All Population,1,Deaths,88,Malta,3,Both,228,55+ years,697,Falls,1,Number,1997,29.328128304198533,32.946342245409014,25.436925515540494
1,All Population,1,Deaths,88,Malta,3,Both,228,55+ years,697,Falls,2,Percent,1997,0.011373810222781751,0.012765694234940415,0.009911208120923254
1,All Population,1,Deaths,88,Malta,3,Both,228,55+ years,697,Falls,3,Rate,1997,35.81510036250628,40.23361265532522,31.063217904780487
1,All Population,1,Deaths,88,Malta,3,Both,228,55+ years,697,Falls,1,Number,1993,26.20591845294865,29.706672009981034,22.906917297209255
1,All Population,1,Deaths,88,Malta,3,Both,228,55+ years,697,Falls,2,Percent,1993,0.010755117828595912,0.01203447976757316,0.009488111742390089
1,All Population,1,Deaths,88,Malta,3,Both,228,55+ years,697,Falls,3,Rate,1993,33.90374845539212,38.43282719060392,29.635685668771796
1,All Population,1,Deaths,77,Cyprus,3,Both,228,55+ years,697,Falls,1,Number,1993,76.49563374493994,103.42837047892446,56.21264723701706
1,All Population,1,Deaths,77,Cyprus,3,Both,228,55+ years,697,Falls,2,Percent,1993,0.013062579984711421,0.017143528002234166,0.009726176134839441
1,All Population,1,Deaths,77,Cyprus,3,Both,228,55+ years,697,Falls,3,Rate,1993,51.32778765648999,69.39937847041067,37.71811121417949
1,All Population,1,Deaths,367,Monaco,3,Both,228,55+ years,697,Falls,1,Number,1996,3.380274076123377,4.831856969427334,2.496227961783317
1,All Population,1,Deaths,367,Monaco,3,Both,228,55+ years,697,Falls,2,Percent,1996,0.006810983199877938,0.00969970343926812,0.004881201445334286
1,All Population,1,Deaths,367,Monaco,3,Both,228,55+ years,697,Falls,3,Rate,1996,29.649531704552196,42.381858151335386,21.89526305498986
1,All Population,1,Deaths,95,United Kingdom,3,Both,228,55+ years,697,Falls,1,Number,1995,4304.710576385754,4744.702554894599,3760.488669656148
1,All Population,1,Deaths,95,United Kingdom,3,Both,228,55+ years,697,Falls,2,Percent,1995,0.007333936866135203,0.008094913293561452,0.006402104968174229
1,All Population,1,Deaths,95,United Kingdom,3,Both,228,55+ years,697,Falls,3,Rate,1995,28.677041084703625,31.608171487257206,25.051553679326418
1,All Population,1,Deaths,73,Western Europe,3,Both,228,55+ years,697,Falls,1,Number,1996,46431.88739879376,51555.964787983656,40105.71368717421
1,All Population,1,Deaths,73,Western Europe,3,Both,228,55+ years,697,Falls,2,Percent,1996,0.013284338653539786,0.01475438840298295,0.011463324826704112
1,All Population,1,Deaths,73,Western Europe,3,Both,228,55+ years,697,Falls,3,Rate,1996,44.55942121932009,49.47685911677761,38.48836413086827
1,All Population,1,Deaths,89,Netherlands,3,Both,228,55+ years,697,Falls,1,Number,1995,1534.7607315024998,1750.419752164321,1320.155037566855
1,All Population,1,Deaths,89,Netherlands,3,Both,228,55+ years,697,Falls,2,Percent,1995,0.0126246870386387,0.01432439507550073,0.010825573093388219
1,All Population,1,Deaths,89,Netherlands,3,Both,228,55+ years,697,Falls,3,Rate,1995,44.08333337066972,50.27776375130639,37.91915796871814
1,All Population,1,Deaths,74,Andorra,3,Both,228,55+ years,697,Falls,1,Number,1995,6.009332217291942,8.483418096250363,4.181287826660099
1,All Population,1,Deaths,74,Andorra,3,Both,228,55+ years,697,Falls,2,Percent,1995,0.020986412375272257,0.02916150265724767,0.014753056378839243
1,All Population,1,Deaths,74,Andorra,3,Both,228,55+ years,697,Falls,3,Rate,1995,49.18113043360609,69.42936033956234,34.2201852964105
1,All Population,1,Deaths,83,Iceland,3,Both,228,55+ years,697,Falls,1,Number,1995,18.07822154105692,20.358261173019518,15.453014458569557
1,All Population,1,Deaths,83,Iceland,3,Both,228,55+ years,697,Falls,2,Percent,1995,0.01108210050319094,0.012479405809449564,0.009504099718977768
1,All Population,1,Deaths,83,Iceland,3,Both,228,55+ years,697,Falls,3,Rate,1995,36.1421189953152,40.70039169405816,30.8937848852855
1,All Population,1,Deaths,78,Denmark,3,Both,228,55+ years,697,Falls,1,Number,1998,1426.232453089131,1579.111556365872,1239.334935758639
1,All Population,1,Deaths,78,Denmark,3,Both,228,55+ years,697,Falls,2,Percent,1998,0.027150085124375493,0.029912089117515486,0.023683270968252013
1,All Population,1,Deaths,78,Denmark,3,Both,228,55+ years,697,Falls,3,Rate,1998,106.55228828763538,117.97372120357849,92.58937634876547
1,All Population,1,Deaths,79,Finland,3,Both,228,55+ years,697,Falls,1,Number,1996,870.2834470643261,939.0840590893756,771.7689517893612
1,All Population,1,Deaths,79,Finland,3,Both,228,55+ years,697,Falls,2,Percent,1996,0.020266069913030323,0.021874072253214378,0.017860607183029467
1,All Population,1,Deaths,79,Finland,3,Both,228,55+ years,697,Falls,3,Rate,1996,68.5404386537858,73.95893092059013,60.78178629439733
1,All Population,1,Deaths,85,Israel,3,Both,228,55+ years,697,Falls,1,Number,1995,281.3971509945832,315.26151304609573,242.3353674507746
1,All Population,1,Deaths,85,Israel,3,Both,228,55+ years,697,Falls,2,Percent,1995,0.009185970618026045,0.010327224729498981,0.00790640815139627
1,All Population,1,Deaths,85,Israel,3,Both,228,55+ years,697,Falls,3,Rate,1995,29.773993662958876,33.357104926019545,25.640955032018308
1,All Population,1,Deaths,86,Italy,3,Both,228,55+ years,697,Falls,1,Number,1984,6901.193634282941,7743.370263737481,5939.702831244084
1,All Population,1,Deaths,86,Italy,3,Both,228,55+ years,697,Falls,2,Percent,1984,0.014536795041978327,0.01630246159380426,0.012525022394194597
1,All Population,1,Deaths,86,Italy,3,Both,228,55+ years,697,Falls,3,Rate,1984,49.47573843800013,55.51343464616031,42.58266022535902
1,All Population,1,Deaths,83,Iceland,3,Both,228,55+ years,697,Falls,1,Number,1992,18.03083683807928,20.354560124141994,15.527893391637809
1,All Population,1,Deaths,83,Iceland,3,Both,228,55+ years,697,Falls,2,Percent,1992,0.011587965909881244,0.013169564022453286,0.01005225316832204
1,All Population,1,Deaths,83,Iceland,3,Both,228,55+ years,697,Falls,3,Rate,1992,37.11031130960294,41.89290100954649,31.95885820058196
1,All Population,1,Deaths,367,Monaco,3,Both,228,55+ years,697,Falls,1,Number,1997,3.3567178390690455,4.628616582583984,2.3666302742698324
1,All Population,1,Deaths,367,Monaco,3,Both,228,55+ years,697,Falls,2,Percent,1997,0.0067653804897982355,0.009593367476740161,0.004767001856760163
1,All Population,1,Deaths,367,Monaco,3,Both,228,55+ years,697,Falls,3,Rate,1997,29.27209029847401,40.363619779251096,20.638081129494594
1,All Population,1,Deaths,396,San Marino,3,Both,228,55+ years,697,Falls,1,Number,1995,1.4067851691483155,1.808504151697201,1.0536333706899583
1,All Population,1,Deaths,396,San Marino,3,Both,228,55+ years,697,Falls,2,Percent,1995,0.008607593385454516,0.011132184110612522,0.006524213324495491
1,All Population,1,Deaths,396,San Marino,3,Both,228,55+ years,697,Falls,3,Rate,1995,24.212750485727845,31.126898930813653,18.134511556869217
1,All Population,1,Deaths,79,Finland,3,Both,228,55+ years,697,Falls,1,Number,1998,988.9792788705514,1070.2811892658724,864.8566298319506
1,All Population,1,Deaths,79,Finland,3,Both,228,55+ years,697,Falls,2,Percent,1998,0.02298687480007145,0.02480585906585908,0.020165791440623585
1,All Population,1,Deaths,79,Finland,3,Both,228,55+ years,697,Falls,3,Rate,1998,76.55624991696833,82.84977851147984,66.9479954841684
1,All Population,1,Deaths,84,Ireland,3,Both,228,55+ years,697,Falls,1,Number,1991,239.09144454764848,264.10552692615505,214.5886582685358
1,All Population,1,Deaths,84,Ireland,3,Both,228,55+ years,697,Falls,2,Percent,1991,0.008563022721317147,0.00947355961432891,0.0076820730587057965
1,All Population,1,Deaths,84,Ireland,3,Both,228,55+ years,697,Falls,3,Rate,1991,34.666798623935165,38.29368773416177,31.114044324129864
1,All Population,1,Deaths,77,Cyprus,3,Both,228,55+ years,697,Falls,1,Number,1987,70.68515202021585,97.82291368764142,49.301399949352195
1,All Population,1,Deaths,77,Cyprus,3,Both,228,55+ years,697,Falls,2,Percent,1987,0.012387833818453453,0.017082488084138505,0.008722772074996539
1,All Population,1,Deaths,77,Cyprus,3,Both,228,55+ years,697,Falls,3,Rate,1987,53.3897916720581,73.88744076044708,37.23825155930804
1,All Population,1,Deaths,86,Italy,3,Both,228,55+ years,697,Falls,1,Number,1987,7437.324835438036,8394.177105078476,6379.172991421846
1,All Population,1,Deaths,86,Italy,3,Both,228,55+ years,697,Falls,2,Percent,1987,0.015599133989709085,0.017621682158319916,0.01337064804081403
1,All Population,1,Deaths,86,Italy,3,Both,228,55+ years,697,Falls,3,Rate,1987,50.865816332374834,57.40998011191475,43.62883817955472
1,All Population,1,Deaths,396,San Marino,3,Both,228,55+ years,697,Falls,1,Number,1985,1.2520116665720575,1.6823358257704166,0.8535723790202876
1,All Population,1,Deaths,396,San Marino,3,Both,228,55+ years,697,Falls,2,Percent,1985,0.007978692651010656,0.010820878112357962,0.005372922975017732
1,All Population,1,Deaths,396,San Marino,3,Both,228,55+ years,697,Falls,3,Rate,1985,26.094361352043375,35.063154861277,17.790110661877616
1,All Population,1,Deaths,81,Germany,3,Both,228,55+ years,697,Falls,1,Number,1998,8271.761415716643,9176.297163709345,7172.919155239355
1,All Population,1,Deaths,81,Germany,3,Both,228,55+ years,697,Falls,2,Percent,1998,0.010686576002404306,0.011856569283668118,0.009264864888268023
1,All Population,1,Deaths,81,Germany,3,Both,228,55+ years,697,Falls,3,Rate,1998,34.37765862639852,38.136933053823846,29.810841207901262
1,All Population,1,Deaths,83,Iceland,3,Both,228,55+ years,697,Falls,1,Number,1994,18.334996333283986,20.752164747124024,15.744776839336074
1,All Population,1,Deaths,83,Iceland,3,Both,228,55+ years,697,Falls,2,Percent,1994,0.011506126935131237,0.012965392743267792,0.009905795551212227
1,All Population,1,Deaths,83,Iceland,3,Both,228,55+ years,697,Falls,3,Rate,1994,37.03815868968973,41.9210321664077,31.805708193704994
1,All Population,1,Deaths,74,Andorra,3,Both,228,55+ years,697,Falls,1,Number,1994,5.681342122224811,8.060931830034724,4.0222489071406
1,All Population,1,Deaths,74,Andorra,3,Both,228,55+ years,697,Falls,2,Percent,1994,0.020482263901218926,0.028246833691749445,0.014750075873787663
1,All Population,1,Deaths,74,Andorra,3,Both,228,55+ years,697,Falls,3,Rate,1994,47.67936845262955,67.64953254482899,33.755806907231815
1,All Population,1,Deaths,75,Austria,3,Both,228,55+ years,697,Falls,1,Number,1995,938.9422504301021,1012.4474585920423,832.1828457446321
1,All Population,1,Deaths,75,Austria,3,Both,228,55+ years,697,Falls,2,Percent,1995,0.013006939555944279,0.013952192645927015,0.01160589665251514
1,All Population,1,Deaths,75,Austria,3,Both,228,55+ years,697,Falls,3,Rate,1995,46.93830684176387,50.61287789615243,41.60133782894635
1,All Population,1,Deaths,367,Monaco,3,Both,228,55+ years,697,Falls,1,Number,1998,3.3486550777882433,4.786504048327575,2.2364101506402276
1,All Population,1,Deaths,367,Monaco,3,Both,228,55+ years,697,Falls,2,Percent,1998,0.0067127655486897775,0.009651154358231091,0.0046633821918340874
1,All Population,1,Deaths,367,Monaco,3,Both,228,55+ years,697,Falls,3,Rate,1998,28.891208221056324,41.29654500053762,19.295087080902576
1,All Population,1,Deaths,82,Greece,3,Both,228,55+ years,697,Falls,1,Number,1997,334.6591118365124,361.28566824749436,299.6535457905217
1,All Population,1,Deaths,82,Greece,3,Both,228,55+ years,697,Falls,2,Percent,1997,0.003682548919284746,0.003997653838647424,0.0032969254986418436
1,All Population,1,Deaths,82,Greece,3,Both,228,55+ years,697,Falls,3,Rate,1997,11.263124603350613,12.159255059710457,10.084994266414137
1,All Population,1,Deaths,87,Luxembourg,3,Both,228,55+ years,697,Falls,1,Number,1998,52.67090769274482,58.974344727096,46.264751759011126
1,All Population,1,Deaths,87,Luxembourg,3,Both,228,55+ years,697,Falls,2,Percent,1998,0.01604269046420495,0.017868186931494175,0.014129899128591038
1,All Population,1,Deaths,87,Luxembourg,3,Both,228,55+ years,697,Falls,3,Rate,1998,52.485936966912476,58.767237467557344,46.102278297128926
1,All Population,1,Deaths,87,Luxembourg,3,Both,228,55+ years,697,Falls,1,Number,1996,46.04144682331346,51.240218562606984,40.48413564231515
1,All Population,1,Deaths,87,Luxembourg,3,Both,228,55+ years,697,Falls,2,Percent,1996,0.01378063921183079,0.01541885483028528,0.012203632286429702
1,All Population,1,Deaths,87,Luxembourg,3,Both,228,55+ years,697,Falls,3,Rate,1996,46.77295382117669,52.05432370127543,41.1273480209019
1,All Population,1,Deaths,86,Italy,3,Both,228,55+ years,697,Falls,1,Number,1994,8152.939411566582,9361.077985626884,6852.130141712153
1,All Population,1,Deaths,86,Italy,3,Both,228,55+ years,697,Falls,2,Percent,1994,0.016197724798771393,0.018603186049886332,0.0136163229089527
1,All Population,1,Deaths,86,Italy,3,Both,228,55+ years,697,Falls,3,Rate,1994,50.772055215443345,58.29568262068002,42.671325314260464
1,All Population,1,Deaths,86,Italy,3,Both,228,55+ years,697,Falls,1,Number,1995,8509.371250673206,9822.342752534158,7099.691118032619
1,All Population,1,Deaths,86,Italy,3,Both,228,55+ years,697,Falls,2,Percent,1995,0.01687431554176749,0.01948204415805591,0.01408571206983148
1,All Population,1,Deaths,86,Italy,3,Both,228,55+ years,697,Falls,3,Rate,1995,52.2236220239919,60.28157665090215,43.57214822492259
1,All Population,1,Deaths,87,Luxembourg,3,Both,228,55+ years,697,Falls,1,Number,2000,56.083102672336764,62.20279160489724,49.20287996189731
1,All Population,1,Deaths,87,Luxembourg,3,Both,228,55+ years,697,Falls,2,Percent,2000,0.017401952439071312,0.01931680591407151,0.0153390051744229
1,All Population,1,Deaths,87,Luxembourg,3,Both,228,55+ years,697,Falls,3,Rate,2000,54.6768939646636,60.643139891128385,47.96918362649209
1,All Population,1,Deaths,91,Portugal,3,Both,228,55+ years,697,Falls,1,Number,1992,578.6334683302574,639.0244815721696,514.1428227937569
1,All Population,1,Deaths,91,Portugal,3,Both,228,55+ years,697,Falls,2,Percent,1992,0.006558127057354966,0.00721530817579558,0.0058436962070718785
1,All Population,1,Deaths,91,Portugal,3,Both,228,55+ years,697,Falls,3,Rate,1992,22.900574476215233,25.290669367254562,20.348228454147787
1,All Population,1,Deaths,83,Iceland,3,Both,228,55+ years,697,Falls,1,Number,1997,18.525176348982598,20.670516919290726,15.746327221147528
1,All Population,1,Deaths,83,Iceland,3,Both,228,55+ years,697,Falls,2,Percent,1997,0.011217987587154253,0.012590949412484136,0.009569744904286392
1,All Population,1,Deaths,83,Iceland,3,Both,228,55+ years,697,Falls,3,Rate,1997,36.34137875707427,40.54995592577511,30.890029373889238
1,All Population,1,Deaths,88,Malta,3,Both,228,55+ years,697,Falls,1,Number,1998,31.065472149948334,34.83867012960119,26.669698954331512
1,All Population,1,Deaths,88,Malta,3,Both,228,55+ years,697,Falls,2,Percent,1998,0.011682402147858931,0.013026163893353381,0.010134278213403772
1,All Population,1,Deaths,88,Malta,3,Both,228,55+ years,697,Falls,3,Rate,1998,37.11211469974345,41.61973510640608,31.860739853664995
1,All Population,1,Deaths,90,Norway,3,Both,228,55+ years,697,Falls,1,Number,1998,992.7661028016472,1121.2087329882056,850.2328629221057
1,All Population,1,Deaths,90,Norway,3,Both,228,55+ years,697,Falls,2,Percent,1998,0.024600490405659866,0.02778814975208621,0.021082854577932686
1,All Population,1,Deaths,90,Norway,3,Both,228,55+ years,697,Falls,3,Rate,1998,92.65451816035987,104.64202456050803,79.3519400147073
1,All Population,1,Deaths,90,Norway,3,Both,228,55+ years,697,Falls,1,Number,1984,931.1874117862748,1034.4916215569706,809.8817089909718
1,All Population,1,Deaths,90,Norway,3,Both,228,55+ years,697,Falls,2,Percent,1984,0.023916806505712304,0.026658513149063544,0.020906932227463433
1,All Population,1,Deaths,90,Norway,3,Both,228,55+ years,697,Falls,3,Rate,1984,85.40148577216088,94.87576870304026,74.2762416803381
1,All Population,1,Deaths,84,Ireland,3,Both,228,55+ years,697,Falls,1,Number,1995,225.93380532277683,252.06898173133112,199.239594154479
1,All Population,1,Deaths,84,Ireland,3,Both,228,55+ years,697,Falls,2,Percent,1995,0.007925773116872606,0.008798643809689047,0.007037023448078297
1,All Population,1,Deaths,84,Ireland,3,Both,228,55+ years,697,Falls,3,Rate,1995,31.820227731268695,35.501072498739404,28.060649224332554
1,All Population,1,Deaths,74,Andorra,3,Both,228,55+ years,697,Falls,1,Number,1997,7.111238276493222,9.644505052137955,4.998239060174423
1,All Population,1,Deaths,74,Andorra,3,Both,228,55+ years,697,Falls,2,Percent,1997,0.02247684178777443,0.029919401316125006,0.015523487662311316
1,All Population,1,Deaths,74,Andorra,3,Both,228,55+ years,697,Falls,3,Rate,1997,55.14630125589088,74.7913036225018,38.7603939348329
1,All Population,1,Deaths,84,Ireland,3,Both,228,55+ years,697,Falls,1,Number,1992,226.95020328404095,249.85428792844164,204.25507764811667
1,All Population,1,Deaths,84,Ireland,3,Both,228,55+ years,697,Falls,2,Percent,1992,0.008131226446091606,0.008959116983745975,0.007356030634802849
1,All Population,1,Deaths,84,Ireland,3,Both,228,55+ years,697,Falls,3,Rate,1992,32.709333779389034,36.0103986769051,29.438385223940806
1,All Population,1,Deaths,90,Norway,3,Both,228,55+ years,697,Falls,1,Number,1995,862.2381994072492,969.3492429889176,737.979401837161
1,All Population,1,Deaths,90,Norway,3,Both,228,55+ years,697,Falls,2,Percent,1995,0.021088781635592576,0.02376397711703817,0.018110063988690108
1,All Population,1,Deaths,90,Norway,3,Both,228,55+ years,697,Falls,3,Rate,1995,81.01569872233173,91.07982722256806,69.34037128444037
1,All Population,1,Deaths,89,Netherlands,3,Both,228,55+ years,697,Falls,1,Number,1993,1529.9743239875545,1741.3407308571648,1301.6131363175089
1,All Population,1,Deaths,89,Netherlands,3,Both,228,55+ years,697,Falls,2,Percent,1993,0.012490710805424075,0.014210393978804312,0.010614784040124805
1,All Population,1,Deaths,89,Netherlands,3,Both,228,55+ years,697,Falls,3,Rate,1993,44.94144879759308,51.150123285086686,38.233569807648415
1,All Population,1,Deaths,84,Ireland,3,Both,228,55+ years,697,Falls,1,Number,1994,233.16935722226748,258.4417900905399,207.05142362811725
1,All Population,1,Deaths,84,Ireland,3,Both,228,55+ years,697,Falls,2,Percent,1994,0.008254494582207964,0.009165364408736432,0.007311230430188958
1,All Population,1,Deaths,84,Ireland,3,Both,228,55+ years,697,Falls,3,Rate,1994,33.15486530755423,36.7484082916053,29.44109870999807
1,All Population,1,Deaths,76,Belgium,3,Both,228,55+ years,697,Falls,1,Number,1995,1191.9715471566858,1332.6983590551918,1029.876991568117
1,All Population,1,Deaths,76,Belgium,3,Both,228,55+ years,697,Falls,2,Percent,1995,0.012766222805362628,0.014273888386289166,0.011068019073353206
1,All Population,1,Deaths,76,Belgium,3,Both,228,55+ years,697,Falls,3,Rate,1995,43.864239183599345,49.042948819233,37.89920220460713
1,All Population,1,Deaths,83,Iceland,3,Both,228,55+ years,697,Falls,1,Number,1996,18.858787037179983,21.332414841275696,15.982318105376011
1,All Population,1,Deaths,83,Iceland,3,Both,228,55+ years,697,Falls,2,Percent,1996,0.011363244165057415,0.012846729188178347,0.009709998589907778
1,All Population,1,Deaths,83,Iceland,3,Both,228,55+ years,697,Falls,3,Rate,1996,37.34810204323489,42.24689555854488,31.651518536702312
1,All Population,1,Deaths,85,Israel,3,Both,228,55+ years,697,Falls,1,Number,1993,263.73539596329823,294.09826058018393,231.56353650858063
1,All Population,1,Deaths,85,Israel,3,Both,228,55+ years,697,Falls,2,Percent,1993,0.009168876590162895,0.01023264426848994,0.008014189673785237
1,All Population,1,Deaths,85,Israel,3,Both,228,55+ years,697,Falls,3,Rate,1993,29.599571559879173,33.00725895317655,25.988856916643286
1,All Population,1,Deaths,78,Denmark,3,Both,228,55+ years,697,Falls,1,Number,2000,1279.5826222160936,1425.4029914549212,1118.0485525327401
1,All Population,1,Deaths,78,Denmark,3,Both,228,55+ years,697,Falls,2,Percent,2000,0.024691675455849663,0.027537843579933465,0.021544982343432925
1,All Population,1,Deaths,78,Denmark,3,Both,228,55+ years,697,Falls,3,Rate,2000,92.4247331394196,102.95739314839108,80.75706664864492
1,All Population,1,Deaths,73,Western Europe,3,Both,228,55+ years,697,Falls,1,Number,1999,47944.29962771539,52890.622067359094,41182.89423804806
1,All Population,1,Deaths,73,Western Europe,3,Both,228,55+ years,697,Falls,2,Percent,1999,0.01362106214175079,0.015016732153343676,0.011716379403521595
1,All Population,1,Deaths,73,Western Europe,3,Both,228,55+ years,697,Falls,3,Rate,1999,44.737152157053096,49.352599276282014,38.42803878879343
1,All Population,1,Deaths,80,France,3,Both,228,55+ years,697,Falls,1,Number,1996,11040.192122174281,12404.873750679864,9387.2105712003
1,All Population,1,Deaths,80,France,3,Both,228,55+ years,697,Falls,2,Percent,1996,0.023501895329875597,0.026447543112457898,0.020007023362177596
1,All Population,1,Deaths,80,France,3,Both,228,55+ years,697,Falls,3,Rate,1996,75.09092044785672,84.37293279589738,63.848008660419644
1,All Population,1,Deaths,367,Monaco,3,Both,228,55+ years,697,Falls,1,Number,1999,3.3432204034441506,5.032516806224429,2.2429890395810155
1,All Population,1,Deaths,367,Monaco,3,Both,228,55+ years,697,Falls,2,Percent,1999,0.006680254270132921,0.009801777679311513,0.004522135565486267
1,All Population,1,Deaths,367,Monaco,3,Both,228,55+ years,697,Falls,3,Rate,1999,28.48429795985655,42.87713369085895,19.11030695382791
1,All Population,1,Deaths,89,Netherlands,3,Both,228,55+ years,697,Falls,1,Number,2000,1810.6654594279082,2039.1860163072527,1559.4709515773218
1,All Population,1,Deaths,89,Netherlands,3,Both,228,55+ years,697,Falls,2,Percent,2000,0.01438042607392574,0.01620634332076848,0.01240988272557027
1,All Population,1,Deaths,89,Netherlands,3,Both,228,55+ years,697,Falls,3,Rate,2000,48.46365829148053,54.58016210145465,41.74027119101976
1,All Population,1,Deaths,73,Western Europe,3,Both,228,55+ years,697,Falls,1,Number,2000,48937.532014988654,54232.89332319022,42033.401751026875
1,All Population,1,Deaths,73,Western Europe,3,Both,228,55+ years,697,Falls,2,Percent,2000,0.014134072687755544,0.015673051157793914,0.01213613880594556
1,All Population,1,Deaths,73,Western Europe,3,Both,228,55+ years,697,Falls,3,Rate,2000,45.217639058475115,50.11048359843145,38.8383130599164
1,All Population,1,Deaths,87,Luxembourg,3,Both,228,55+ years,697,Falls,1,Number,1999,54.64781881234716,61.32975663083584,47.61697298843608
1,All Population,1,Deaths,87,Luxembourg,3,Both,228,55+ years,697,Falls,2,Percent,1999,0.016823319553613363,0.018690189313774946,0.014696175844620896
1,All Population,1,Deaths,87,Luxembourg,3,Both,228,55+ years,697,Falls,3,Rate,1999,53.83432446701118,60.41679411367965,46.908140703635794
1,All Population,1,Deaths,94,Switzerland,3,Both,228,55+ years,697,Falls,1,Number,1987,1544.82054561878,1703.77882414599,1344.6775462811395
1,All Population,1,Deaths,94,Switzerland,3,Both,228,55+ years,697,Falls,2,Percent,1987,0.02915516081875908,0.03223662932784391,0.025410625849219912
1,All Population,1,Deaths,94,Switzerland,3,Both,228,55+ years,697,Falls,3,Rate,1987,94.72860449714213,104.47594760495853,82.45580874691913
1,All Population,1,Deaths,89,Netherlands,3,Both,228,55+ years,697,Falls,1,Number,1997,1534.8302679496942,1732.331784230418,1314.831330245995
1,All Population,1,Deaths,89,Netherlands,3,Both,228,55+ years,697,Falls,2,Percent,1997,0.012565800620735174,0.014182240376991619,0.010770372323383312
1,All Population,1,Deaths,89,Netherlands,3,Both,228,55+ years,697,Falls,3,Rate,1997,43.05301756855436,48.59306745407622,36.88189993567546
1,All Population,1,Deaths,73,Western Europe,3,Both,228,55+ years,697,Falls,1,Number,2001,50128.78121596427,55959.25168123213,43265.64688524864
1,All Population,1,Deaths,73,Western Europe,3,Both,228,55+ years,697,Falls,2,Percent,2001,0.014589475801026805,0.01628627925676007,0.012601360435508113
1,All Population,1,Deaths,73,Western Europe,3,Both,228,55+ years,697,Falls,3,Rate,2001,45.77989898392274,51.10455165757888,39.51217037070057
1,All Population,1,Deaths,76,Belgium,3,Both,228,55+ years,697,Falls,1,Number,1997,1248.7061272408844,1388.9395409604301,1078.094807210433
1,All Population,1,Deaths,76,Belgium,3,Both,228,55+ years,697,Falls,2,Percent,1997,0.013415434780866507,0.01490011079935938,0.011528344268062886
1,All Population,1,Deaths,76,Belgium,3,Both,228,55+ years,697,Falls,3,Rate,1997,45.88819565014444,51.041576565851884,39.61846936075264
1,All Population,1,Deaths,95,United Kingdom,3,Both,228,55+ years,697,Falls,1,Number,1996,4462.268970341127,4941.953672200363,3916.4381260962746
1,All Population,1,Deaths,95,United Kingdom,3,Both,228,55+ years,697,Falls,2,Percent,1996,0.007666354501358841,0.008484414795636351,0.006737417361397261
1,All Population,1,Deaths,95,United Kingdom,3,Both,228,55+ years,697,Falls,3,Rate,1996,29.663316297470875,32.85206155888005,26.034858872477756
1,All Population,1,Deaths,76,Belgium,3,Both,228,55+ years,697,Falls,1,Number,1996,1222.3781141610593,1363.6105544489842,1048.4026023548945
1,All Population,1,Deaths,76,Belgium,3,Both,228,55+ years,697,Falls,2,Percent,1996,0.013018787829591375,0.014517104556492556,0.01117775990271705
1,All Population,1,Deaths,76,Belgium,3,Both,228,55+ years,697,Falls,3,Rate,1996,44.91285416114696,50.10204392165565,38.52061210540311
1,All Population,1,Deaths,89,Netherlands,3,Both,228,55+ years,697,Falls,1,Number,2001,2023.4008476409144,2277.832568125589,1735.9549453122468
1,All Population,1,Deaths,89,Netherlands,3,Both,228,55+ years,697,Falls,2,Percent,2001,0.01601534564925565,0.018033964673725405,0.0136894824267217
1,All Population,1,Deaths,89,Netherlands,3,Both,228,55+ years,697,Falls,3,Rate,2001,53.352685914749806,60.06149780716097,45.77336174756682
1,All Population,1,Deaths,88,Malta,3,Both,228,55+ years,697,Falls,1,Number,2000,31.528795523340943,35.28012715762913,27.516211921343803
1,All Population,1,Deaths,88,Malta,3,Both,228,55+ years,697,Falls,2,Percent,2000,0.011594837796661322,0.01289923743027235,0.01008277437067524
1,All Population,1,Deaths,88,Malta,3,Both,228,55+ years,697,Falls,3,Rate,2000,34.80449100953647,38.94556858551672,30.375018599233503
1,All Population,1,Deaths,88,Malta,3,Both,228,55+ years,697,Falls,1,Number,1996,27.10476455806542,30.508100148033563,23.61292906760876
1,All Population,1,Deaths,88,Malta,3,Both,228,55+ years,697,Falls,2,Percent,1996,0.01083677068246676,0.012238635894106044,0.009395888949887986
1,All Population,1,Deaths,88,Malta,3,Both,228,55+ years,697,Falls,3,Rate,1996,33.41951670783008,37.61574687126271,29.114168315508945
1,All Population,1,Deaths,87,Luxembourg,3,Both,228,55+ years,697,Falls,1,Number,2001,57.23279550419081,63.3415973152434,50.12048444138928
1,All Population,1,Deaths,87,Luxembourg,3,Both,228,55+ years,697,Falls,2,Percent,2001,0.017770663811459822,0.019732207450139563,0.01573495541079766
1,All Population,1,Deaths,87,Luxembourg,3,Both,228,55+ years,697,Falls,3,Rate,2001,55.15974497513732,61.0472775870406,48.305051596071884
1,All Population,1,Deaths,78,Denmark,3,Both,228,55+ years,697,Falls,1,Number,1999,1393.3811712509382,1534.4444428862055,1207.1056042143887
1,All Population,1,Deaths,78,Denmark,3,Both,228,55+ years,697,Falls,2,Percent,1999,0.026712413356734105,0.029541289352106682,0.023256504410626655
1,All Population,1,Deaths,78,Denmark,3,Both,228,55+ years,697,Falls,3,Rate,1999,102.69713762534563,113.09400139809412,88.96796721677944
1,All Population,1,Deaths,78,Denmark,3,Both,228,55+ years,697,Falls,1,Number,2001,1125.5384382348732,1260.4607943592644,977.3076848535522
1,All Population,1,Deaths,78,Denmark,3,Both,228,55+ years,697,Falls,2,Percent,2001,0.021499301462693132,0.024028811826748635,0.01869424394541689
1,All Population,1,Deaths,78,Denmark,3,Both,228,55+ years,697,Falls,3,Rate,2001,79.53474545526356,89.06886253740151,69.06020736901738
1,All Population,1,Deaths,76,Belgium,3,Both,228,55+ years,697,Falls,1,Number,1998,1432.7342429621042,1596.7808777649045,1232.435164563939
1,All Population,1,Deaths,76,Belgium,3,Both,228,55+ years,697,Falls,2,Percent,1998,0.015328972097783809,0.017081409669033768,0.013222731177020422
1,All Population,1,Deaths,76,Belgium,3,Both,228,55+ years,697,Falls,3,Rate,1998,52.489653502898356,58.49966621908299,45.151496218171744
1,All Population,1,Deaths,85,Israel,3,Both,228,55+ years,697,Falls,1,Number,1996,219.1271754378948,246.0734469392291,186.75604854085753
1,All Population,1,Deaths,85,Israel,3,Both,228,55+ years,697,Falls,2,Percent,1996,0.007255097256316527,0.008132826193262374,0.006236128504956345
1,All Population,1,Deaths,85,Israel,3,Both,228,55+ years,697,Falls,3,Rate,1996,22.73159890080041,25.526924649039263,19.37351485157249
1,All Population,1,Deaths,396,San Marino,3,Both,228,55+ years,697,Falls,1,Number,1996,1.3883836451150822,1.7651563495085227,1.0162334176561583
1,All Population,1,Deaths,396,San Marino,3,Both,228,55+ years,697,Falls,2,Percent,1996,0.008578078658263358,0.011094113146525817,0.006452487259034226
1,All Population,1,Deaths,396,San Marino,3,Both,228,55+ years,697,Falls,3,Rate,1996,23.537954489058983,29.92556846012202,17.22870765527408
1,All Population,1,Deaths,92,Spain,3,Both,228,55+ years,697,Falls,1,Number,1992,1629.767812204907,1825.4845953586894,1427.7601177352246
1,All Population,1,Deaths,92,Spain,3,Both,228,55+ years,697,Falls,2,Percent,1992,0.0055951645152498225,0.006266405407811845,0.004909051583833914
1,All Population,1,Deaths,92,Spain,3,Both,228,55+ years,697,Falls,3,Rate,1992,16.462619083619003,18.43959446943973,14.422097911762442
1,All Population,1,Deaths,83,Iceland,3,Both,228,55+ years,697,Falls,1,Number,1998,19.38127718833602,21.81902569948137,16.442208255492172
1,All Population,1,Deaths,83,Iceland,3,Both,228,55+ years,697,Falls,2,Percent,1998,0.011664851135255463,0.013142345010760241,0.009924495507614402
1,All Population,1,Deaths,83,Iceland,3,Both,228,55+ years,697,Falls,3,Rate,1998,37.34050402866729,42.037137651764226,31.678012632412266
1,All Population,1,Deaths,90,Norway,3,Both,228,55+ years,697,Falls,1,Number,1993,891.6222043130327,1001.9747144119525,773.0303472024342
1,All Population,1,Deaths,90,Norway,3,Both,228,55+ years,697,Falls,2,Percent,1993,0.021184194184574283,0.023856384894524168,0.018315584895236766
1,All Population,1,Deaths,90,Norway,3,Both,228,55+ years,697,Falls,3,Rate,1993,83.61872602361127,93.96788092727238,72.49686301886166
1,All Population,1,Deaths,75,Austria,3,Both,228,55+ years,697,Falls,1,Number,1997,906.8076274509729,973.2649328365045,812.340382999637
1,All Population,1,Deaths,75,Austria,3,Both,228,55+ years,697,Falls,2,Percent,1997,0.012684591982278802,0.013604429666982325,0.011350075672357527
1,All Population,1,Deaths,75,Austria,3,Both,228,55+ years,697,Falls,3,Rate,1997,43.71516256834627,46.91892025722813,39.161108518114865
1,All Population,1,Deaths,84,Ireland,3,Both,228,55+ years,697,Falls,1,Number,1997,247.21293926676157,273.8105035944869,217.33859265843242
1,All Population,1,Deaths,84,Ireland,3,Both,228,55+ years,697,Falls,2,Percent,1997,0.008826712180346884,0.00975083106028385,0.007732104552520246
1,All Population,1,Deaths,84,Ireland,3,Both,228,55+ years,697,Falls,3,Rate,1997,34.20829092620096,37.88875045695942,30.07440399035117
1,All Population,1,Deaths,74,Andorra,3,Both,228,55+ years,697,Falls,1,Number,1998,7.546810643127743,10.481727799641279,5.2407282604004
1,All Population,1,Deaths,74,Andorra,3,Both,228,55+ years,697,Falls,2,Percent,1998,0.022939903274873837,0.031843950375255045,0.015835099048671853
1,All Population,1,Deaths,74,Andorra,3,Both,228,55+ years,697,Falls,3,Rate,1998,56.52760003486113,78.51090278407266,39.25443541704254
1,All Population,1,Deaths,90,Norway,3,Both,228,55+ years,697,Falls,1,Number,2000,1002.0192723424946,1125.1755692405156,844.8595253984831
1,All Population,1,Deaths,90,Norway,3,Both,228,55+ years,697,Falls,2,Percent,2000,0.024983291676550463,0.02796104514790354,0.021169438623770655
1,All Population,1,Deaths,90,Norway,3,Both,228,55+ years,697,Falls,3,Rate,2000,91.35959368965925,102.58842885829111,77.03047745259465
1,All Population,1,Deaths,74,Andorra,3,Both,228,55+ years,697,Falls,1,Number,1996,6.616674863881113,9.045383866695165,4.577426440837247
1,All Population,1,Deaths,74,Andorra,3,Both,228,55+ years,697,Falls,2,Percent,1996,0.021835883403954603,0.029197567580469066,0.015193096621800893
1,All Population,1,Deaths,74,Andorra,3,Both,228,55+ years,697,Falls,3,Rate,1996,52.93170187144205,72.36075098056415,36.61823751193561
1,All Population,1,Deaths,79,Finland,3,Both,228,55+ years,697,Falls,1,Number,2000,957.945024456651,1039.4921258258407,832.4870823055037
1,All Population,1,Deaths,79,Finland,3,Both,228,55+ years,697,Falls,2,Percent,2000,0.022257176720234813,0.024119469176096725,0.019382605419584094
1,All Population,1,Deaths,79,Finland,3,Both,228,55+ years,697,Falls,3,Rate,2000,71.17521293842948,77.23415385495635,61.85370124469742
1,All Population,1,Deaths,91,Portugal,3,Both,228,55+ years,697,Falls,1,Number,1995,518.800596380667,573.3379467354532,457.29482553461713
1,All Population,1,Deaths,91,Portugal,3,Both,228,55+ years,697,Falls,2,Percent,1995,0.005759617119410314,0.006371092108484,0.00508724521458159
1,All Population,1,Deaths,91,Portugal,3,Both,228,55+ years,697,Falls,3,Rate,1995,19.664477662818552,21.731646658619198,17.3331795390802
1,All Population,1,Deaths,367,Monaco,3,Both,228,55+ years,697,Falls,1,Number,2000,3.322074349638087,4.926659777723542,2.1735948855874283
1,All Population,1,Deaths,367,Monaco,3,Both,228,55+ years,697,Falls,2,Percent,2000,0.006651867484974573,0.009994388946741527,0.00438945318583847
1,All Population,1,Deaths,367,Monaco,3,Both,228,55+ years,697,Falls,3,Rate,2000,27.975419521863866,41.48774519098997,18.303993949295702
1,All Population,1,Deaths,80,France,3,Both,228,55+ years,697,Falls,1,Number,2000,12393.176127635968,13845.189954463613,10535.986619818028
1,All Population,1,Deaths,80,France,3,Both,228,55+ years,697,Falls,2,Percent,2000,0.026600616748888868,0.029759896308961278,0.022645503315320257
1,All Population,1,Deaths,80,France,3,Both,228,55+ years,697,Falls,3,Rate,2000,81.5985821798695,91.15886506090546,69.37056015254262
1,All Population,1,Deaths,88,Malta,3,Both,228,55+ years,697,Falls,1,Number,2001,34.97874455428528,39.140539122882366,30.48486461629828
1,All Population,1,Deaths,88,Malta,3,Both,228,55+ years,697,Falls,2,Percent,2001,0.012883092356685529,0.014368829252723916,0.011280547649993897
1,All Population,1,Deaths,88,Malta,3,Both,228,55+ years,697,Falls,3,Rate,2001,37.063765499386996,41.473637263301065,32.302013346005495
1,All Population,1,Deaths,88,Malta,3,Both,228,55+ years,697,Falls,1,Number,1999,30.392501499076054,34.06211964527328,26.459219994261403
1,All Population,1,Deaths,88,Malta,3,Both,228,55+ years,697,Falls,2,Percent,1999,0.011176836067585872,0.012445926221665776,0.009688397212460911
1,All Population,1,Deaths,88,Malta,3,Both,228,55+ years,697,Falls,3,Rate,1999,34.877340052038576,39.08846166537274,30.3636478649053
1,All Population,1,Deaths,81,Germany,3,Both,228,55+ years,697,Falls,1,Number,1996,9438.230251155617,10599.688319956522,8137.285163662798
1,All Population,1,Deaths,81,Germany,3,Both,228,55+ years,697,Falls,2,Percent,1996,0.01183277838096906,0.013306967483680461,0.010203381754281747
1,All Population,1,Deaths,81,Germany,3,Both,228,55+ years,697,Falls,3,Rate,1996,39.90928941900764,44.82048198184449,34.408279946534776
1,All Population,1,Deaths,79,Finland,3,Both,228,55+ years,697,Falls,1,Number,2001,980.3088212096203,1060.9414294159478,861.5016903540172
1,All Population,1,Deaths,79,Finland,3,Both,228,55+ years,697,Falls,2,Percent,2001,0.02286520824520725,0.02477872872855445,0.019951405560030035
1,All Population,1,Deaths,79,Finland,3,Both,228,55+ years,697,Falls,3,Rate,2001,70.62034003802437,76.42902204361654,62.0616085460319
1,All Population,1,Deaths,90,Norway,3,Both,228,55+ years,697,Falls,1,Number,1997,977.6992681081502,1103.7511798191667,836.659699637038
1,All Population,1,Deaths,90,Norway,3,Both,228,55+ years,697,Falls,2,Percent,1997,0.02414830269196127,0.027167439629522398,0.020697178777233986
1,All Population,1,Deaths,90,Norway,3,Both,228,55+ years,697,Falls,3,Rate,1997,91.6551389580925,103.47196838680027,78.43328059276617
1,All Population,1,Deaths,79,Finland,3,Both,228,55+ years,697,Falls,1,Number,1999,941.2377722976983,1020.7530160480218,825.2757107855184
1,All Population,1,Deaths,79,Finland,3,Both,228,55+ years,697,Falls,2,Percent,1999,0.02186308079502935,0.023601191018206513,0.01915841891020999
1,All Population,1,Deaths,79,Finland,3,Both,228,55+ years,697,Falls,3,Rate,1999,71.76707623006187,77.8299189331876,62.92525288501709
1,All Population,1,Deaths,76,Belgium,3,Both,228,55+ years,697,Falls,1,Number,1992,1225.2724985338957,1371.8195363171155,1062.0036712767856
1,All Population,1,Deaths,76,Belgium,3,Both,228,55+ years,697,Falls,2,Percent,1992,0.013119815471635873,0.01468417700906307,0.011386655245790496
1,All Population,1,Deaths,76,Belgium,3,Both,228,55+ years,697,Falls,3,Rate,1992,46.08879511799883,51.60118228707529,39.94741551663443
1,All Population,1,Deaths,396,San Marino,3,Both,228,55+ years,697,Falls,1,Number,1997,1.473511394584796,1.9169242690388906,1.0791552622703784
1,All Population,1,Deaths,396,San Marino,3,Both,228,55+ years,697,Falls,2,Percent,1997,0.008819935279781059,0.011441058214247185,0.006552938232804931
1,All Population,1,Deaths,396,San Marino,3,Both,228,55+ years,697,Falls,3,Rate,1997,24.531626074920297,31.91374668348097,17.96622236386512
1,All Population,1,Deaths,86,Italy,3,Both,228,55+ years,697,Falls,1,Number,1990,7963.29732281796,9046.608989642391,6701.021216317285
1,All Population,1,Deaths,86,Italy,3,Both,228,55+ years,697,Falls,2,Percent,1990,0.016318049444980727,0.018516729025603588,0.013740074920926354
1,All Population,1,Deaths,86,Italy,3,Both,228,55+ years,697,Falls,3,Rate,1990,52.26690158071425,59.37719044421178,43.98198412106937
1,All Population,1,Deaths,85,Israel,3,Both,228,55+ years,697,Falls,1,Number,1998,316.4396562542346,356.9233985572442,271.022845647094
1,All Population,1,Deaths,85,Israel,3,Both,228,55+ years,697,Falls,2,Percent,1998,0.008819322956003621,0.009877635893081011,0.007477626541774985
1,All Population,1,Deaths,85,Israel,3,Both,228,55+ years,697,Falls,3,Rate,1998,30.641177822186823,34.56126028434668,26.24342127547922
1,All Population,1,Deaths,91,Portugal,3,Both,228,55+ years,697,Falls,1,Number,1994,519.5546612218661,574.9579046526204,457.4851683540654
1,All Population,1,Deaths,91,Portugal,3,Both,228,55+ years,697,Falls,2,Percent,1994,0.005909620699760388,0.006545635581903172,0.005206959725284857
1,All Population,1,Deaths,91,Portugal,3,Both,228,55+ years,697,Falls,3,Rate,1994,19.994317936922727,22.126432508440704,17.605662291598044
1,All Population,1,Deaths,367,Monaco,3,Both,228,55+ years,697,Falls,1,Number,2001,3.309921703022724,4.960975961530145,2.148476592908129
1,All Population,1,Deaths,367,Monaco,3,Both,228,55+ years,697,Falls,2,Percent,2001,0.006643664208231876,0.009829479878433167,0.004446365595183291
1,All Population,1,Deaths,367,Monaco,3,Both,228,55+ years,697,Falls,3,Rate,2001,27.4869768682681,41.198023317011675,17.841849961994633
1,All Population,1,Deaths,93,Sweden,3,Both,228,55+ years,697,Falls,1,Number,1992,1242.3153220242802,1385.4643649326265,1093.3870519282182
1,All Population,1,Deaths,93,Sweden,3,Both,228,55+ years,697,Falls,2,Percent,1992,0.01423840658361726,0.015884811770983356,0.012532364819739662
1,All Population,1,Deaths,93,Sweden,3,Both,228,55+ years,697,Falls,3,Rate,1992,52.414538292665895,58.45414100709766,46.1311041456161
1,All Population,1,Deaths,84,Ireland,3,Both,228,55+ years,697,Falls,1,Number,1996,230.19749134925254,254.92878258034295,203.25283028021624
1,All Population,1,Deaths,84,Ireland,3,Both,228,55+ years,697,Falls,2,Percent,1996,0.008094059652784938,0.008998983088219517,0.007144233048801492
1,All Population,1,Deaths,84,Ireland,3,Both,228,55+ years,697,Falls,3,Rate,1996,32.15410985520637,35.6085899646316,28.39046505201155
1,All Population,1,Deaths,80,France,3,Both,228,55+ years,697,Falls,1,Number,1999,12057.806013806734,13554.042920334894,10215.938958865967
1,All Population,1,Deaths,80,France,3,Both,228,55+ years,697,Falls,2,Percent,1999,0.02554021124659251,0.028693199058932202,0.021683889521324693
1,All Population,1,Deaths,80,France,3,Both,228,55+ years,697,Falls,3,Rate,1999,80.40888443978113,90.38671460007696,68.12617936021783
1,All Population,1,Deaths,77,Cyprus,3,Both,228,55+ years,697,Falls,1,Number,1997,89.34970197868167,120.60951424022153,66.78011666026336
1,All Population,1,Deaths,77,Cyprus,3,Both,228,55+ years,697,Falls,2,Percent,1997,0.013593833658667889,0.0183730627002873,0.010220894790278072
1,All Population,1,Deaths,77,Cyprus,3,Both,228,55+ years,697,Falls,3,Rate,1997,53.43723425007785,72.13274048502775,39.939078230764025
1,All Population,1,Deaths,95,United Kingdom,3,Both,228,55+ years,697,Falls,1,Number,1987,4231.41705559967,4704.48327613363,3722.0492445245386
1,All Population,1,Deaths,95,United Kingdom,3,Both,228,55+ years,697,Falls,2,Percent,1987,0.007213568516543994,0.008013156805125585,0.006354067151914532
1,All Population,1,Deaths,95,United Kingdom,3,Both,228,55+ years,697,Falls,3,Rate,1987,28.53556501040119,31.725799325028117,25.10052230575808
1,All Population,1,Deaths,84,Ireland,3,Both,228,55+ years,697,Falls,1,Number,1998,273.7920973688072,301.87603718189376,239.7410267331467
1,All Population,1,Deaths,84,Ireland,3,Both,228,55+ years,697,Falls,2,Percent,1998,0.00970437172504792,0.010688286610454024,0.008464694860849421
1,All Population,1,Deaths,84,Ireland,3,Both,228,55+ years,697,Falls,3,Rate,1998,37.33358047915296,41.16303369295855,32.69046477860977
1,All Population,1,Deaths,78,Denmark,3,Both,228,55+ years,697,Falls,1,Number,2003,956.0085161392956,1064.316967760627,842.0379069275593
1,All Population,1,Deaths,78,Denmark,3,Both,228,55+ years,697,Falls,2,Percent,2003,0.01835987658148576,0.020389581282455944,0.016061348027511777
1,All Population,1,Deaths,78,Denmark,3,Both,228,55+ years,697,Falls,3,Rate,2003,64.76292616819177,72.10007028074634,57.042210269623304
1,All Population,1,Deaths,86,Italy,3,Both,228,55+ years,697,Falls,1,Number,1993,8032.379225873613,9169.482748028386,6737.862497983751
1,All Population,1,Deaths,86,Italy,3,Both,228,55+ years,697,Falls,2,Percent,1993,0.01611927476133229,0.018410267127798554,0.013508728762810089
1,All Population,1,Deaths,86,Italy,3,Both,228,55+ years,697,Falls,3,Rate,1993,50.75881811055259,57.944488661066956,42.57841012877154
1,All Population,1,Deaths,77,Cyprus,3,Both,228,55+ years,697,Falls,1,Number,1998,94.64961108829687,128.78571295255864,70.9642777886062
1,All Population,1,Deaths,77,Cyprus,3,Both,228,55+ years,697,Falls,2,Percent,1998,0.01356181246631002,0.01848625745703896,0.01017632899106767
1,All Population,1,Deaths,77,Cyprus,3,Both,228,55+ years,697,Falls,3,Rate,1998,53.3288346578224,72.56228433870425,39.98370614824734
1,All Population,1,Deaths,77,Cyprus,3,Both,228,55+ years,697,Falls,1,Number,1996,83.82780189885312,111.62865264115958,62.71565208899465
1,All Population,1,Deaths,77,Cyprus,3,Both,228,55+ years,697,Falls,2,Percent,1996,0.013411510406386372,0.017934566820281647,0.010066984527571992
1,All Population,1,Deaths,77,Cyprus,3,Both,228,55+ years,697,Falls,3,Rate,1996,51.419205072287035,68.47199201315824,38.46920595505134
1,All Population,1,Deaths,90,Norway,3,Both,228,55+ years,697,Falls,1,Number,2001,1013.5477063241929,1143.7368183415833,869.298209518192
1,All Population,1,Deaths,90,Norway,3,Both,228,55+ years,697,Falls,2,Percent,2001,0.025129412944507653,0.028293623358451224,0.02134353144157775
1,All Population,1,Deaths,90,Norway,3,Both,228,55+ years,697,Falls,3,Rate,2001,90.88300800500919,102.55683256779395,77.94841391423529
1,All Population,1,Deaths,80,France,3,Both,228,55+ years,697,Falls,1,Number,2001,12631.106685438968,14157.005979591677,10795.09787416473
1,All Population,1,Deaths,80,France,3,Both,228,55+ years,697,Falls,2,Percent,2001,0.02716703325340897,0.03051062728780461,0.023302768242541554
1,All Population,1,Deaths,80,France,3,Both,228,55+ years,697,Falls,3,Rate,2001,81.77060516998361,91.64889309982561,69.88474628729469
1,All Population,1,Deaths,81,Germany,3,Both,228,55+ years,697,Falls,1,Number,2000,8384.515793249262,9310.306768205397,7171.098095121902
1,All Population,1,Deaths,81,Germany,3,Both,228,55+ years,697,Falls,2,Percent,2000,0.010994680625303418,0.012211049529915042,0.009405479037344667
1,All Population,1,Deaths,81,Germany,3,Both,228,55+ years,697,Falls,3,Rate,2000,34.50967582092666,38.32012203052162,29.51539202084539
1,All Population,1,Deaths,73,Western Europe,3,Both,228,55+ years,697,Falls,1,Number,2003,52835.58354825176,59026.853702540866,46075.473599704404
1,All Population,1,Deaths,73,Western Europe,3,Both,228,55+ years,697,Falls,2,Percent,2003,0.014855899690950265,0.01659135542846995,0.01296332106021427
1,All Population,1,Deaths,73,Western Europe,3,Both,228,55+ years,697,Falls,3,Rate,2003,46.63824066168427,52.10330659009482,40.67105692854977
1,All Population,1,Deaths,367,Monaco,3,Both,228,55+ years,697,Falls,1,Number,2002,3.346590197653712,4.95219775341176,2.1082284882037716
1,All Population,1,Deaths,367,Monaco,3,Both,228,55+ years,697,Falls,2,Percent,2002,0.006681495701685546,0.009843301111467194,0.004356898194904258
1,All Population,1,Deaths,367,Monaco,3,Both,228,55+ years,697,Falls,3,Rate,2002,27.29294895230273,40.38740105685359,17.19355197677831
1,All Population,1,Deaths,88,Malta,3,Both,228,55+ years,697,Falls,1,Number,2002,36.133878787681276,40.709459087483246,31.819484437379682
1,All Population,1,Deaths,88,Malta,3,Both,228,55+ years,697,Falls,2,Percent,2002,0.013205855758692752,0.014817387312392705,0.011516621524683057
1,All Population,1,Deaths,88,Malta,3,Both,228,55+ years,697,Falls,3,Rate,2002,36.72007150786015,41.36988053572362,32.335685597145456
1,All Population,1,Deaths,80,France,3,Both,228,55+ years,697,Falls,1,Number,1994,10698.177225330719,12099.465952510562,9154.267960828507
1,All Population,1,Deaths,80,France,3,Both,228,55+ years,697,Falls,2,Percent,1994,0.02360730824204359,0.026678967030795142,0.020218111300486407
1,All Population,1,Deaths,80,France,3,Both,228,55+ years,697,Falls,3,Rate,1994,73.64198603379981,83.28789885640302,63.014330303371295
1,All Population,1,Deaths,73,Western Europe,3,Both,228,55+ years,697,Falls,1,Number,2002,51121.97502385105,57269.50984639751,44231.49814649721
1,All Population,1,Deaths,73,Western Europe,3,Both,228,55+ years,697,Falls,2,Percent,2002,0.014664010887427506,0.016416899596264353,0.012693768843538705
1,All Population,1,Deaths,73,Western Europe,3,Both,228,55+ years,697,Falls,3,Rate,2002,45.90403635697814,51.42410207956226,39.71685949326352
1,All Population,1,Deaths,89,Netherlands,3,Both,228,55+ years,697,Falls,1,Number,2002,2033.9551238818776,2292.0827867143785,1751.07845696876
1,All Population,1,Deaths,89,Netherlands,3,Both,228,55+ years,697,Falls,2,Percent,2002,0.01585588077295505,0.017914411528999297,0.013703897541606195
1,All Population,1,Deaths,89,Netherlands,3,Both,228,55+ years,697,Falls,3,Rate,2002,51.89720147810567,58.48343495385906,44.679486984864205
1,All Population,1,Deaths,92,Spain,3,Both,228,55+ years,697,Falls,1,Number,1995,1840.6676360334263,2053.692263436544,1601.2918400303874
1,All Population,1,Deaths,92,Spain,3,Both,228,55+ years,697,Falls,2,Percent,1995,0.006038679853173509,0.006726144867885141,0.005277733554152756
1,All Population,1,Deaths,92,Spain,3,Both,228,55+ years,697,Falls,3,Rate,1995,18.121491665843365,20.218732870357535,15.764821505867284
1,All Population,1,Deaths,91,Portugal,3,Both,228,55+ years,697,Falls,1,Number,1997,519.5102952887324,574.9082974310467,466.2902505799353
1,All Population,1,Deaths,91,Portugal,3,Both,228,55+ years,697,Falls,2,Percent,1997,0.005651580157068276,0.006234969782676757,0.00503819360655108
1,All Population,1,Deaths,91,Portugal,3,Both,228,55+ years,697,Falls,3,Rate,1997,19.24824756902453,21.3007852564095,17.27640484429057
1,All Population,1,Deaths,75,Austria,3,Both,228,55+ years,697,Falls,1,Number,1998,904.9067993289539,977.8095342077537,821.701342123114
1,All Population,1,Deaths,75,Austria,3,Both,228,55+ years,697,Falls,2,Percent,1998,0.012781375020763448,0.013766593781590928,0.011551187465961683
1,All Population,1,Deaths,75,Austria,3,Both,228,55+ years,697,Falls,3,Rate,1998,43.17784497449862,46.65641645517279,39.207676626852034
1,All Population,1,Deaths,85,Israel,3,Both,228,55+ years,697,Falls,1,Number,1997,224.5304060805271,253.37806687862417,192.0270099413886
1,All Population,1,Deaths,85,Israel,3,Both,228,55+ years,697,Falls,2,Percent,1997,0.007207123150077834,0.008074700350982714,0.0061683834212384785
1,All Population,1,Deaths,85,Israel,3,Both,228,55+ years,697,Falls,3,Rate,1997,22.78654575934747,25.714160572417466,19.487927383388854
1,All Population,1,Deaths,82,Greece,3,Both,228,55+ years,697,Falls,1,Number,1996,337.07255559337375,366.6317378167699,302.99526531355787
1,All Population,1,Deaths,82,Greece,3,Both,228,55+ years,697,Falls,2,Percent,1996,0.003698168795739854,0.004012804950817922,0.0033246370604627594
1,All Population,1,Deaths,82,Greece,3,Both,228,55+ years,697,Falls,3,Rate,1996,11.43342371090944,12.436064386633188,10.277529847041128
1,All Population,1,Deaths,84,Ireland,3,Both,228,55+ years,697,Falls,1,Number,2000,299.5287424970177,331.75842532436536,261.8926911111348
1,All Population,1,Deaths,84,Ireland,3,Both,228,55+ years,697,Falls,2,Percent,2000,0.010827538298259241,0.011977037219144353,0.009472457446882913
1,All Population,1,Deaths,84,Ireland,3,Both,228,55+ years,697,Falls,3,Rate,2000,39.44666640543973,43.69117908974804,34.4901578865563
1,All Population,1,Deaths,74,Andorra,3,Both,228,55+ years,697,Falls,1,Number,2000,8.429219244605104,11.52084220689991,6.02238685741502
1,All Population,1,Deaths,74,Andorra,3,Both,228,55+ years,697,Falls,2,Percent,2000,0.0237855069618524,0.032461955198505296,0.01664194858696399
1,All Population,1,Deaths,74,Andorra,3,Both,228,55+ years,697,Falls,3,Rate,2000,59.1350760490963,80.82431602318363,42.24997529139477
1,All Population,1,Deaths,78,Denmark,3,Both,228,55+ years,697,Falls,1,Number,2002,988.1805883030493,1104.8337901843843,861.4847089461293
1,All Population,1,Deaths,78,Denmark,3,Both,228,55+ years,697,Falls,2,Percent,2002,0.01871761247050813,0.020829170015742235,0.016300438142068982
1,All Population,1,Deaths,78,Denmark,3,Both,228,55+ years,697,Falls,3,Rate,2002,68.26111108129749,76.31923048362763,59.50926794989493
1,All Population,1,Deaths,79,Finland,3,Both,228,55+ years,697,Falls,1,Number,2003,1083.769264982037,1180.9306407382169,942.2197383476088
1,All Population,1,Deaths,79,Finland,3,Both,228,55+ years,697,Falls,2,Percent,2003,0.024978966220977963,0.027121186372363278,0.021828373795101715
1,All Population,1,Deaths,79,Finland,3,Both,228,55+ years,697,Falls,3,Rate,2003,73.41513880181182,79.99690497455263,63.82649435416774
1,All Population,1,Deaths,367,Monaco,3,Both,228,55+ years,697,Falls,1,Number,2003,3.40118864540421,5.031198884283911,2.1586338419411266
1,All Population,1,Deaths,367,Monaco,3,Both,228,55+ years,697,Falls,2,Percent,2003,0.006743573991573798,0.010020635004372447,0.004179197146335761
1,All Population,1,Deaths,367,Monaco,3,Both,228,55+ years,697,Falls,3,Rate,2003,27.342523065700586,40.446351521119745,17.353490725493888
1,All Population,1,Deaths,78,Denmark,3,Both,228,55+ years,697,Falls,1,Number,2004,931.999308715524,1038.9465006457435,815.0620307243973
1,All Population,1,Deaths,78,Denmark,3,Both,228,55+ years,697,Falls,2,Percent,2004,0.01840658722162848,0.020442978117881414,0.016122735480540124
1,All Population,1,Deaths,78,Denmark,3,Both,228,55+ years,697,Falls,3,Rate,2004,62.15547272380305,69.28783130899062,54.35687059544912
1,All Population,1,Deaths,85,Israel,3,Both,228,55+ years,697,Falls,1,Number,1999,303.85395508859403,338.2997072543992,260.22951554228484
1,All Population,1,Deaths,85,Israel,3,Both,228,55+ years,697,Falls,2,Percent,1999,0.009386549815972716,0.010473416781458031,0.008005893263059798
1,All Population,1,Deaths,85,Israel,3,Both,228,55+ years,697,Falls,3,Rate,1999,29.543132597542744,32.89222648496561,25.301612681718936
1,All Population,1,Deaths,86,Italy,3,Both,228,55+ years,697,Falls,1,Number,1996,8618.565646785226,9926.897550937054,7165.718130025327
1,All Population,1,Deaths,86,Italy,3,Both,228,55+ years,697,Falls,2,Percent,1996,0.017099250557405275,0.019685960159711805,0.01423542811818647
1,All Population,1,Deaths,86,Italy,3,Both,228,55+ years,697,Falls,3,Rate,1996,52.18614957548767,60.10821076787616,43.389034031291665
1,All Population,1,Deaths,86,Italy,3,Both,228,55+ years,697,Falls,1,Number,1998,8572.633582518414,9914.416224760844,7072.574710752545
1,All Population,1,Deaths,86,Italy,3,Both,228,55+ years,697,Falls,2,Percent,1998,0.016258713822806498,0.018771526563210447,0.013410221551298928
1,All Population,1,Deaths,86,Italy,3,Both,228,55+ years,697,Falls,3,Rate,1998,50.91594994739309,58.88527899838774,42.006561519929654
1,All Population,1,Deaths,80,France,3,Both,228,55+ years,697,Falls,1,Number,2004,11814.764457468475,13428.539402002234,10167.5955695211
1,All Population,1,Deaths,80,France,3,Both,228,55+ years,697,Falls,2,Percent,2004,0.02614755531361677,0.029720955676146226,0.022542237190350006
1,All Population,1,Deaths,80,France,3,Both,228,55+ years,697,Falls,3,Rate,2004,71.55237905545239,81.32569590464945,61.57682236424333
1,All Population,1,Deaths,81,Germany,3,Both,228,55+ years,697,Falls,1,Number,1999,8217.56129179141,9165.479869277333,7102.240733314115
1,All Population,1,Deaths,81,Germany,3,Both,228,55+ years,697,Falls,2,Percent,1999,0.010676058363174616,0.011904303449066891,0.00923741690526006
1,All Population,1,Deaths,81,Germany,3,Both,228,55+ years,697,Falls,3,Rate,1999,33.84602441423046,37.75025757746092,29.252305485766396
1,All Population,1,Deaths,81,Germany,3,Both,228,55+ years,697,Falls,1,Number,2001,8400.679387726042,9327.084260568043,7208.345107436321
1,All Population,1,Deaths,81,Germany,3,Both,228,55+ years,697,Falls,2,Percent,2001,0.011151984832453044,0.01238107364095466,0.009578402391129871
1,All Population,1,Deaths,81,Germany,3,Both,228,55+ years,697,Falls,3,Rate,2001,34.453118806787735,38.25251831652812,29.563081618099442
1,All Population,1,Deaths,82,Greece,3,Both,228,55+ years,697,Falls,1,Number,2000,417.57494262425416,454.9788931603587,376.2245289358112
1,All Population,1,Deaths,82,Greece,3,Both,228,55+ years,697,Falls,2,Percent,2000,0.004376805846303666,0.004771295375751671,0.003967869322586935
1,All Population,1,Deaths,82,Greece,3,Both,228,55+ years,697,Falls,3,Rate,2000,13.648570641010458,14.87113073510177,12.297019135752729
1,All Population,1,Deaths,75,Austria,3,Both,228,55+ years,697,Falls,1,Number,1996,956.8349231066192,1031.7511212300342,853.8575020572473
1,All Population,1,Deaths,75,Austria,3,Both,228,55+ years,697,Falls,2,Percent,1996,0.013230380107406757,0.014220124705336998,0.011795368876688184
1,All Population,1,Deaths,75,Austria,3,Both,228,55+ years,697,Falls,3,Rate,1996,46.89622858614736,50.568008395974886,41.84911694742933
1,All Population,1,Deaths,91,Portugal,3,Both,228,55+ years,697,Falls,1,Number,1996,524.1425562539254,581.0932401322883,464.1556996718467
1,All Population,1,Deaths,91,Portugal,3,Both,228,55+ years,697,Falls,2,Percent,1996,0.0056240291106367975,0.006205463469335028,0.004974076402780092
1,All Population,1,Deaths,91,Portugal,3,Both,228,55+ years,697,Falls,3,Rate,1996,19.617419496723443,21.748949255062485,17.372252956019366
1,All Population,1,Deaths,79,Finland,3,Both,228,55+ years,697,Falls,1,Number,2002,1040.3940089869336,1131.795049567979,905.8209738865866
1,All Population,1,Deaths,79,Finland,3,Both,228,55+ years,697,Falls,2,Percent,2002,0.02383552836520554,0.025869239111432563,0.020800324032359957
1,All Population,1,Deaths,79,Finland,3,Both,228,55+ years,697,Falls,3,Rate,2002,72.59698474831512,78.97479920295943,63.20669944070612
1,All Population,1,Deaths,87,Luxembourg,3,Both,228,55+ years,697,Falls,1,Number,2003,61.202354458938494,68.60735176279573,54.23130035490196
1,All Population,1,Deaths,87,Luxembourg,3,Both,228,55+ years,697,Falls,2,Percent,2003,0.01832383094607937,0.02040370660857844,0.016165219574678376
1,All Population,1,Deaths,87,Luxembourg,3,Both,228,55+ years,697,Falls,3,Rate,2003,56.8066567906881,63.67980969624188,50.336280259291634
1,All Population,1,Deaths,79,Finland,3,Both,228,55+ years,697,Falls,1,Number,2004,1064.0989108128545,1158.2705268968102,920.440793156481
1,All Population,1,Deaths,79,Finland,3,Both,228,55+ years,697,Falls,2,Percent,2004,0.02520735068623933,0.02737776325965039,0.021845135022373306
1,All Population,1,Deaths,79,Finland,3,Both,228,55+ years,697,Falls,3,Rate,2004,70.16802596195404,76.37782124988496,60.69502826697682
1,All Population,1,Deaths,76,Belgium,3,Both,228,55+ years,697,Falls,1,Number,2000,1648.6452732681448,1842.2364972735274,1417.2905158984745
1,All Population,1,Deaths,76,Belgium,3,Both,228,55+ years,697,Falls,2,Percent,2000,0.017643030207458776,0.019731924911976,0.015132121376396291
1,All Population,1,Deaths,76,Belgium,3,Both,228,55+ years,697,Falls,3,Rate,2000,59.42778938823844,66.40606341367341,51.088274504192476
1,All Population,1,Deaths,396,San Marino,3,Both,228,55+ years,697,Falls,1,Number,1998,1.554334238981827,1.9942526998486056,1.1627139653971978
1,All Population,1,Deaths,396,San Marino,3,Both,228,55+ years,697,Falls,2,Percent,1998,0.009001372698042253,0.011529010167644927,0.006816557167400986
1,All Population,1,Deaths,396,San Marino,3,Both,228,55+ years,697,Falls,3,Rate,1998,25.203690005923928,32.33701322399343,18.853526876320807
1,All Population,1,Deaths,76,Belgium,3,Both,228,55+ years,697,Falls,1,Number,1999,1522.8096261847681,1694.948692722707,1305.8527661568596
1,All Population,1,Deaths,76,Belgium,3,Both,228,55+ years,697,Falls,2,Percent,1999,0.016138987102889468,0.017965316985378035,0.013845432121673168
1,All Population,1,Deaths,76,Belgium,3,Both,228,55+ years,697,Falls,3,Rate,1999,55.348156733952756,61.60473659196714,47.46262587911034
1,All Population,1,Deaths,85,Israel,3,Both,228,55+ years,697,Falls,1,Number,2000,301.37256418250405,335.68061991821884,258.6560715056455
1,All Population,1,Deaths,85,Israel,3,Both,228,55+ years,697,Falls,2,Percent,2000,0.0093146187819597,0.01040524649778679,0.00798323966772108
1,All Population,1,Deaths,85,Israel,3,Both,228,55+ years,697,Falls,3,Rate,2000,28.67092357248834,31.93480277326281,24.607112056847814
1,All Population,1,Deaths,396,San Marino,3,Both,228,55+ years,697,Falls,1,Number,1999,1.6322193288249622,2.090713128726379,1.1845986295773072
1,All Population,1,Deaths,396,San Marino,3,Both,228,55+ years,697,Falls,2,Percent,1999,0.00917977438132975,0.011835609033738577,0.006892767961210167
1,All Population,1,Deaths,396,San Marino,3,Both,228,55+ years,697,Falls,3,Rate,1999,25.824430398014673,33.07856653914176,18.7423248327329
1,All Population,1,Deaths,86,Italy,3,Both,228,55+ years,697,Falls,1,Number,1997,8689.495299301701,9977.882016822523,7198.301165794055
1,All Population,1,Deaths,86,Italy,3,Both,228,55+ years,697,Falls,2,Percent,1997,0.016915159325323968,0.019434268561487524,0.01402731011629381
1,All Population,1,Deaths,86,Italy,3,Both,228,55+ years,697,Falls,3,Rate,1997,52.086209651487906,59.809003481225595,43.14775608270701
1,All Population,1,Deaths,92,Spain,3,Both,228,55+ years,697,Falls,1,Number,1997,1937.649225208598,2168.9428386989894,1667.0579372170382
1,All Population,1,Deaths,92,Spain,3,Both,228,55+ years,697,Falls,2,Percent,1997,0.006209410802051599,0.006935290607559323,0.005344448110480379
1,All Population,1,Deaths,92,Spain,3,Both,228,55+ years,697,Falls,3,Rate,1997,18.574726349135684,20.79195716728042,15.980779487385051
1,All Population,1,Deaths,91,Portugal,3,Both,228,55+ years,697,Falls,1,Number,1998,531.7222103580202,587.1818895500346,474.83277150410146
1,All Population,1,Deaths,91,Portugal,3,Both,228,55+ years,697,Falls,2,Percent,1998,0.005698452522866888,0.0062962434708506475,0.00509991897462001
1,All Population,1,Deaths,91,Portugal,3,Both,228,55+ years,697,Falls,3,Rate,1998,19.435114690149287,21.46223562807274,17.355734240647863
1,All Population,1,Deaths,78,Denmark,3,Both,228,55+ years,697,Falls,1,Number,2005,945.7271003594167,1055.9962596665603,822.6269335008219
1,All Population,1,Deaths,78,Denmark,3,Both,228,55+ years,697,Falls,2,Percent,2005,0.01887112390191992,0.02102847165137556,0.016446927767781127
1,All Population,1,Deaths,78,Denmark,3,Both,228,55+ years,697,Falls,3,Rate,2005,62.17921083503697,69.4291345207972,54.085680231948714
1,All Population,1,Deaths,367,Monaco,3,Both,228,55+ years,697,Falls,1,Number,2004,3.4647685715779524,5.1177856635689,2.1880845252011913
1,All Population,1,Deaths,367,Monaco,3,Both,228,55+ years,697,Falls,2,Percent,2004,0.006837777528372313,0.01011115366870263,0.004198430254116949
1,All Population,1,Deaths,367,Monaco,3,Both,228,55+ years,697,Falls,3,Rate,2004,27.557205112042254,40.70455683745928,17.40303654278231
1,All Population,1,Deaths,81,Germany,3,Both,228,55+ years,697,Falls,1,Number,1994,9846.422030202366,11179.366010032083,8511.894597966811
1,All Population,1,Deaths,81,Germany,3,Both,228,55+ years,697,Falls,2,Percent,1994,0.012420241471563906,0.014112371419548157,0.010724627639994037
1,All Population,1,Deaths,81,Germany,3,Both,228,55+ years,697,Falls,3,Rate,1994,43.473520466700045,49.358680295351135,37.58136944364742
1,All Population,1,Deaths,88,Malta,3,Both,228,55+ years,697,Falls,1,Number,2003,38.55947207416887,43.45973542500806,33.678513546675234
1,All Population,1,Deaths,88,Malta,3,Both,228,55+ years,697,Falls,2,Percent,2003,0.01375379155255148,0.015531481215607237,0.01206942956837178
1,All Population,1,Deaths,88,Malta,3,Both,228,55+ years,697,Falls,3,Rate,2003,37.56499238369616,42.33887401512273,32.80991768874816
1,All Population,1,Deaths,91,Portugal,3,Both,228,55+ years,697,Falls,1,Number,2001,617.6675493113962,679.4321621935643,552.3580555434831
1,All Population,1,Deaths,91,Portugal,3,Both,228,55+ years,697,Falls,2,Percent,2001,0.006654140937930472,0.007317561433734664,0.00597176193941258
1,All Population,1,Deaths,91,Portugal,3,Both,228,55+ years,697,Falls,3,Rate,2001,21.54826216547042,23.703013653414896,19.26984217210332
1,All Population,1,Deaths,367,Monaco,3,Both,228,55+ years,697,Falls,1,Number,2005,3.790602963285904,5.761399510816064,2.4499920939492204
1,All Population,1,Deaths,367,Monaco,3,Both,228,55+ years,697,Falls,2,Percent,2005,0.007104908727534668,0.010570658294838527,0.004504096688746556
1,All Population,1,Deaths,367,Monaco,3,Both,228,55+ years,697,Falls,3,Rate,2005,29.50353445163306,44.842905100679324,19.069110336842076
1,All Population,1,Deaths,91,Portugal,3,Both,228,55+ years,697,Falls,1,Number,2000,571.2368645788546,628.2312595836182,510.5567610875612
1,All Population,1,Deaths,91,Portugal,3,Both,228,55+ years,697,Falls,2,Percent,2000,0.006134816139658625,0.006747336483057467,0.005501250568215375
1,All Population,1,Deaths,91,Portugal,3,Both,228,55+ years,697,Falls,3,Rate,2000,20.271854328813085,22.29445151176488,18.118460010433985
1,All Population,1,Deaths,75,Austria,3,Both,228,55+ years,697,Falls,1,Number,2000,915.932546174759,996.3119910855219,817.3348988634378
1,All Population,1,Deaths,75,Austria,3,Both,228,55+ years,697,Falls,2,Percent,2000,0.013276752831294217,0.014419141321860472,0.01182012940421584
1,All Population,1,Deaths,75,Austria,3,Both,228,55+ years,697,Falls,3,Rate,2000,42.76683701451299,46.519924110470086,38.163103333263095
1,All Population,1,Deaths,74,Andorra,3,Both,228,55+ years,697,Falls,1,Number,2001,8.939870075895591,12.32494483380451,6.164541472163579
1,All Population,1,Deaths,74,Andorra,3,Both,228,55+ years,697,Falls,2,Percent,2001,0.024518324393867644,0.03389395970207756,0.017073151250022883
1,All Population,1,Deaths,74,Andorra,3,Both,228,55+ years,697,Falls,3,Rate,2001,60.38234278762509,83.24606929131434,41.637009614306066
1,All Population,1,Deaths,83,Iceland,3,Both,228,55+ years,697,Falls,1,Number,1999,19.659699917997568,22.155862458322336,16.765842187753357
1,All Population,1,Deaths,83,Iceland,3,Both,228,55+ years,697,Falls,2,Percent,1999,0.011824857551363555,0.013348220190127335,0.010013051995031948
1,All Population,1,Deaths,83,Iceland,3,Both,228,55+ years,697,Falls,3,Rate,1999,37.15457502126747,41.87203554999462,31.68551625700812
1,All Population,1,Deaths,80,France,3,Both,228,55+ years,697,Falls,1,Number,2003,13101.297992242005,14903.19666876958,11366.105004674877
1,All Population,1,Deaths,80,France,3,Both,228,55+ years,697,Falls,2,Percent,2003,0.026902690786072676,0.030585127146560854,0.023268237336576385
1,All Population,1,Deaths,80,France,3,Both,228,55+ years,697,Falls,3,Rate,2003,81.10992486975093,92.26545055603017,70.36737302951116
1,All Population,1,Deaths,90,Norway,3,Both,228,55+ years,697,Falls,1,Number,2002,983.1604337896033,1118.1111414939912,834.6307253988191
1,All Population,1,Deaths,90,Norway,3,Both,228,55+ years,697,Falls,2,Percent,2002,0.02433344650701015,0.027588578879980268,0.020747776799991062
1,All Population,1,Deaths,90,Norway,3,Both,228,55+ years,697,Falls,3,Rate,2002,86.2382468277335,98.07549336513713,73.20991369589298
1,All Population,1,Deaths,81,Germany,3,Both,228,55+ years,697,Falls,1,Number,2004,9085.934538169118,10159.644283872527,7838.2782121534665
1,All Population,1,Deaths,81,Germany,3,Both,228,55+ years,697,Falls,2,Percent,2004,0.012176515661063354,0.013618229605503933,0.0105167629648322
1,All Population,1,Deaths,81,Germany,3,Both,228,55+ years,697,Falls,3,Rate,2004,36.362799378790584,40.65989087885026,31.36955663793674
1,All Population,1,Deaths,80,France,3,Both,228,55+ years,697,Falls,1,Number,2002,12814.817469805334,14490.470420253787,11049.32843904731
1,All Population,1,Deaths,80,France,3,Both,228,55+ years,697,Falls,2,Percent,2002,0.027189631366961033,0.030737096837115955,0.023420610762640123
1,All Population,1,Deaths,80,France,3,Both,228,55+ years,697,Falls,3,Rate,2002,81.27827940645938,91.90614742063217,70.08062395259907
1,All Population,1,Deaths,87,Luxembourg,3,Both,228,55+ years,697,Falls,1,Number,2004,56.60862789821753,63.34308238121729,50.28277908268728
1,All Population,1,Deaths,87,Luxembourg,3,Both,228,55+ years,697,Falls,2,Percent,2004,0.017538066381749904,0.019528539900034492,0.01548110289772225
1,All Population,1,Deaths,87,Luxembourg,3,Both,228,55+ years,697,Falls,3,Rate,2004,51.64975674706813,57.7942783294768,45.878047297965665
1,All Population,1,Deaths,87,Luxembourg,3,Both,228,55+ years,697,Falls,1,Number,2002,57.21628284831784,63.60461331967659,50.36770786472546
1,All Population,1,Deaths,87,Luxembourg,3,Both,228,55+ years,697,Falls,2,Percent,2002,0.017646945237316487,0.01971216636911899,0.015615903001311363
1,All Population,1,Deaths,87,Luxembourg,3,Both,228,55+ years,697,Falls,3,Rate,2002,54.253046159726665,60.3105243930651,47.75915952087966
1,All Population,1,Deaths,79,Finland,3,Both,228,55+ years,697,Falls,1,Number,2005,1104.4895345202206,1207.1354131740331,955.717755560719
1,All Population,1,Deaths,79,Finland,3,Both,228,55+ years,697,Falls,2,Percent,2005,0.026150705004412,0.028545614795604638,0.022538803770011932
1,All Population,1,Deaths,79,Finland,3,Both,228,55+ years,697,Falls,3,Rate,2005,71.01736352789098,77.6173714511568,61.45151507134817
1,All Population,1,Deaths,77,Cyprus,3,Both,228,55+ years,697,Falls,1,Number,1992,83.56294251038038,113.4896815791464,61.4538899302206
1,All Population,1,Deaths,77,Cyprus,3,Both,228,55+ years,697,Falls,2,Percent,1992,0.013144758456252249,0.017595917260492075,0.009806600048300805
1,All Population,1,Deaths,77,Cyprus,3,Both,228,55+ years,697,Falls,3,Rate,1992,54.902161302613315,74.56449733644203,40.37616766789769
1,All Population,1,Deaths,76,Belgium,3,Both,228,55+ years,697,Falls,1,Number,2001,1700.8997793174328,1907.0256619481902,1471.054852874648
1,All Population,1,Deaths,76,Belgium,3,Both,228,55+ years,697,Falls,2,Percent,2001,0.01836258200063489,0.02054799045384216,0.015855985929704424
1,All Population,1,Deaths,76,Belgium,3,Both,228,55+ years,697,Falls,3,Rate,2001,60.63293819154005,67.98082432404503,52.43952586466152
1,All Population,1,Deaths,86,Italy,3,Both,228,55+ years,697,Falls,1,Number,2001,8905.23960177384,10223.601675249261,7366.103378591271
1,All Population,1,Deaths,86,Italy,3,Both,228,55+ years,697,Falls,2,Percent,2001,0.017354916070946698,0.019926989605542112,0.014346313727272198
1,All Population,1,Deaths,86,Italy,3,Both,228,55+ years,697,Falls,3,Rate,2001,51.571170240008676,59.20594234828851,42.65787203155829
1,All Population,1,Deaths,88,Malta,3,Both,228,55+ years,697,Falls,1,Number,2004,37.67459350161711,42.90848954116897,32.91270817762773
1,All Population,1,Deaths,88,Malta,3,Both,228,55+ years,697,Falls,2,Percent,2004,0.013490498321035615,0.015309043011268186,0.011829353213589997
1,All Population,1,Deaths,88,Malta,3,Both,228,55+ years,697,Falls,3,Rate,2004,35.417673536572195,40.33802977731701,30.941051915786534
1,All Population,1,Deaths,86,Italy,3,Both,228,55+ years,697,Falls,1,Number,1999,8643.876392611071,9868.494348920452,7117.796515029964
1,All Population,1,Deaths,86,Italy,3,Both,228,55+ years,697,Falls,2,Percent,1999,0.016519264886012613,0.018831655732099953,0.01361066355717055
1,All Population,1,Deaths,86,Italy,3,Both,228,55+ years,697,Falls,3,Rate,1999,50.89685898912973,58.10765245803159,41.91099792316287
1,All Population,1,Deaths,94,Switzerland,3,Both,228,55+ years,697,Falls,1,Number,1998,1126.0015238729427,1261.271507601836,951.9308870867754
1,All Population,1,Deaths,94,Switzerland,3,Both,228,55+ years,697,Falls,2,Percent,1998,0.019955418109354073,0.02240666414459721,0.016807821727988313
1,All Population,1,Deaths,94,Switzerland,3,Both,228,55+ years,697,Falls,3,Rate,1998,60.904435918070526,68.22107082573734,51.48910768041785
1,All Population,1,Deaths,92,Spain,3,Both,228,55+ years,697,Falls,1,Number,1998,2048.1657119073493,2286.012348778394,1761.8066277600026
1,All Population,1,Deaths,92,Spain,3,Both,228,55+ years,697,Falls,2,Percent,1998,0.006318845089567247,0.007040667726635568,0.00543809074887395
1,All Population,1,Deaths,92,Spain,3,Both,228,55+ years,697,Falls,3,Rate,1998,19.394316860797243,21.64651404041721,16.682749734351496
1,All Population,1,Deaths,93,Sweden,3,Both,228,55+ years,697,Falls,1,Number,1997,1318.755996098716,1487.5332268791806,1140.650383766731
1,All Population,1,Deaths,93,Sweden,3,Both,228,55+ years,697,Falls,2,Percent,1997,0.01520152884504418,0.01712977760683542,0.01318291971536146
1,All Population,1,Deaths,93,Sweden,3,Both,228,55+ years,697,Falls,3,Rate,1997,54.0369419806205,60.95270612069959,46.738940933817354
1,All Population,1,Deaths,79,Finland,3,Both,228,55+ years,697,Falls,1,Number,2007,1094.420412799521,1208.3342004758542,939.6995959963054
1,All Population,1,Deaths,79,Finland,3,Both,228,55+ years,697,Falls,2,Percent,2007,0.024969550827018096,0.027565265970768037,0.02142380084759603
1,All Population,1,Deaths,79,Finland,3,Both,228,55+ years,697,Falls,3,Rate,2007,67.20495593878638,74.2000475800556,57.70403147277148
1,All Population,1,Deaths,78,Denmark,3,Both,228,55+ years,697,Falls,1,Number,2007,927.3496367058507,1034.951918152426,801.278426312756
1,All Population,1,Deaths,78,Denmark,3,Both,228,55+ years,697,Falls,2,Percent,2007,0.01844014548429577,0.020537381867440033,0.01598740882892732
1,All Population,1,Deaths,78,Denmark,3,Both,228,55+ years,697,Falls,3,Rate,2007,59.371026270648876,66.25996828958317,51.29966154697335
1,All Population,1,Deaths,87,Luxembourg,3,Both,228,55+ years,697,Falls,1,Number,2005,55.21295107443147,61.72206653363392,48.54725480428169
1,All Population,1,Deaths,87,Luxembourg,3,Both,228,55+ years,697,Falls,2,Percent,2005,0.017113595503234616,0.019141118287460634,0.015212430996980832
1,All Population,1,Deaths,87,Luxembourg,3,Both,228,55+ years,697,Falls,3,Rate,2005,49.32935522998749,55.14484711136048,43.373968083190114
1,All Population,1,Deaths,86,Italy,3,Both,228,55+ years,697,Falls,1,Number,2000,8637.807308511821,9809.592252870458,7107.010659973385
1,All Population,1,Deaths,86,Italy,3,Both,228,55+ years,697,Falls,2,Percent,2000,0.016734452309279904,0.019038780360990604,0.013759387786674257
1,All Population,1,Deaths,86,Italy,3,Both,228,55+ years,697,Falls,3,Rate,2000,50.46487147899578,57.31081912589563,41.52146103120251
1,All Population,1,Deaths,396,San Marino,3,Both,228,55+ years,697,Falls,1,Number,2000,1.6170923281787626,2.04991966436585,1.2030769230074159
1,All Population,1,Deaths,396,San Marino,3,Both,228,55+ years,697,Falls,2,Percent,2000,0.00925083144205607,0.01184234947097351,0.0069568625024759795
1,All Population,1,Deaths,396,San Marino,3,Both,228,55+ years,697,Falls,3,Rate,2000,25.220435892508252,31.970881673872963,18.763384057753342
1,All Population,1,Deaths,94,Switzerland,3,Both,228,55+ years,697,Falls,1,Number,1997,1134.9261572160135,1266.3311676914716,960.9587384592576
1,All Population,1,Deaths,94,Switzerland,3,Both,228,55+ years,697,Falls,2,Percent,1997,0.0201135169793822,0.022539727909817987,0.01711939024671237
1,All Population,1,Deaths,94,Switzerland,3,Both,228,55+ years,697,Falls,3,Rate,1997,62.351668747900696,69.5709240561742,52.794078768781
1,All Population,1,Deaths,77,Cyprus,3,Both,228,55+ years,697,Falls,1,Number,2000,96.84060629585628,130.2786090026381,71.16272255274929
1,All Population,1,Deaths,77,Cyprus,3,Both,228,55+ years,697,Falls,2,Percent,2000,0.01392480544238139,0.018788722995259917,0.010336207351320313
1,All Population,1,Deaths,77,Cyprus,3,Both,228,55+ years,697,Falls,3,Rate,2000,52.652853195656554,70.83330781091726,38.69162458696287
1,All Population,1,Deaths,82,Greece,3,Both,228,55+ years,697,Falls,1,Number,2001,432.94850887121544,471.69739557418353,392.4283638355718
1,All Population,1,Deaths,82,Greece,3,Both,228,55+ years,697,Falls,2,Percent,2001,0.004609620426589527,0.005026955766809884,0.004177056273959094
1,All Population,1,Deaths,82,Greece,3,Both,228,55+ years,697,Falls,3,Rate,2001,13.952101171827803,15.20081407070123,12.646308100710879
1,All Population,1,Deaths,92,Spain,3,Both,228,55+ years,697,Falls,1,Number,1996,1936.7918129113032,2161.127360424356,1677.3262364478176
1,All Population,1,Deaths,92,Spain,3,Both,228,55+ years,697,Falls,2,Percent,1996,0.006234900645860552,0.006962082709309836,0.005398508706894499
1,All Population,1,Deaths,92,Spain,3,Both,228,55+ years,697,Falls,3,Rate,1996,18.735388485789095,20.905479047826017,16.225470619900598
1,All Population,1,Deaths,92,Spain,3,Both,228,55+ years,697,Falls,1,Number,2000,2134.8255750621306,2376.333840769162,1832.4740724394792
1,All Population,1,Deaths,92,Spain,3,Both,228,55+ years,697,Falls,2,Percent,2000,0.00658119236685512,0.007324862360454676,0.005657027691592185
1,All Population,1,Deaths,92,Spain,3,Both,228,55+ years,697,Falls,3,Rate,2000,19.57060637676084,21.784587350241036,16.79885663084641
1,All Population,1,Deaths,367,Monaco,3,Both,228,55+ years,697,Falls,1,Number,2006,3.6497784686218724,5.200313435396856,2.365869418022097
1,All Population,1,Deaths,367,Monaco,3,Both,228,55+ years,697,Falls,2,Percent,2006,0.007160368345096316,0.010223763722556194,0.004729117276950947
1,All Population,1,Deaths,367,Monaco,3,Both,228,55+ years,697,Falls,3,Rate,2006,28.429041221690476,40.50654753202905,18.428351141948536
1,All Population,1,Deaths,80,France,3,Both,228,55+ years,697,Falls,1,Number,2005,12250.439524616988,13985.306199275912,10433.154976388681
1,All Population,1,Deaths,80,France,3,Both,228,55+ years,697,Falls,2,Percent,2005,0.026158097686294828,0.029829747319029407,0.022287876835293395
1,All Population,1,Deaths,80,France,3,Both,228,55+ years,697,Falls,3,Rate,2005,72.20018898997493,82.42494064325894,61.48969263864116
1,All Population,1,Deaths,82,Greece,3,Both,228,55+ years,697,Falls,1,Number,1999,378.79157339559976,411.5710349826031,340.49464628446924
1,All Population,1,Deaths,82,Greece,3,Both,228,55+ years,697,Falls,2,Percent,1999,0.004042833928490898,0.004409120097256329,0.0036489063599288918
1,All Population,1,Deaths,82,Greece,3,Both,228,55+ years,697,Falls,3,Rate,1999,12.545646540760925,13.631308334080458,11.2772452750555
1,All Population,1,Deaths,73,Western Europe,3,Both,228,55+ years,697,Falls,1,Number,2006,52498.08667215527,58314.36541515538,45376.63424504793
1,All Population,1,Deaths,73,Western Europe,3,Both,228,55+ years,697,Falls,2,Percent,2006,0.015362508667930009,0.01706248940359621,0.01327932827144201
1,All Population,1,Deaths,73,Western Europe,3,Both,228,55+ years,697,Falls,3,Rate,2006,44.235666485571016,49.13654922191141,38.2350250445665
1,All Population,1,Deaths,73,Western Europe,3,Both,228,55+ years,697,Falls,1,Number,2005,52697.48124648773,58278.84000545258,45562.735573799124
1,All Population,1,Deaths,73,Western Europe,3,Both,228,55+ years,697,Falls,2,Percent,2005,0.015245244598724299,0.016857575367550937,0.013176144107111234
1,All Population,1,Deaths,73,Western Europe,3,Both,228,55+ years,697,Falls,3,Rate,2005,45.053663628671146,49.82544121973201,38.9538193095491
1,All Population,1,Deaths,89,Netherlands,3,Both,228,55+ years,697,Falls,1,Number,1996,1572.050805384297,1776.0608339704727,1340.1932483993544
1,All Population,1,Deaths,89,Netherlands,3,Both,228,55+ years,697,Falls,2,Percent,1996,0.0127697146874651,0.014393115407044726,0.010921807810718958
1,All Population,1,Deaths,89,Netherlands,3,Both,228,55+ years,697,Falls,3,Rate,1996,44.585839267022436,50.371885310986215,38.0099934144782
1,All Population,1,Deaths,77,Cyprus,3,Both,228,55+ years,697,Falls,1,Number,1999,88.70506678556208,119.58934983088807,65.92060894613547
1,All Population,1,Deaths,77,Cyprus,3,Both,228,55+ years,697,Falls,2,Percent,1999,0.01364785586256564,0.018528585156242457,0.010304254028909377
1,All Population,1,Deaths,77,Cyprus,3,Both,228,55+ years,697,Falls,3,Rate,1999,49.69091823229449,66.9917155720708,36.927491378639424
1,All Population,1,Deaths,92,Spain,3,Both,228,55+ years,697,Falls,1,Number,2001,2211.6259344034597,2476.0979491581584,1901.6513775132885
1,All Population,1,Deaths,92,Spain,3,Both,228,55+ years,697,Falls,2,Percent,2001,0.006822208530701062,0.00763271498710609,0.005861461941724271
1,All Population,1,Deaths,92,Spain,3,Both,228,55+ years,697,Falls,3,Rate,2001,19.896193339968413,22.275432187151573,17.107605261658787
1,All Population,1,Deaths,91,Portugal,3,Both,228,55+ years,697,Falls,1,Number,1993,574.9105165839771,636.8299146208057,507.0850764792177
1,All Population,1,Deaths,91,Portugal,3,Both,228,55+ years,697,Falls,2,Percent,1993,0.006312674695542561,0.006975382343530385,0.005581994821686684
1,All Population,1,Deaths,91,Portugal,3,Both,228,55+ years,697,Falls,3,Rate,1993,22.4331681924157,24.849280318502377,19.786600662854013
1,All Population,1,Deaths,74,Andorra,3,Both,228,55+ years,697,Falls,1,Number,1993,5.455185370077334,7.529183635050175,3.9454114914233864
1,All Population,1,Deaths,74,Andorra,3,Both,228,55+ years,697,Falls,2,Percent,1993,0.020073949196379202,0.026970358173895568,0.014696469179479806
1,All Population,1,Deaths,74,Andorra,3,Both,228,55+ years,697,Falls,3,Rate,1993,46.4492197461443,64.10867485673754,33.59396114370536
1,All Population,1,Deaths,82,Greece,3,Both,228,55+ years,697,Falls,1,Number,2004,450.1471766990851,497.2313817321323,407.69325224857886
1,All Population,1,Deaths,82,Greece,3,Both,228,55+ years,697,Falls,2,Percent,2004,0.0046654730248198864,0.005135017367399337,0.004221554681978439
1,All Population,1,Deaths,82,Greece,3,Both,228,55+ years,697,Falls,3,Rate,2004,14.013125368588412,15.478861248232668,12.69153057357937
1,All Population,1,Deaths,78,Denmark,3,Both,228,55+ years,697,Falls,1,Number,2006,981.6536457180774,1090.7517779265584,851.4107777658143
1,All Population,1,Deaths,78,Denmark,3,Both,228,55+ years,697,Falls,2,Percent,2006,0.01953252655754118,0.021714257598793613,0.017045150236277774
1,All Population,1,Deaths,78,Denmark,3,Both,228,55+ years,697,Falls,3,Rate,2006,63.63035313928087,70.70204559368374,55.1880683091634
1,All Population,1,Deaths,78,Denmark,3,Both,228,55+ years,697,Falls,1,Number,2008,898.3948438603379,996.6296158487975,779.7796641470444
1,All Population,1,Deaths,78,Denmark,3,Both,228,55+ years,697,Falls,2,Percent,2008,0.017963372215940295,0.019958780160810527,0.015611389333831972
1,All Population,1,Deaths,78,Denmark,3,Both,228,55+ years,697,Falls,3,Rate,2008,56.739579122123054,62.94375499854808,49.24824563949957
1,All Population,1,Deaths,88,Malta,3,Both,228,55+ years,697,Falls,1,Number,2005,38.24755564273594,43.44048099223267,32.93445548154884
1,All Population,1,Deaths,88,Malta,3,Both,228,55+ years,697,Falls,2,Percent,2005,0.013164612088794072,0.014984506098362504,0.011361182181956421
1,All Population,1,Deaths,88,Malta,3,Both,228,55+ years,697,Falls,3,Rate,2005,34.65095863071369,39.355568858321014,29.83747419249711
1,All Population,1,Deaths,367,Monaco,3,Both,228,55+ years,697,Falls,1,Number,2008,3.871751694660468,5.197806607616047,2.787156917125197
1,All Population,1,Deaths,367,Monaco,3,Both,228,55+ years,697,Falls,2,Percent,2008,0.00765910426140142,0.010295620711278956,0.0054187064173960384
1,All Population,1,Deaths,367,Monaco,3,Both,228,55+ years,697,Falls,3,Rate,2008,29.603418967603407,39.74243671928684,21.31060575498676
1,All Population,1,Deaths,75,Austria,3,Both,228,55+ years,697,Falls,1,Number,2001,936.9048984397037,1024.3568889967837,829.0503137466587
1,All Population,1,Deaths,75,Austria,3,Both,228,55+ years,697,Falls,2,Percent,2001,0.01384272518295149,0.015167261658097774,0.012322733099878257
1,All Population,1,Deaths,75,Austria,3,Both,228,55+ years,697,Falls,3,Rate,2001,43.684725794143844,47.76231812395271,38.65582908776147
1,All Population,1,Deaths,87,Luxembourg,3,Both,228,55+ years,697,Falls,1,Number,2007,59.720198889076215,67.00611840219719,53.18002763106453
1,All Population,1,Deaths,87,Luxembourg,3,Both,228,55+ years,697,Falls,2,Percent,2007,0.018303994586342832,0.020325914218307928,0.016258416705592665
1,All Population,1,Deaths,87,Luxembourg,3,Both,228,55+ years,697,Falls,3,Rate,2007,51.3298723361166,57.59216424767496,45.70855556264741
1,All Population,1,Deaths,87,Luxembourg,3,Both,228,55+ years,697,Falls,1,Number,2008,58.80721462568043,65.29066428314073,52.38458807054879
1,All Population,1,Deaths,87,Luxembourg,3,Both,228,55+ years,697,Falls,2,Percent,2008,0.018038837841864917,0.019892777586268437,0.01600700727751979
1,All Population,1,Deaths,87,Luxembourg,3,Both,228,55+ years,697,Falls,3,Rate,2008,49.47597577227246,54.93066360632562,44.07245993057362
1,All Population,1,Deaths,74,Andorra,3,Both,228,55+ years,697,Falls,1,Number,2003,10.265760983081908,14.219065917253666,7.304332199262112
1,All Population,1,Deaths,74,Andorra,3,Both,228,55+ years,697,Falls,2,Percent,2003,0.025923288325116384,0.03584607186368539,0.01832999450262306
1,All Population,1,Deaths,74,Andorra,3,Both,228,55+ years,697,Falls,3,Rate,2003,63.35100780845486,87.74723641407464,45.0757432355573
1,All Population,1,Deaths,94,Switzerland,3,Both,228,55+ years,697,Falls,1,Number,1996,1167.6610681873706,1305.5276696472683,1001.4437987328937
1,All Population,1,Deaths,94,Switzerland,3,Both,228,55+ years,697,Falls,2,Percent,1996,0.02073950306586264,0.023290442450404125,0.017755895016709527
1,All Population,1,Deaths,94,Switzerland,3,Both,228,55+ years,697,Falls,3,Rate,1996,65.10884665629185,72.79629608664003,55.840562388375886
1,All Population,1,Deaths,76,Belgium,3,Both,228,55+ years,697,Falls,1,Number,2003,1796.5573816719448,2026.47952464174,1552.545145871031
1,All Population,1,Deaths,76,Belgium,3,Both,228,55+ years,697,Falls,2,Percent,2003,0.018762379916881556,0.021211949194155786,0.016152472782609555
1,All Population,1,Deaths,76,Belgium,3,Both,228,55+ years,697,Falls,3,Rate,2003,62.09770790861245,70.04492864395753,53.66346545163563
1,All Population,1,Deaths,367,Monaco,3,Both,228,55+ years,697,Falls,1,Number,2007,3.6198805292488734,5.093663880319332,2.474054806056128
1,All Population,1,Deaths,367,Monaco,3,Both,228,55+ years,697,Falls,2,Percent,2007,0.007323552491508045,0.010093686128880992,0.0050193276292703455
1,All Population,1,Deaths,367,Monaco,3,Both,228,55+ years,697,Falls,3,Rate,2007,28.0745316628685,39.50468164144293,19.187906735338384
1,All Population,1,Deaths,73,Western Europe,3,Both,228,55+ years,697,Falls,1,Number,2004,50389.81844089982,55868.39220636784,43837.4793438456
1,All Population,1,Deaths,73,Western Europe,3,Both,228,55+ years,697,Falls,2,Percent,2004,0.01484979407167347,0.016467616079935764,0.012931867549155197
1,All Population,1,Deaths,73,Western Europe,3,Both,228,55+ years,697,Falls,3,Rate,2004,43.85148949052119,48.61919112812949,38.1493489005565
1,All Population,1,Deaths,80,France,3,Both,228,55+ years,697,Falls,1,Number,2007,12045.438635850514,13749.058686404194,10011.490527116423
1,All Population,1,Deaths,80,France,3,Both,228,55+ years,697,Falls,2,Percent,2007,0.025901138220684176,0.029516641667460538,0.021530455817669533
1,All Population,1,Deaths,80,France,3,Both,228,55+ years,697,Falls,3,Rate,2007,67.95981871943712,77.57156581329886,56.48437569630714
1,All Population,1,Deaths,95,United Kingdom,3,Both,228,55+ years,697,Falls,1,Number,1998,4713.271907667593,5239.413310059936,4181.8256917709095
1,All Population,1,Deaths,95,United Kingdom,3,Both,228,55+ years,697,Falls,2,Percent,1998,0.008154109150511507,0.009062478718210878,0.007243551332376417
1,All Population,1,Deaths,95,United Kingdom,3,Both,228,55+ years,697,Falls,3,Rate,1998,30.976098207140694,34.43395255346738,27.483380091589524
1,All Population,1,Deaths,82,Greece,3,Both,228,55+ years,697,Falls,1,Number,1994,417.0343641224519,455.2381127353189,372.11661799126256
1,All Population,1,Deaths,82,Greece,3,Both,228,55+ years,697,Falls,2,Percent,1994,0.004688663311161747,0.00511745385582162,0.004202575328892575
1,All Population,1,Deaths,82,Greece,3,Both,228,55+ years,697,Falls,3,Rate,1994,14.566040796094121,15.900408917123462,12.997168350792723
1,All Population,1,Deaths,396,San Marino,3,Both,228,55+ years,697,Falls,1,Number,2001,1.7126013557363753,2.18551300571153,1.2365218251584635
1,All Population,1,Deaths,396,San Marino,3,Both,228,55+ years,697,Falls,2,Percent,2001,0.009467851886963008,0.012188169399651286,0.006964226947639774
1,All Population,1,Deaths,396,San Marino,3,Both,228,55+ years,697,Falls,3,Rate,2001,25.904258287713894,33.0573680801314,18.703232150325864
1,All Population,1,Deaths,73,Western Europe,3,Both,228,55+ years,697,Falls,1,Number,2010,60403.809014699626,67286.6391178238,50573.248284305286
1,All Population,1,Deaths,73,Western Europe,3,Both,228,55+ years,697,Falls,2,Percent,2010,0.01702372869090396,0.018966533127730695,0.01425844431373726
1,All Population,1,Deaths,73,Western Europe,3,Both,228,55+ years,697,Falls,3,Rate,2010,47.95363825111119,53.41780930742242,40.149310001609734
1,All Population,1,Deaths,78,Denmark,3,Both,228,55+ years,697,Falls,1,Number,2010,821.7069483247304,922.299350713403,704.7631632842938
1,All Population,1,Deaths,78,Denmark,3,Both,228,55+ years,697,Falls,2,Percent,2010,0.016560269850651357,0.018567697263644326,0.014295947724075551
1,All Population,1,Deaths,78,Denmark,3,Both,228,55+ years,697,Falls,3,Rate,2010,50.559652096276935,56.74910550015645,43.36409764889057
1,All Population,1,Deaths,79,Finland,3,Both,228,55+ years,697,Falls,1,Number,2010,1176.5478765460423,1283.806809360062,1014.7781845840938
1,All Population,1,Deaths,79,Finland,3,Both,228,55+ years,697,Falls,2,Percent,2010,0.02550042972496556,0.027850530942277543,0.021878503552619995
1,All Population,1,Deaths,79,Finland,3,Both,228,55+ years,697,Falls,3,Rate,2010,68.15815956603872,74.37173710364173,58.78673941604884
1,All Population,1,Deaths,81,Germany,3,Both,228,55+ years,697,Falls,1,Number,2003,9129.879333182882,10147.698071051944,7856.0856769498805
1,All Population,1,Deaths,81,Germany,3,Both,228,55+ years,697,Falls,2,Percent,2003,0.011721793864643183,0.013023787834755884,0.010093666069379375
1,All Population,1,Deaths,81,Germany,3,Both,228,55+ years,697,Falls,3,Rate,2003,36.741505774562526,40.83752847871323,31.61535949506175
1,All Population,1,Deaths,80,France,3,Both,228,55+ years,697,Falls,1,Number,2010,13479.039795053166,15323.6603534523,11129.940233346184
1,All Population,1,Deaths,80,France,3,Both,228,55+ years,697,Falls,2,Percent,2010,0.027615716951416593,0.031427335203122846,0.022814839021228987
1,All Population,1,Deaths,80,France,3,Both,228,55+ years,697,Falls,3,Rate,2010,71.86732936455338,81.70244783283994,59.342437793769356
1,All Population,1,Deaths,81,Germany,3,Both,228,55+ years,697,Falls,1,Number,2010,11496.195950988267,12890.82136583747,9686.427634081256
1,All Population,1,Deaths,81,Germany,3,Both,228,55+ years,697,Falls,2,Percent,2010,0.014475439437511959,0.016234784601653725,0.012208381844708537
1,All Population,1,Deaths,81,Germany,3,Both,228,55+ years,697,Falls,3,Rate,2010,42.69423956460123,47.87355903847767,35.97317440462446
1,All Population,1,Deaths,82,Greece,3,Both,228,55+ years,697,Falls,1,Number,2010,400.51127366221,439.95458538380467,353.79700633216703
1,All Population,1,Deaths,82,Greece,3,Both,228,55+ years,697,Falls,2,Percent,2010,0.003984989410222475,0.004396232523168445,0.003542007266734355
1,All Population,1,Deaths,82,Greece,3,Both,228,55+ years,697,Falls,3,Rate,2010,11.784641906261454,12.94522173210694,10.410121515451628
1,All Population,1,Deaths,83,Iceland,3,Both,228,55+ years,697,Falls,1,Number,2000,20.129697180882,22.739251738202835,17.276637487624505
1,All Population,1,Deaths,83,Iceland,3,Both,228,55+ years,697,Falls,2,Percent,2000,0.012405849027706844,0.013985354606342492,0.010592417052805758
1,All Population,1,Deaths,83,Iceland,3,Both,228,55+ years,697,Falls,3,Rate,2000,37.28218122834326,42.11533321553185,31.99803375292422
1,All Population,1,Deaths,93,Sweden,3,Both,228,55+ years,697,Falls,1,Number,1998,1296.7664540379835,1467.268017564992,1122.5843368430594
1,All Population,1,Deaths,93,Sweden,3,Both,228,55+ years,697,Falls,2,Percent,1998,0.014869516812838537,0.01677979946569026,0.012874796955596969
1,All Population,1,Deaths,93,Sweden,3,Both,228,55+ years,697,Falls,3,Rate,1998,52.377235408183324,59.26390378436565,45.341907089960905
1,All Population,1,Deaths,74,Andorra,3,Both,228,55+ years,697,Falls,1,Number,2002,9.702139265031763,13.51948786548249,6.747536944993402
1,All Population,1,Deaths,74,Andorra,3,Both,228,55+ years,697,Falls,2,Percent,2002,0.025379267271324918,0.03513157227164077,0.01773368250253783
1,All Population,1,Deaths,74,Andorra,3,Both,228,55+ years,697,Falls,3,Rate,2002,62.79314876883602,87.49938437550729,43.67068742635711
1,All Population,1,Deaths,91,Portugal,3,Both,228,55+ years,697,Falls,1,Number,2002,758.2188416367692,841.5309584527414,679.0340940399643
1,All Population,1,Deaths,91,Portugal,3,Both,228,55+ years,697,Falls,2,Percent,2002,0.008015878693735658,0.008902194297120383,0.007174763626889327
1,All Population,1,Deaths,91,Portugal,3,Both,228,55+ years,697,Falls,3,Rate,2002,26.06593233605803,28.930023651714375,23.343731093405527
1,All Population,1,Deaths,91,Portugal,3,Both,228,55+ years,697,Falls,1,Number,2003,857.7532034625227,950.2841200897899,763.6137256771597
1,All Population,1,Deaths,91,Portugal,3,Both,228,55+ years,697,Falls,2,Percent,2003,0.008910963317099792,0.009870537456758581,0.007959938927399966
1,All Population,1,Deaths,91,Portugal,3,Both,228,55+ years,697,Falls,3,Rate,2003,29.02617986201342,32.157405741413314,25.84052062660217
1,All Population,1,Deaths,79,Finland,3,Both,228,55+ years,697,Falls,1,Number,2008,1118.7587042204118,1224.6575640932476,954.7205940985526
1,All Population,1,Deaths,79,Finland,3,Both,228,55+ years,697,Falls,2,Percent,2008,0.025250896958826496,0.027766002498853935,0.021658397279516736
1,All Population,1,Deaths,79,Finland,3,Both,228,55+ years,697,Falls,3,Rate,2008,67.34247996791429,73.71694822698436,57.46838191336232
1,All Population,1,Deaths,88,Malta,3,Both,228,55+ years,697,Falls,1,Number,2007,38.670878608985916,43.60813560972978,32.73981902696145
1,All Population,1,Deaths,88,Malta,3,Both,228,55+ years,697,Falls,2,Percent,2007,0.013430314384676114,0.015057074917999923,0.011318086243865879
1,All Population,1,Deaths,88,Malta,3,Both,228,55+ years,697,Falls,3,Rate,2007,33.12558173467256,37.354849757696506,28.045019667693534
1,All Population,1,Deaths,79,Finland,3,Both,228,55+ years,697,Falls,1,Number,2006,1101.333747943212,1213.0819107126517,947.3165686234865
1,All Population,1,Deaths,79,Finland,3,Both,228,55+ years,697,Falls,2,Percent,2006,0.025611709927044833,0.028240467747181815,0.02186587045328715
1,All Population,1,Deaths,79,Finland,3,Both,228,55+ years,697,Falls,3,Rate,2006,69.2296826863656,76.25415629734911,59.54818470951122
1,All Population,1,Deaths,88,Malta,3,Both,228,55+ years,697,Falls,1,Number,2008,40.16435969062896,45.56831684429106,34.11512910619338
1,All Population,1,Deaths,88,Malta,3,Both,228,55+ years,697,Falls,2,Percent,2008,0.013897409982862681,0.015715212374358217,0.011740956425572834
1,All Population,1,Deaths,88,Malta,3,Both,228,55+ years,697,Falls,3,Rate,2008,33.520488249909555,38.030538544937926,28.471903776300334
1,All Population,1,Deaths,77,Cyprus,3,Both,228,55+ years,697,Falls,1,Number,2001,87.0168449209698,116.64341637287072,65.5372173401971
1,All Population,1,Deaths,77,Cyprus,3,Both,228,55+ years,697,Falls,2,Percent,2001,0.013772593727629177,0.018404115729404244,0.010189334171875241
1,All Population,1,Deaths,77,Cyprus,3,Both,228,55+ years,697,Falls,3,Rate,2001,46.58706174821891,62.44852989121192,35.08730285276559
1,All Population,1,Deaths,94,Switzerland,3,Both,228,55+ years,697,Falls,1,Number,2001,1221.9986317270727,1360.932335007628,1043.8486581958953
1,All Population,1,Deaths,94,Switzerland,3,Both,228,55+ years,697,Falls,2,Percent,2001,0.02189526252244622,0.024423032897196502,0.018656412304547385
1,All Population,1,Deaths,94,Switzerland,3,Both,228,55+ years,697,Falls,3,Rate,2001,62.68359790619733,69.81033615773609,53.545223264938265
1,All Population,1,Deaths,73,Western Europe,3,Both,228,55+ years,697,Falls,1,Number,2007,53772.824255822154,59796.18050688232,46380.65532411131
1,All Population,1,Deaths,73,Western Europe,3,Both,228,55+ years,697,Falls,2,Percent,2007,0.01550048375167965,0.017229196781849348,0.013363038428404373
1,All Population,1,Deaths,73,Western Europe,3,Both,228,55+ years,697,Falls,3,Rate,2007,44.608716973298655,49.60555688177342,38.47634107046894
1,All Population,1,Deaths,81,Germany,3,Both,228,55+ years,697,Falls,1,Number,2002,8576.2599721862,9514.427733881139,7397.630920380724
1,All Population,1,Deaths,81,Germany,3,Both,228,55+ years,697,Falls,2,Percent,2002,0.011192689738698611,0.012417322012945192,0.00965477398003414
1,All Population,1,Deaths,81,Germany,3,Both,228,55+ years,697,Falls,3,Rate,2002,34.84782156431148,38.65986817471767,30.0587112736913
1,All Population,1,Deaths,81,Germany,3,Both,228,55+ years,697,Falls,1,Number,2005,9582.627574375649,10666.366710100305,8337.999157415505
1,All Population,1,Deaths,81,Germany,3,Both,228,55+ years,697,Falls,2,Percent,2005,0.012622069681324464,0.014050054979495482,0.010983998223321103
1,All Population,1,Deaths,81,Germany,3,Both,228,55+ years,697,Falls,3,Rate,2005,37.86578638632039,42.14818537275068,32.947632842194196
1,All Population,1,Deaths,73,Western Europe,3,Both,228,55+ years,697,Falls,1,Number,2008,56265.27918109318,62386.8938169292,48032.72651300621
1,All Population,1,Deaths,73,Western Europe,3,Both,228,55+ years,697,Falls,2,Percent,2008,0.015953653545536513,0.01770358898373898,0.013612377186011921
1,All Population,1,Deaths,73,Western Europe,3,Both,228,55+ years,697,Falls,3,Rate,2008,45.958089302104995,50.9582904243872,39.23365113684726
1,All Population,1,Deaths,81,Germany,3,Both,228,55+ years,697,Falls,1,Number,2008,10105.032281030484,11296.746738434786,8689.352051572585
1,All Population,1,Deaths,81,Germany,3,Both,228,55+ years,697,Falls,2,Percent,2008,0.012979282069192683,0.014508979176858098,0.011152658617730717
1,All Population,1,Deaths,81,Germany,3,Both,228,55+ years,697,Falls,3,Rate,2008,38.411004706252996,42.940920926094925,33.02975520165354
1,All Population,1,Deaths,95,United Kingdom,3,Both,228,55+ years,697,Falls,1,Number,1997,4608.0057418089555,5100.003321518386,4068.5971874115944
1,All Population,1,Deaths,95,United Kingdom,3,Both,228,55+ years,697,Falls,2,Percent,1997,0.007987131083445377,0.008845005658632173,0.007050524063609297
1,All Population,1,Deaths,95,United Kingdom,3,Both,228,55+ years,697,Falls,3,Rate,1997,30.509375858423958,33.7668672596602,26.937978761835762
1,All Population,1,Deaths,94,Switzerland,3,Both,228,55+ years,697,Falls,1,Number,1999,1157.4670180185042,1294.6206004018081,986.2229192192818
1,All Population,1,Deaths,94,Switzerland,3,Both,228,55+ years,697,Falls,2,Percent,1999,0.02035550050327887,0.022727098106563624,0.017430499715819548
1,All Population,1,Deaths,94,Switzerland,3,Both,228,55+ years,697,Falls,3,Rate,1999,61.50195483182453,68.78960389434502,52.4029078044665
1,All Population,1,Deaths,85,Israel,3,Both,228,55+ years,697,Falls,1,Number,1992,231.85026881484052,259.03400616452785,203.9000080594924
1,All Population,1,Deaths,85,Israel,3,Both,228,55+ years,697,Falls,2,Percent,1992,0.008112824442966899,0.00904680992736348,0.007171463324903546
1,All Population,1,Deaths,85,Israel,3,Both,228,55+ years,697,Falls,3,Rate,1992,26.67193145481992,29.799134123089065,23.456548342168247
1,All Population,1,Deaths,93,Sweden,3,Both,228,55+ years,697,Falls,1,Number,2000,1372.5396269157382,1532.8285798838644,1168.9670221155432
1,All Population,1,Deaths,93,Sweden,3,Both,228,55+ years,697,Falls,2,Percent,2000,0.015713590531958654,0.017546310573170274,0.013375094077722558
1,All Population,1,Deaths,93,Sweden,3,Both,228,55+ years,697,Falls,3,Rate,2000,53.5150379624479,59.76467129531261,45.57778394051673
1,All Population,1,Deaths,84,Ireland,3,Both,228,55+ years,697,Falls,1,Number,1999,296.9400376159539,327.58275176130803,260.5266692845737
1,All Population,1,Deaths,84,Ireland,3,Both,228,55+ years,697,Falls,2,Percent,1999,0.010396150313329662,0.01143611853700013,0.009115019887191218
1,All Population,1,Deaths,84,Ireland,3,Both,228,55+ years,697,Falls,3,Rate,1999,39.805029006622924,43.912707227419155,34.92379037576486
1,All Population,1,Deaths,78,Denmark,3,Both,228,55+ years,697,Falls,1,Number,2009,837.6212712945519,936.3242448828964,728.3231449611847
1,All Population,1,Deaths,78,Denmark,3,Both,228,55+ years,697,Falls,2,Percent,2009,0.016748168774216265,0.018758967259648495,0.01455357719807182
1,All Population,1,Deaths,78,Denmark,3,Both,228,55+ years,697,Falls,3,Rate,2009,52.20118139777339,58.35242421521248,45.38964077112842
1,All Population,1,Deaths,87,Luxembourg,3,Both,228,55+ years,697,Falls,1,Number,2009,61.348511443911235,68.66413179902585,54.100763307258646
1,All Population,1,Deaths,87,Luxembourg,3,Both,228,55+ years,697,Falls,2,Percent,2009,0.018797058805081382,0.02072789971991567,0.016777590867406898
1,All Population,1,Deaths,87,Luxembourg,3,Both,228,55+ years,697,Falls,3,Rate,2009,50.49194870766602,56.51295751523777,44.52680108551839
1,All Population,1,Deaths,93,Sweden,3,Both,228,55+ years,697,Falls,1,Number,1996,1312.9464617123829,1475.1714940551078,1138.812719088265
1,All Population,1,Deaths,93,Sweden,3,Both,228,55+ years,697,Falls,2,Percent,1996,0.015097944997873109,0.016902694353420563,0.013112736840642646
1,All Population,1,Deaths,93,Sweden,3,Both,228,55+ years,697,Falls,3,Rate,1996,54.36918946039022,61.08693749952673,47.15830103480304
1,All Population,1,Deaths,87,Luxembourg,3,Both,228,55+ years,697,Falls,1,Number,2010,67.37860752141366,74.98223634083027,58.75478619626102
1,All Population,1,Deaths,87,Luxembourg,3,Both,228,55+ years,697,Falls,2,Percent,2010,0.02033601378651256,0.02242744543270708,0.01796886791365136
1,All Population,1,Deaths,87,Luxembourg,3,Both,228,55+ years,697,Falls,3,Rate,2010,54.067049070983835,60.16847781253635,47.146980700347896
1,All Population,1,Deaths,93,Sweden,3,Both,228,55+ years,697,Falls,1,Number,2001,1466.2010451681676,1656.8981294667465,1255.9673628579053
1,All Population,1,Deaths,93,Sweden,3,Both,228,55+ years,697,Falls,2,Percent,2001,0.016708330990739016,0.018834352042229913,0.014275896771367286
1,All Population,1,Deaths,93,Sweden,3,Both,228,55+ years,697,Falls,3,Rate,2001,56.13415527769111,63.435077464519594,48.0852657981099
1,All Population,1,Deaths,75,Austria,3,Both,228,55+ years,697,Falls,1,Number,2003,1054.9557754564592,1161.3514792082703,943.0353810500503
1,All Population,1,Deaths,75,Austria,3,Both,228,55+ years,697,Falls,2,Percent,2003,0.015155908057315735,0.016723600669221777,0.013620099266297028
1,All Population,1,Deaths,75,Austria,3,Both,228,55+ years,697,Falls,3,Rate,2003,47.8635678126297,52.6907635112303,42.78571572449873
1,All Population,1,Deaths,92,Spain,3,Both,228,55+ years,697,Falls,1,Number,2005,2643.9547765982334,2961.173491647572,2314.663611488751
1,All Population,1,Deaths,92,Spain,3,Both,228,55+ years,697,Falls,2,Percent,2005,0.007550034343420636,0.008442278077264031,0.006611855541833577
1,All Population,1,Deaths,92,Spain,3,Both,228,55+ years,697,Falls,3,Rate,2005,22.096423375182404,24.74752735483517,19.344425851485013
1,All Population,1,Deaths,76,Belgium,3,Both,228,55+ years,697,Falls,1,Number,2002,1747.580034072833,1968.4830929168243,1507.3803769342694
1,All Population,1,Deaths,76,Belgium,3,Both,228,55+ years,697,Falls,2,Percent,2002,0.018441200594276282,0.02078520731321461,0.01589619966124606
1,All Population,1,Deaths,76,Belgium,3,Both,228,55+ years,697,Falls,3,Rate,2002,61.28277510798717,69.0292314715637,52.85964066925581
1,All Population,1,Deaths,94,Switzerland,3,Both,228,55+ years,697,Falls,1,Number,2002,1265.914219279462,1411.567587954675,1085.5508169292689
1,All Population,1,Deaths,94,Switzerland,3,Both,228,55+ years,697,Falls,2,Percent,2002,0.02247989968187816,0.025081294261506907,0.019262302080315746
1,All Population,1,Deaths,94,Switzerland,3,Both,228,55+ years,697,Falls,3,Rate,2002,63.75072767111304,71.08574934902656,54.66772823090837
1,All Population,1,Deaths,94,Switzerland,3,Both,228,55+ years,697,Falls,1,Number,2000,1205.5017178106498,1341.3487539967734,1029.4354607531784
1,All Population,1,Deaths,94,Switzerland,3,Both,228,55+ years,697,Falls,2,Percent,2000,0.021398228070586545,0.023819480512774615,0.018237937142595927
1,All Population,1,Deaths,94,Switzerland,3,Both,228,55+ years,697,Falls,3,Rate,2000,62.997745409042494,70.096911568481,53.79678196506353
1,All Population,1,Deaths,81,Germany,3,Both,228,55+ years,697,Falls,1,Number,2007,9518.17469775856,10650.16891184891,8192.080446895487
1,All Population,1,Deaths,81,Germany,3,Both,228,55+ years,697,Falls,2,Percent,2007,0.012518394511005169,0.01399939687295639,0.01077562045431739
1,All Population,1,Deaths,81,Germany,3,Both,228,55+ years,697,Falls,3,Rate,2007,36.71125020382602,41.07731030908344,31.596553386089123
1,All Population,1,Deaths,89,Netherlands,3,Both,228,55+ years,697,Falls,1,Number,2004,2065.264148541902,2357.824867987631,1781.9640098663351
1,All Population,1,Deaths,89,Netherlands,3,Both,228,55+ years,697,Falls,2,Percent,2004,0.016651700115100237,0.0190139033839633,0.014367372714761566
1,All Population,1,Deaths,89,Netherlands,3,Both,228,55+ years,697,Falls,3,Rate,2004,49.993143208241264,57.07506052844586,43.13539360089857
1,All Population,1,Deaths,80,France,3,Both,228,55+ years,697,Falls,1,Number,2006,11759.190118437007,13405.239939255056,9870.847076478842
1,All Population,1,Deaths,80,France,3,Both,228,55+ years,697,Falls,2,Percent,2006,0.025611054547605885,0.029124401152198234,0.021477971032080753
1,All Population,1,Deaths,80,France,3,Both,228,55+ years,697,Falls,3,Rate,2006,67.81254922522712,77.30494056996687,56.922908510418836
1,All Population,1,Deaths,90,Norway,3,Both,228,55+ years,697,Falls,1,Number,1996,944.7339141795669,1068.0613222472036,806.681653611936
1,All Population,1,Deaths,90,Norway,3,Both,228,55+ years,697,Falls,2,Percent,1996,0.0233731941379916,0.026303912303351582,0.01989898094725378
1,All Population,1,Deaths,90,Norway,3,Both,228,55+ years,697,Falls,3,Rate,1996,88.66877189755836,100.24376634894612,75.71176440741871
1,All Population,1,Deaths,367,Monaco,3,Both,228,55+ years,697,Falls,1,Number,2009,4.039738260011867,5.61984131699247,2.9072916540631475
1,All Population,1,Deaths,367,Monaco,3,Both,228,55+ years,697,Falls,2,Percent,2009,0.007853764115050087,0.010627233640028459,0.005667756936570283
1,All Population,1,Deaths,367,Monaco,3,Both,228,55+ years,697,Falls,3,Rate,2009,30.38259394176747,42.26644048737164,21.86554081239674
1,All Population,1,Deaths,87,Luxembourg,3,Both,228,55+ years,697,Falls,1,Number,2006,58.8237568822038,65.4961995497203,51.535922437948365
1,All Population,1,Deaths,87,Luxembourg,3,Both,228,55+ years,697,Falls,2,Percent,2006,0.017953281436881567,0.01994631048759094,0.015906619682317144
1,All Population,1,Deaths,87,Luxembourg,3,Both,228,55+ years,697,Falls,3,Rate,2006,51.4774730289434,57.316618735704,45.09978957368853
1,All Population,1,Deaths,367,Monaco,3,Both,228,55+ years,697,Falls,1,Number,2010,4.089725834079086,5.636294951379087,3.0419527727027993
1,All Population,1,Deaths,367,Monaco,3,Both,228,55+ years,697,Falls,2,Percent,2010,0.008013024690388752,0.010918458620324676,0.0058584041847472845
1,All Population,1,Deaths,367,Monaco,3,Both,228,55+ years,697,Falls,3,Rate,2010,30.4300843266935,41.93751308006769,22.63400607928752
1,All Population,1,Deaths,87,Luxembourg,3,Both,228,55+ years,697,Falls,1,Number,2011,73.18308620119998,81.15522085846911,63.24581819512299
1,All Population,1,Deaths,87,Luxembourg,3,Both,228,55+ years,697,Falls,2,Percent,2011,0.021368023028661923,0.02356428198888146,0.01863570242407664
1,All Population,1,Deaths,87,Luxembourg,3,Both,228,55+ years,697,Falls,3,Rate,2011,57.21595246459814,63.44872155468075,49.44680410837117
1,All Population,1,Deaths,78,Denmark,3,Both,228,55+ years,697,Falls,1,Number,2011,860.4394980664393,964.9919517813577,741.1710633378283
1,All Population,1,Deaths,78,Denmark,3,Both,228,55+ years,697,Falls,2,Percent,2011,0.017747486568645245,0.0198956770816443,0.015302077692609786
1,All Population,1,Deaths,78,Denmark,3,Both,228,55+ years,697,Falls,3,Rate,2011,52.230468345496796,58.57701988860064,44.99062612683023
1,All Population,1,Deaths,79,Finland,3,Both,228,55+ years,697,Falls,1,Number,2009,1145.4595082953879,1250.0228370703035,978.7214522658896
1,All Population,1,Deaths,79,Finland,3,Both,228,55+ years,697,Falls,2,Percent,2009,0.025389451747066544,0.027763124384402347,0.021718519118345072
1,All Population,1,Deaths,79,Finland,3,Both,228,55+ years,697,Falls,3,Rate,2009,67.60087925541166,73.7718289152351,57.760601959441544
1,All Population,1,Deaths,82,Greece,3,Both,228,55+ years,697,Falls,1,Number,2003,434.3560834988738,480.7718296818963,393.26946897602704
1,All Population,1,Deaths,82,Greece,3,Both,228,55+ years,697,Falls,2,Percent,2003,0.004472614385528364,0.004945139837144258,0.004050040418173961
1,All Population,1,Deaths,82,Greece,3,Both,228,55+ years,697,Falls,3,Rate,2003,13.624127192436925,15.0800156990175,12.3353936315834
1,All Population,1,Deaths,94,Switzerland,3,Both,228,55+ years,697,Falls,1,Number,2004,1303.1608815938698,1447.380199754136,1119.4789351329366
1,All Population,1,Deaths,94,Switzerland,3,Both,228,55+ years,697,Falls,2,Percent,2004,0.023538320453736675,0.02619509859022504,0.020148208869531645
1,All Population,1,Deaths,94,Switzerland,3,Both,228,55+ years,697,Falls,3,Rate,2004,63.38075781355295,70.39503349160411,54.4471709266266
1,All Population,1,Deaths,396,San Marino,3,Both,228,55+ years,697,Falls,1,Number,2002,1.677932710074782,2.135572713414593,1.2074981238827496
1,All Population,1,Deaths,396,San Marino,3,Both,228,55+ years,697,Falls,2,Percent,2002,0.0094561214708562,0.012238576431613002,0.006936328261533887
1,All Population,1,Deaths,396,San Marino,3,Both,228,55+ years,697,Falls,3,Rate,2002,24.853584033717006,31.632159963433292,17.885494401702218
1,All Population,1,Deaths,76,Belgium,3,Both,228,55+ years,697,Falls,1,Number,2004,1690.7663212991486,1917.539464788585,1456.2059697193192
1,All Population,1,Deaths,76,Belgium,3,Both,228,55+ years,697,Falls,2,Percent,2004,0.018334602956671917,0.02073534375585352,0.015740447860432653
1,All Population,1,Deaths,76,Belgium,3,Both,228,55+ years,697,Falls,3,Rate,2004,57.748709417396114,65.49422469178272,49.73721935304609
1,All Population,1,Deaths,77,Cyprus,3,Both,228,55+ years,697,Falls,1,Number,2003,97.56825139521989,130.70093368294798,74.19865901877279
1,All Population,1,Deaths,77,Cyprus,3,Both,228,55+ years,697,Falls,2,Percent,2003,0.014184838549800573,0.0184876155979187,0.010613436276158674
1,All Population,1,Deaths,77,Cyprus,3,Both,228,55+ years,697,Falls,3,Rate,2003,47.529588710593735,63.66990832783795,36.14527979756981
1,All Population,1,Deaths,88,Malta,3,Both,228,55+ years,697,Falls,1,Number,2009,37.96085294824562,43.29044524920021,32.17316970441993
1,All Population,1,Deaths,88,Malta,3,Both,228,55+ years,697,Falls,2,Percent,2009,0.013147675755280051,0.014898381380449814,0.011100755049596017
1,All Population,1,Deaths,88,Malta,3,Both,228,55+ years,697,Falls,3,Rate,2009,30.83958610064529,35.16937344422029,26.137643392335487
1,All Population,1,Deaths,89,Netherlands,3,Both,228,55+ years,697,Falls,1,Number,1994,1516.140741415691,1729.5376810866524,1298.9538253214664
1,All Population,1,Deaths,89,Netherlands,3,Both,228,55+ years,697,Falls,2,Percent,1994,0.012614962701541598,0.014372958908760064,0.010808597630505814
1,All Population,1,Deaths,89,Netherlands,3,Both,228,55+ years,697,Falls,3,Rate,1994,44.07170021758857,50.274795811304905,37.75843628646463
1,All Population,1,Deaths,83,Iceland,3,Both,228,55+ years,697,Falls,1,Number,2001,20.563232203834257,23.175818735823203,17.740394586194956
1,All Population,1,Deaths,83,Iceland,3,Both,228,55+ years,697,Falls,2,Percent,2001,0.013019285875255963,0.014681007197199437,0.011130621506970624
1,All Population,1,Deaths,83,Iceland,3,Both,228,55+ years,697,Falls,3,Rate,2001,37.258030007224335,41.991713235640404,32.14339785110274
1,All Population,1,Deaths,91,Portugal,3,Both,228,55+ years,697,Falls,1,Number,2004,767.3824773128772,857.7693731090127,683.3488634871336
1,All Population,1,Deaths,91,Portugal,3,Both,228,55+ years,697,Falls,2,Percent,2004,0.008406638266854359,0.009383439167626819,0.007467110550704565
1,All Population,1,Deaths,91,Portugal,3,Both,228,55+ years,697,Falls,3,Rate,2004,25.540578650405426,28.548900692278124,22.74371113434
1,All Population,1,Deaths,74,Andorra,3,Both,228,55+ years,697,Falls,1,Number,2004,10.650981418431574,14.746614417167102,7.617169974178583
1,All Population,1,Deaths,74,Andorra,3,Both,228,55+ years,697,Falls,2,Percent,2004,0.02642689783676467,0.03625356219550657,0.018800858035054532
1,All Population,1,Deaths,74,Andorra,3,Both,228,55+ years,697,Falls,3,Rate,2004,63.670073743040255,88.1531936368237,45.53437424366848
1,All Population,1,Deaths,82,Greece,3,Both,228,55+ years,697,Falls,1,Number,2008,455.2555593515949,499.54411177258623,406.1530291589855
1,All Population,1,Deaths,82,Greece,3,Both,228,55+ years,697,Falls,2,Percent,2008,0.004617295047385093,0.005058215081064341,0.00410976809915082
1,All Population,1,Deaths,82,Greece,3,Both,228,55+ years,697,Falls,3,Rate,2008,13.663980359057977,14.993251134517466,12.190223489207874
1,All Population,1,Deaths,88,Malta,3,Both,228,55+ years,697,Falls,1,Number,2010,38.36236821199424,43.5441305036079,32.58597254499045
1,All Population,1,Deaths,88,Malta,3,Both,228,55+ years,697,Falls,2,Percent,2010,0.013253845677414356,0.014996071751581321,0.011188169570182788
1,All Population,1,Deaths,88,Malta,3,Both,228,55+ years,697,Falls,3,Rate,2010,30.36008523613186,34.46094637112243,25.788629588797072
1,All Population,1,Deaths,88,Malta,3,Both,228,55+ years,697,Falls,1,Number,2011,39.11284348725877,44.40772506614278,33.053910079424234
1,All Population,1,Deaths,88,Malta,3,Both,228,55+ years,697,Falls,2,Percent,2011,0.013105365787973607,0.01476450739842119,0.01089618982052166
1,All Population,1,Deaths,88,Malta,3,Both,228,55+ years,697,Falls,3,Rate,2011,30.119176492620888,34.19654491084609,25.453443490440854
1,All Population,1,Deaths,74,Andorra,3,Both,228,55+ years,697,Falls,1,Number,2006,11.480499036261355,15.61338448984588,8.062442086519196
1,All Population,1,Deaths,74,Andorra,3,Both,228,55+ years,697,Falls,2,Percent,2006,0.027330877999710332,0.037319594313273356,0.019496807703844973
1,All Population,1,Deaths,74,Andorra,3,Both,228,55+ years,697,Falls,3,Rate,2006,65.10699745806471,88.54498232885369,45.72287274053387
1,All Population,1,Deaths,88,Malta,3,Both,228,55+ years,697,Falls,1,Number,2006,38.80015475126351,43.79241137882578,33.25405709376137
1,All Population,1,Deaths,88,Malta,3,Both,228,55+ years,697,Falls,2,Percent,2006,0.013223858589307986,0.014967146194320463,0.01128502908194855
1,All Population,1,Deaths,88,Malta,3,Both,228,55+ years,697,Falls,3,Rate,2006,34.12220413827325,38.5125680646125,29.244773167874243
1,All Population,1,Deaths,79,Finland,3,Both,228,55+ years,697,Falls,1,Number,2011,1189.3943678140902,1292.115051592473,1026.4540487079744
1,All Population,1,Deaths,79,Finland,3,Both,228,55+ years,697,Falls,2,Percent,2011,0.02554604159468731,0.02773367609996146,0.021968436890141288
1,All Population,1,Deaths,79,Finland,3,Both,228,55+ years,697,Falls,3,Rate,2011,67.68062528081762,73.5257850491215,58.40876139867624
1,All Population,1,Deaths,92,Spain,3,Both,228,55+ years,697,Falls,1,Number,2002,2317.951741511543,2597.205730111599,2003.7797909680332
1,All Population,1,Deaths,92,Spain,3,Both,228,55+ years,697,Falls,2,Percent,2002,0.006956829617493214,0.007795926719088611,0.0060161149048290315
1,All Population,1,Deaths,92,Spain,3,Both,228,55+ years,697,Falls,3,Rate,2002,20.502931255451198,22.97301086433209,17.723992510081104
1,All Population,1,Deaths,92,Spain,3,Both,228,55+ years,697,Falls,1,Number,2003,2485.5063323824365,2795.568664877772,2164.425095029335
1,All Population,1,Deaths,92,Spain,3,Both,228,55+ years,697,Falls,2,Percent,2003,0.007166346963495692,0.008045187689745093,0.006238829793278385
1,All Population,1,Deaths,92,Spain,3,Both,228,55+ years,697,Falls,3,Rate,2003,21.58100339134888,24.27319377603293,18.793138728950726
1,All Population,1,Deaths,75,Austria,3,Both,228,55+ years,697,Falls,1,Number,2002,971.9497565322243,1065.2541345660313,868.504914774315
1,All Population,1,Deaths,75,Austria,3,Both,228,55+ years,697,Falls,2,Percent,2002,0.014097177346323129,0.015480141605575683,0.012590024606190459
1,All Population,1,Deaths,75,Austria,3,Both,228,55+ years,697,Falls,3,Rate,2002,44.795105553620665,49.09530670553148,40.02755190758042
1,All Population,1,Deaths,85,Israel,3,Both,228,55+ years,697,Falls,1,Number,2001,289.9315096565114,324.4585578337761,250.94857096415157
1,All Population,1,Deaths,85,Israel,3,Both,228,55+ years,697,Falls,2,Percent,2001,0.009017911558235234,0.0101180265215633,0.007827343014506284
1,All Population,1,Deaths,85,Israel,3,Both,228,55+ years,697,Falls,3,Rate,2001,26.7246701300225,29.907228570096745,23.131386397300737
1,All Population,1,Deaths,95,United Kingdom,3,Both,228,55+ years,697,Falls,1,Number,2001,5608.206991702412,6281.059087917355,4862.246848962349
1,All Population,1,Deaths,95,United Kingdom,3,Both,228,55+ years,697,Falls,2,Percent,2001,0.010171134019370826,0.011382515278010928,0.008804267708282743
1,All Population,1,Deaths,95,United Kingdom,3,Both,228,55+ years,697,Falls,3,Rate,2001,35.79571548790749,40.09035408401991,31.034447390216215
1,All Population,1,Deaths,86,Italy,3,Both,228,55+ years,697,Falls,1,Number,1992,7804.41936871662,8866.898884286027,6490.285626970501
1,All Population,1,Deaths,86,Italy,3,Both,228,55+ years,697,Falls,2,Percent,1992,0.015887632263558087,0.01806439683448867,0.01320124671878145
1,All Population,1,Deaths,86,Italy,3,Both,228,55+ years,697,Falls,3,Rate,1992,49.97799331877179,56.781906796731356,41.5625348122461
1,All Population,1,Deaths,76,Belgium,3,Both,228,55+ years,697,Falls,1,Number,2005,1743.9257716911275,1984.1289815881694,1496.7307540695192
1,All Population,1,Deaths,76,Belgium,3,Both,228,55+ years,697,Falls,2,Percent,2005,0.018809990328889928,0.021340501257895137,0.016150938184833305
1,All Population,1,Deaths,76,Belgium,3,Both,228,55+ years,697,Falls,3,Rate,2005,58.70869208756146,66.79505477409619,50.38695247529966
1,All Population,1,Deaths,94,Switzerland,3,Both,228,55+ years,697,Falls,1,Number,2003,1334.732313449561,1492.4999229371676,1145.5529068985397
1,All Population,1,Deaths,94,Switzerland,3,Both,228,55+ years,697,Falls,2,Percent,2003,0.023336966045289106,0.026077532248403965,0.019958857032142063
1,All Population,1,Deaths,94,Switzerland,3,Both,228,55+ years,697,Falls,3,Rate,2003,65.94553403169161,73.74040732255749,56.598688325556665
1,All Population,1,Deaths,80,France,3,Both,228,55+ years,697,Falls,1,Number,2008,12588.02919347666,14415.788471245785,10428.00585296015
1,All Population,1,Deaths,80,France,3,Both,228,55+ years,697,Falls,2,Percent,2008,0.026300427215979447,0.03009044774838337,0.02179200632858538
1,All Population,1,Deaths,80,France,3,Both,228,55+ years,697,Falls,3,Rate,2008,69.56770293590266,79.66880871821814,57.63034087723031
1,All Population,1,Deaths,82,Greece,3,Both,228,55+ years,697,Falls,1,Number,2002,433.1273750858901,477.09513417332477,392.05922201354593
1,All Population,1,Deaths,82,Greece,3,Both,228,55+ years,697,Falls,2,Percent,2002,0.004543173975124044,0.004984375397476951,0.004115051733862944
1,All Population,1,Deaths,82,Greece,3,Both,228,55+ years,697,Falls,3,Rate,2002,13.739724583168629,15.13447572370936,12.436955132861941
1,All Population,1,Deaths,82,Greece,3,Both,228,55+ years,697,Falls,1,Number,2005,462.7244452760513,509.10744821331895,417.2266164616314
1,All Population,1,Deaths,82,Greece,3,Both,228,55+ years,697,Falls,2,Percent,2005,0.004816857814246214,0.005278045869594318,0.004321140821543901
1,All Population,1,Deaths,82,Greece,3,Both,228,55+ years,697,Falls,3,Rate,2005,14.280502875458758,15.711965193000491,12.876358612399928
1,All Population,1,Deaths,89,Netherlands,3,Both,228,55+ years,697,Falls,1,Number,2010,2772.4269994884107,3142.1111416053327,2314.2525862840303
1,All Population,1,Deaths,89,Netherlands,3,Both,228,55+ years,697,Falls,2,Percent,2010,0.022128644371302228,0.025057363053191194,0.01840450493216762
1,All Population,1,Deaths,89,Netherlands,3,Both,228,55+ years,697,Falls,3,Rate,2010,59.08957025538875,66.96875953321357,49.324361222560306
1,All Population,1,Deaths,396,San Marino,3,Both,228,55+ years,697,Falls,1,Number,2003,2.0773754271225635,2.762944183292949,1.4766830717934438
1,All Population,1,Deaths,396,San Marino,3,Both,228,55+ years,697,Falls,2,Percent,2003,0.0102310726264011,0.013610286034128052,0.007345408449929588
1,All Population,1,Deaths,396,San Marino,3,Both,228,55+ years,697,Falls,3,Rate,2003,29.450751812737565,39.16999419181384,20.934794012509442
1,All Population,1,Deaths,94,Switzerland,3,Both,228,55+ years,697,Falls,1,Number,2005,1320.7082709106028,1465.5505116326156,1130.285012050854
1,All Population,1,Deaths,94,Switzerland,3,Both,228,55+ years,697,Falls,2,Percent,2005,0.023630444043462356,0.026192195446739064,0.020128924570796174
1,All Population,1,Deaths,94,Switzerland,3,Both,228,55+ years,697,Falls,3,Rate,2005,63.03307430353316,69.94591942066562,53.94479668068485
1,All Population,1,Deaths,367,Monaco,3,Both,228,55+ years,697,Falls,1,Number,2011,3.968516490131404,5.522990828472782,2.9476161754381067
1,All Population,1,Deaths,367,Monaco,3,Both,228,55+ years,697,Falls,2,Percent,2011,0.008084664203462046,0.010845993506031801,0.006012552162121735
1,All Population,1,Deaths,367,Monaco,3,Both,228,55+ years,697,Falls,3,Rate,2011,29.328086205103492,40.81594508432601,21.78344011112923
1,All Population,1,Deaths,93,Sweden,3,Both,228,55+ years,697,Falls,1,Number,2005,1701.960563075823,1920.6172365376635,1462.0616239535575
1,All Population,1,Deaths,93,Sweden,3,Both,228,55+ years,697,Falls,2,Percent,2005,0.0197663287666287,0.022238583348826405,0.017015295336599703
1,All Population,1,Deaths,93,Sweden,3,Both,228,55+ years,697,Falls,3,Rate,2005,61.42927914493677,69.32130797474484,52.77054802176489
1,All Population,1,Deaths,74,Andorra,3,Both,228,55+ years,697,Falls,1,Number,2007,12.415295876471445,17.03116337163978,8.67594744191326
1,All Population,1,Deaths,74,Andorra,3,Both,228,55+ years,697,Falls,2,Percent,2007,0.0280216796296083,0.038467237020617016,0.01962720641714068
1,All Population,1,Deaths,74,Andorra,3,Both,228,55+ years,697,Falls,3,Rate,2007,67.61348398970732,92.75141755878434,47.249057879566664
1,All Population,1,Deaths,89,Netherlands,3,Both,228,55+ years,697,Falls,1,Number,2011,2889.3838922508785,3268.759689684879,2381.496153834912
1,All Population,1,Deaths,89,Netherlands,3,Both,228,55+ years,697,Falls,2,Percent,2011,0.023030284598615385,0.026059203300277927,0.018982214402562064
1,All Population,1,Deaths,89,Netherlands,3,Both,228,55+ years,697,Falls,3,Rate,2011,60.36861171552719,68.29500400662577,49.75718768227918
1,All Population,1,Deaths,73,Western Europe,3,Both,228,55+ years,697,Falls,1,Number,2011,61082.69153214014,68371.77579722261,50965.7424859492
1,All Population,1,Deaths,73,Western Europe,3,Both,228,55+ years,697,Falls,2,Percent,2011,0.01720860605462669,0.019255603169776602,0.014353497714292519
1,All Population,1,Deaths,73,Western Europe,3,Both,228,55+ years,697,Falls,3,Rate,2011,47.79547289317732,53.49897450172256,39.879247334510715
1,All Population,1,Deaths,91,Portugal,3,Both,228,55+ years,697,Falls,1,Number,1999,533.2604168706964,587.6105250176118,474.84284316367405
1,All Population,1,Deaths,91,Portugal,3,Both,228,55+ years,697,Falls,2,Percent,1999,0.005622967253850056,0.0061962966022339845,0.0050411802626848645
1,All Population,1,Deaths,91,Portugal,3,Both,228,55+ years,697,Falls,3,Rate,1999,19.207398417208687,21.165023900311652,17.10326771997469
1,All Population,1,Deaths,83,Iceland,3,Both,228,55+ years,697,Falls,1,Number,2007,25.808070458880835,29.03891491003405,22.197757533125444
1,All Population,1,Deaths,83,Iceland,3,Both,228,55+ years,697,Falls,2,Percent,2007,0.014841443012254787,0.01674815161562553,0.012807649864813522
1,All Population,1,Deaths,83,Iceland,3,Both,228,55+ years,697,Falls,3,Rate,2007,39.3054159534374,44.225957581520774,33.80694788721835
1,All Population,1,Deaths,89,Netherlands,3,Both,228,55+ years,697,Falls,1,Number,2003,2090.076531088431,2381.9662567987393,1799.4895727944393
1,All Population,1,Deaths,89,Netherlands,3,Both,228,55+ years,697,Falls,2,Percent,2003,0.016335143781325886,0.018549930901068806,0.014144281932682665
1,All Population,1,Deaths,89,Netherlands,3,Both,228,55+ years,697,Falls,3,Rate,2003,51.81495124001422,59.051170431119495,44.61102887113034
1,All Population,1,Deaths,90,Norway,3,Both,228,55+ years,697,Falls,1,Number,2004,926.6976571479122,1053.0559022050584,791.8587900170853
1,All Population,1,Deaths,90,Norway,3,Both,228,55+ years,697,Falls,2,Percent,2004,0.02446829396620229,0.027619716275103706,0.02097412418885517
1,All Population,1,Deaths,90,Norway,3,Both,228,55+ years,697,Falls,3,Rate,2004,78.46093989892901,89.15934470732756,67.044504162432
1,All Population,1,Deaths,82,Greece,3,Both,228,55+ years,697,Falls,1,Number,2007,441.5429722872754,485.2538924481119,395.98719290376204
1,All Population,1,Deaths,82,Greece,3,Both,228,55+ years,697,Falls,2,Percent,2007,0.004427356998111049,0.004854979679693568,0.003946479391560335
1,All Population,1,Deaths,82,Greece,3,Both,228,55+ years,697,Falls,3,Rate,2007,13.361995736101841,14.684777810482085,11.983384438714316
1,All Population,1,Deaths,81,Germany,3,Both,228,55+ years,697,Falls,1,Number,2006,9586.431812978379,10681.209685819538,8321.399979430133
1,All Population,1,Deaths,81,Germany,3,Both,228,55+ years,697,Falls,2,Percent,2006,0.012724937948234654,0.014172640643503159,0.011039055383488885
1,All Population,1,Deaths,81,Germany,3,Both,228,55+ years,697,Falls,3,Rate,2006,37.47517950147515,41.754873771393385,32.52993021976435
1,All Population,1,Deaths,73,Western Europe,3,Both,228,55+ years,697,Falls,1,Number,2009,57711.913382121755,64296.80562438586,48898.73297402367
1,All Population,1,Deaths,73,Western Europe,3,Both,228,55+ years,697,Falls,2,Percent,2009,0.016331103312566736,0.018192090006288554,0.013836302415026511
1,All Population,1,Deaths,73,Western Europe,3,Both,228,55+ years,697,Falls,3,Rate,2009,46.480955964861494,51.78440318068116,39.38285391881001
1,All Population,1,Deaths,82,Greece,3,Both,228,55+ years,697,Falls,1,Number,2009,430.057855861393,473.2676224474107,383.92830631374125
1,All Population,1,Deaths,82,Greece,3,Both,228,55+ years,697,Falls,2,Percent,2009,0.0043223931658003594,0.004747144027122838,0.003860108969517089
1,All Population,1,Deaths,82,Greece,3,Both,228,55+ years,697,Falls,3,Rate,2009,12.797011164909918,14.082782039451589,11.424357805488842
1,All Population,1,Deaths,95,United Kingdom,3,Both,228,55+ years,697,Falls,1,Number,1999,5094.905930910002,5659.234373532614,4472.256416449079
1,All Population,1,Deaths,95,United Kingdom,3,Both,228,55+ years,697,Falls,2,Percent,1999,0.008765338341255294,0.009745930782267367,0.0076849372532785155
1,All Population,1,Deaths,95,United Kingdom,3,Both,228,55+ years,697,Falls,3,Rate,1999,33.16187202191608,36.83498941531921,29.109152738564497
1,All Population,1,Deaths,95,United Kingdom,3,Both,228,55+ years,697,Falls,1,Number,2000,5345.975741337283,5984.620198293605,4629.260630199685
1,All Population,1,Deaths,95,United Kingdom,3,Both,228,55+ years,697,Falls,2,Percent,2000,0.009557238399208133,0.010698715160502767,0.008278150088608148
1,All Population,1,Deaths,95,United Kingdom,3,Both,228,55+ years,697,Falls,3,Rate,2000,34.448610535113744,38.56393301927345,29.83021327279588
1,All Population,1,Deaths,76,Belgium,3,Both,228,55+ years,697,Falls,1,Number,2006,1716.8455591001925,1939.5367794676254,1468.309674804686
1,All Population,1,Deaths,76,Belgium,3,Both,228,55+ years,697,Falls,2,Percent,2006,0.018848744552842574,0.021322697097466117,0.016063410074857006
1,All Population,1,Deaths,76,Belgium,3,Both,228,55+ years,697,Falls,3,Rate,2006,57.072582866608975,64.47544042751139,48.81057888110462
1,All Population,1,Deaths,85,Israel,3,Both,228,55+ years,697,Falls,1,Number,2003,311.04649871932077,354.61691303571297,268.53677499250557
1,All Population,1,Deaths,85,Israel,3,Both,228,55+ years,697,Falls,2,Percent,2003,0.009344216511502383,0.010625125013467466,0.008101357719769471
1,All Population,1,Deaths,85,Israel,3,Both,228,55+ years,697,Falls,3,Rate,2003,26.483615435630888,30.193356911189774,22.86418496433089
1,All Population,1,Deaths,87,Luxembourg,3,Both,228,55+ years,697,Falls,1,Number,2012,76.79713216206808,85.42810141105268,65.56487904720156
1,All Population,1,Deaths,87,Luxembourg,3,Both,228,55+ years,697,Falls,2,Percent,2012,0.022288324251318853,0.024692574303528076,0.019248626606223604
1,All Population,1,Deaths,87,Luxembourg,3,Both,228,55+ years,697,Falls,3,Rate,2012,58.4743425882259,65.04607565331615,49.9219579068513
1,All Population,1,Deaths,77,Cyprus,3,Both,228,55+ years,697,Falls,1,Number,2004,100.86506546792826,133.13533935788217,76.74277423031619
1,All Population,1,Deaths,77,Cyprus,3,Both,228,55+ years,697,Falls,2,Percent,2004,0.014547738867590204,0.0191828159523227,0.01131183460741749
1,All Population,1,Deaths,77,Cyprus,3,Both,228,55+ years,697,Falls,3,Rate,2004,48.38838818154828,63.8695315533183,36.81610805840614
1,All Population,1,Deaths,95,United Kingdom,3,Both,228,55+ years,697,Falls,1,Number,2004,6180.102601360312,6858.382825526422,5391.074440946759
1,All Population,1,Deaths,95,United Kingdom,3,Both,228,55+ years,697,Falls,2,Percent,2004,0.011677812319716773,0.012947225197841241,0.010185088934533206
1,All Population,1,Deaths,95,United Kingdom,3,Both,228,55+ years,697,Falls,3,Rate,2004,37.509697236628334,41.626471259840066,32.72074641859959
1,All Population,1,Deaths,78,Denmark,3,Both,228,55+ years,697,Falls,1,Number,2012,869.8842321153538,979.0126654316427,741.943634386566
1,All Population,1,Deaths,78,Denmark,3,Both,228,55+ years,697,Falls,2,Percent,2012,0.018037171229871755,0.02030987250229346,0.015289068988900843
1,All Population,1,Deaths,78,Denmark,3,Both,228,55+ years,697,Falls,3,Rate,2012,52.07371871901298,58.606453916362085,44.414834406706206
1,All Population,1,Deaths,90,Norway,3,Both,228,55+ years,697,Falls,1,Number,2011,1131.4693122943952,1278.8536404332544,926.9138476634815
1,All Population,1,Deaths,90,Norway,3,Both,228,55+ years,697,Falls,2,Percent,2011,0.02949695985114907,0.033271720974424525,0.024190833771654895
1,All Population,1,Deaths,90,Norway,3,Both,228,55+ years,697,Falls,3,Rate,2011,84.82595338550846,95.87531726362342,69.4904846114174
1,All Population,1,Deaths,90,Norway,3,Both,228,55+ years,697,Falls,1,Number,1994,862.0725841661615,972.1296964938601,742.2410973939055
1,All Population,1,Deaths,90,Norway,3,Both,228,55+ years,697,Falls,2,Percent,1994,0.021092325973858128,0.0236977456135655,0.018198326676388106
1,All Population,1,Deaths,90,Norway,3,Both,228,55+ years,697,Falls,3,Rate,1994,81.06518763380475,91.41443272655894,69.79680706115637
1,All Population,1,Deaths,90,Norway,3,Both,228,55+ years,697,Falls,1,Number,2010,1110.1105807678673,1256.4444776543924,911.6079486354863
1,All Population,1,Deaths,90,Norway,3,Both,228,55+ years,697,Falls,2,Percent,2010,0.028949653817902387,0.03269873324414421,0.023824732852131776
1,All Population,1,Deaths,90,Norway,3,Both,228,55+ years,697,Falls,3,Rate,2010,84.74449620564937,95.91544852724616,69.5910458674694
1,All Population,1,Deaths,83,Iceland,3,Both,228,55+ years,697,Falls,1,Number,2003,21.7491503455799,24.54327275720484,19.019811024045275
1,All Population,1,Deaths,83,Iceland,3,Both,228,55+ years,697,Falls,2,Percent,2003,0.013092739462452749,0.01481255206294159,0.0113181688555065
1,All Population,1,Deaths,83,Iceland,3,Both,228,55+ years,697,Falls,3,Rate,2003,37.282053969818826,42.07169498536553,32.60346311589692
1,All Population,1,Deaths,89,Netherlands,3,Both,228,55+ years,697,Falls,1,Number,2008,2498.534483380071,2825.6635908104067,2090.090955655101
1,All Population,1,Deaths,89,Netherlands,3,Both,228,55+ years,697,Falls,2,Percent,2008,0.02021455071073681,0.022849184327998793,0.0169793642034571
1,All Population,1,Deaths,89,Netherlands,3,Both,228,55+ years,697,Falls,3,Rate,2008,55.50731816783989,62.77480219452919,46.43335701267734
1,All Population,1,Deaths,367,Monaco,3,Both,228,55+ years,697,Falls,1,Number,2012,4.206928820546042,5.617593436161188,3.087536820093714
1,All Population,1,Deaths,367,Monaco,3,Both,228,55+ years,697,Falls,2,Percent,2012,0.008330972786965441,0.010955549899154551,0.006161019224711314
1,All Population,1,Deaths,367,Monaco,3,Both,228,55+ years,697,Falls,3,Rate,2012,30.483421744440484,40.705102750247,22.372303182013216
1,All Population,1,Deaths,79,Finland,3,Both,228,55+ years,697,Falls,1,Number,2012,1200.6792249561836,1302.2854295191585,1025.2063042034886
1,All Population,1,Deaths,79,Finland,3,Both,228,55+ years,697,Falls,2,Percent,2012,0.025304465612485207,0.027517955835634725,0.02172700259738033
1,All Population,1,Deaths,79,Finland,3,Both,228,55+ years,697,Falls,3,Rate,2012,67.2231863385169,72.91187710664077,57.398873063210026
1,All Population,1,Deaths,88,Malta,3,Both,228,55+ years,697,Falls,1,Number,2012,40.967473063698115,46.50725550389073,34.18453479102177
1,All Population,1,Deaths,88,Malta,3,Both,228,55+ years,697,Falls,2,Percent,2012,0.013262577530835441,0.015012680762252784,0.011025451035023046
1,All Population,1,Deaths,88,Malta,3,Both,228,55+ years,697,Falls,3,Rate,2012,30.66187786105529,34.808097284789284,25.585225353528
1,All Population,1,Deaths,92,Spain,3,Both,228,55+ years,697,Falls,1,Number,2004,2471.4223686352184,2769.9570420217765,2168.903942160118
1,All Population,1,Deaths,92,Spain,3,Both,228,55+ years,697,Falls,2,Percent,2004,0.007310759738770929,0.00819468988459498,0.006416140315252464
1,All Population,1,Deaths,92,Spain,3,Both,228,55+ years,697,Falls,3,Rate,2004,21.054554072825724,23.597832187971072,18.47733754800989
1,All Population,1,Deaths,95,United Kingdom,3,Both,228,55+ years,697,Falls,1,Number,2002,5727.230868990407,6379.493453126875,4991.472442886537
1,All Population,1,Deaths,95,United Kingdom,3,Both,228,55+ years,697,Falls,2,Percent,2002,0.01033900206609303,0.011523100861819765,0.009000657362436524
1,All Population,1,Deaths,95,United Kingdom,3,Both,228,55+ years,697,Falls,3,Rate,2002,35.8713016356706,39.95661065087111,31.263034038731437
1,All Population,1,Deaths,75,Austria,3,Both,228,55+ years,697,Falls,1,Number,2006,1190.4899997380119,1319.2491712936317,1056.678685888953
1,All Population,1,Deaths,75,Austria,3,Both,228,55+ years,697,Falls,2,Percent,2006,0.01749608719673503,0.019401385811523047,0.015552022214876374
1,All Population,1,Deaths,75,Austria,3,Both,228,55+ years,697,Falls,3,Rate,2006,51.90403197252058,57.517787786218165,46.07000840757251
1,All Population,1,Deaths,77,Cyprus,3,Both,228,55+ years,697,Falls,1,Number,2002,96.26813097335936,126.6728780489778,72.38585830420696
1,All Population,1,Deaths,77,Cyprus,3,Both,228,55+ years,697,Falls,2,Percent,2002,0.013929176676621847,0.018210339529225943,0.010511633109948565
1,All Population,1,Deaths,77,Cyprus,3,Both,228,55+ years,697,Falls,3,Rate,2002,48.38977469547795,63.67290989075169,36.38520182186453
1,All Population,1,Deaths,84,Ireland,3,Both,228,55+ years,697,Falls,1,Number,2001,306.97196190654046,340.1769280107747,271.9068878571082
1,All Population,1,Deaths,84,Ireland,3,Both,228,55+ years,697,Falls,2,Percent,2001,0.011536741915961692,0.012805918050897543,0.010187332558245605
1,All Population,1,Deaths,84,Ireland,3,Both,228,55+ years,697,Falls,3,Rate,2001,39.51347339519633,43.78762122485228,34.99989221355519
1,All Population,1,Deaths,95,United Kingdom,3,Both,228,55+ years,697,Falls,1,Number,2005,6512.096697862047,7249.543897219387,5652.674213917829
1,All Population,1,Deaths,95,United Kingdom,3,Both,228,55+ years,697,Falls,2,Percent,2005,0.012304642053958245,0.013712019236572325,0.010693601726185735
1,All Population,1,Deaths,95,United Kingdom,3,Both,228,55+ years,697,Falls,3,Rate,2005,38.94606366518989,43.356419792935405,33.80622555652426
1,All Population,1,Deaths,75,Austria,3,Both,228,55+ years,697,Falls,1,Number,2004,1085.9483709866895,1198.522252654374,971.104191724825
1,All Population,1,Deaths,75,Austria,3,Both,228,55+ years,697,Falls,2,Percent,2004,0.015985387143252688,0.01765207051836675,0.014337025097764161
1,All Population,1,Deaths,75,Austria,3,Both,228,55+ years,697,Falls,3,Rate,2004,48.59182299549578,53.62905153974215,43.45300776279269
1,All Population,1,Deaths,89,Netherlands,3,Both,228,55+ years,697,Falls,1,Number,2005,2189.7147429829647,2483.4271583275076,1875.122642516012
1,All Population,1,Deaths,89,Netherlands,3,Both,228,55+ years,697,Falls,2,Percent,2005,0.017677143370760685,0.019960393156079528,0.015094586948039761
1,All Population,1,Deaths,89,Netherlands,3,Both,228,55+ years,697,Falls,3,Rate,2005,51.80887140649116,58.75813674154841,44.365590618059656
1,All Population,1,Deaths,77,Cyprus,3,Both,228,55+ years,697,Falls,1,Number,2005,107.11920966368942,141.1957067222247,82.37307680767093
1,All Population,1,Deaths,77,Cyprus,3,Both,228,55+ years,697,Falls,2,Percent,2005,0.014784980737607357,0.01955893694337916,0.011551970143298725
1,All Population,1,Deaths,77,Cyprus,3,Both,228,55+ years,697,Falls,3,Rate,2005,48.19035172352475,63.52054678295602,37.05766273270187
1,All Population,1,Deaths,396,San Marino,3,Both,228,55+ years,697,Falls,1,Number,2004,1.832023332899256,2.4153575211308524,1.3415001551629135
1,All Population,1,Deaths,396,San Marino,3,Both,228,55+ years,697,Falls,2,Percent,2004,0.010024956139238938,0.01312114129144891,0.007365503790061868
1,All Population,1,Deaths,396,San Marino,3,Both,228,55+ years,697,Falls,3,Rate,2004,25.450722368167455,33.55448185961878,18.63630631378118
1,All Population,1,Deaths,80,France,3,Both,228,55+ years,697,Falls,1,Number,2011,13426.72345739354,15257.02859900661,10973.416711525215
1,All Population,1,Deaths,80,France,3,Both,228,55+ years,697,Falls,2,Percent,2011,0.02758814162232491,0.03132961334299833,0.022546389078842634
1,All Population,1,Deaths,80,France,3,Both,228,55+ years,697,Falls,3,Rate,2011,70.32850824624224,79.91555535073833,57.478209790713024
1,All Population,1,Deaths,89,Netherlands,3,Both,228,55+ years,697,Falls,1,Number,2007,2358.221098119467,2664.1211869905846,2000.9006376102136
1,All Population,1,Deaths,89,Netherlands,3,Both,228,55+ years,697,Falls,2,Percent,2007,0.01931884473184367,0.02180916805109538,0.016399580220868796
1,All Population,1,Deaths,89,Netherlands,3,Both,228,55+ years,697,Falls,3,Rate,2007,53.556166456034006,60.50328269189556,45.44127253177867
1,All Population,1,Deaths,88,Malta,3,Both,228,55+ years,697,Falls,1,Number,2013,43.62011619634673,49.397413940745544,35.62770620603408
1,All Population,1,Deaths,88,Malta,3,Both,228,55+ years,697,Falls,2,Percent,2013,0.014204904623102423,0.016044286033194393,0.011831786596941018
1,All Population,1,Deaths,88,Malta,3,Both,228,55+ years,697,Falls,3,Rate,2013,31.8323225263685,36.04837743788586,25.99976189243078
1,All Population,1,Deaths,83,Iceland,3,Both,228,55+ years,697,Falls,1,Number,2002,20.674205669655365,23.33602305548727,17.92588663250194
1,All Population,1,Deaths,83,Iceland,3,Both,228,55+ years,697,Falls,2,Percent,2002,0.012913749165933698,0.014595636442629496,0.01111303118096665
1,All Population,1,Deaths,83,Iceland,3,Both,228,55+ years,697,Falls,3,Rate,2002,36.52711404790862,41.23000366701,31.671393614717516
1,All Population,1,Deaths,74,Andorra,3,Both,228,55+ years,697,Falls,1,Number,2008,13.095867281125406,18.04676527056437,9.034312180722804
1,All Population,1,Deaths,74,Andorra,3,Both,228,55+ years,697,Falls,2,Percent,2008,0.028074545292521794,0.03885656477061959,0.019360691264220204
1,All Population,1,Deaths,74,Andorra,3,Both,228,55+ years,697,Falls,3,Rate,2008,68.52803471412216,94.43508630553038,47.274735261793644
1,All Population,1,Deaths,78,Denmark,3,Both,228,55+ years,697,Falls,1,Number,2013,875.6709094932849,983.2718830979305,738.6415167119405
1,All Population,1,Deaths,78,Denmark,3,Both,228,55+ years,697,Falls,2,Percent,2013,0.018088635390448336,0.020357636471959165,0.015163795109403843
1,All Population,1,Deaths,78,Denmark,3,Both,228,55+ years,697,Falls,3,Rate,2013,51.64513375375604,57.99120122453902,43.56344319892919
1,All Population,1,Deaths,95,United Kingdom,3,Both,228,55+ years,697,Falls,1,Number,2003,6099.315733802755,6784.318996878189,5307.171434441395
1,All Population,1,Deaths,95,United Kingdom,3,Both,228,55+ years,697,Falls,2,Percent,2003,0.010981393273630076,0.012211863164874333,0.009555923688124347
1,All Population,1,Deaths,95,United Kingdom,3,Both,228,55+ years,697,Falls,3,Rate,2003,37.506688366742885,41.71899758956023,32.635533851330614
1,All Population,1,Deaths,85,Israel,3,Both,228,55+ years,697,Falls,1,Number,2007,356.22675111719406,403.99026526757655,297.30720738263716
1,All Population,1,Deaths,85,Israel,3,Both,228,55+ years,697,Falls,2,Percent,2007,0.010110005132106374,0.011422922274688711,0.008443849723762236
1,All Population,1,Deaths,85,Israel,3,Both,228,55+ years,697,Falls,3,Rate,2007,26.06292824636312,29.557491858420512,21.752146319272505
1,All Population,1,Deaths,76,Belgium,3,Both,228,55+ years,697,Falls,1,Number,2007,1822.1073470616648,2067.0584557930874,1534.4356774392459
1,All Population,1,Deaths,76,Belgium,3,Both,228,55+ years,697,Falls,2,Percent,2007,0.019817401618678423,0.022499851014180703,0.01666766142993874
1,All Population,1,Deaths,76,Belgium,3,Both,228,55+ years,697,Falls,3,Rate,2007,59.73822182853899,67.7690020644792,50.306837864579435
1,All Population,1,Deaths,86,Italy,3,Both,228,55+ years,697,Falls,1,Number,2003,8943.475598176283,10227.952396123032,7478.382136962124
1,All Population,1,Deaths,86,Italy,3,Both,228,55+ years,697,Falls,2,Percent,2003,0.016404338524757832,0.018771735883317545,0.013707488764897252
1,All Population,1,Deaths,86,Italy,3,Both,228,55+ years,697,Falls,3,Rate,2003,50.23703741597808,57.45216404656507,42.00735598833164
1,All Population,1,Deaths,83,Iceland,3,Both,228,55+ years,697,Falls,1,Number,2008,26.8215231664574,30.354827348022162,22.978797264757265
1,All Population,1,Deaths,83,Iceland,3,Both,228,55+ years,697,Falls,2,Percent,2008,0.015076755590805435,0.016924888721828533,0.012991484835356544
1,All Population,1,Deaths,83,Iceland,3,Both,228,55+ years,697,Falls,3,Rate,2008,39.649348602210864,44.872512415208185,33.968777147947016
1,All Population,1,Deaths,79,Finland,3,Both,228,55+ years,697,Falls,1,Number,2013,1175.3010453577515,1280.5800051554622,1004.3919618746412
1,All Population,1,Deaths,79,Finland,3,Both,228,55+ years,697,Falls,2,Percent,2013,0.02461993853058304,0.02686582597058179,0.0210022215509624
1,All Population,1,Deaths,79,Finland,3,Both,228,55+ years,697,Falls,3,Rate,2013,64.95021220141504,70.76820309507944,55.50532888133054
1,All Population,1,Deaths,82,Greece,3,Both,228,55+ years,697,Falls,1,Number,2006,450.52270817746626,491.7013837266671,403.08692670093103
1,All Population,1,Deaths,82,Greece,3,Both,228,55+ years,697,Falls,2,Percent,2006,0.004656018832570236,0.005083350235461911,0.0041523499688979
1,All Population,1,Deaths,82,Greece,3,Both,228,55+ years,697,Falls,3,Rate,2006,13.755832284847777,15.013142836092706,12.307473206719195
1,All Population,1,Deaths,92,Spain,3,Both,228,55+ years,697,Falls,1,Number,1999,2122.7257365510604,2349.7967160455123,1824.4524899872622
1,All Population,1,Deaths,92,Spain,3,Both,228,55+ years,697,Falls,2,Percent,1999,0.006358923717490248,0.007024424353022079,0.005459820524994358
1,All Population,1,Deaths,92,Spain,3,Both,228,55+ years,697,Falls,3,Rate,1999,19.766898333243226,21.881391453484746,16.989367143588694
1,All Population,1,Deaths,93,Sweden,3,Both,228,55+ years,697,Falls,1,Number,2002,1585.0024244893618,1781.3876309427123,1361.749992342785
1,All Population,1,Deaths,93,Sweden,3,Both,228,55+ years,697,Falls,2,Percent,2002,0.017801933273501745,0.020054586205114765,0.015321822361146369
1,All Population,1,Deaths,93,Sweden,3,Both,228,55+ years,697,Falls,3,Rate,2002,59.6480875224962,67.03861374609285,51.24647222744113
1,All Population,1,Deaths,83,Iceland,3,Both,228,55+ years,697,Falls,1,Number,2006,26.256701160668598,29.65043877531894,22.873287818344934
1,All Population,1,Deaths,83,Iceland,3,Both,228,55+ years,697,Falls,2,Percent,2006,0.015237426578732834,0.01722627569309694,0.013191801685027859
1,All Population,1,Deaths,83,Iceland,3,Both,228,55+ years,697,Falls,3,Rate,2006,41.156596672358155,46.47617925675383,35.85319707719192
1,All Population,1,Deaths,75,Austria,3,Both,228,55+ years,697,Falls,1,Number,2007,1205.870987305096,1330.3278318725968,1075.0737911797185
1,All Population,1,Deaths,75,Austria,3,Both,228,55+ years,697,Falls,2,Percent,2007,0.017713766694565685,0.0196364450161681,0.01573817622890139
1,All Population,1,Deaths,75,Austria,3,Both,228,55+ years,697,Falls,3,Rate,2007,51.980237872743224,57.34507080563219,46.3420979396487
1,All Population,1,Deaths,74,Andorra,3,Both,228,55+ years,697,Falls,1,Number,2005,10.969716914072464,15.002718529689679,7.765836296021549
1,All Population,1,Deaths,74,Andorra,3,Both,228,55+ years,697,Falls,2,Percent,2005,0.026998643624612528,0.036916072133343976,0.019112327059760258
1,All Population,1,Deaths,74,Andorra,3,Both,228,55+ years,697,Falls,3,Rate,2005,64.2135973350323,87.82163971437171,45.45899304318298
1,All Population,1,Deaths,77,Cyprus,3,Both,228,55+ years,697,Falls,1,Number,2006,107.80180396618513,142.29743608206087,82.68481875570762
1,All Population,1,Deaths,77,Cyprus,3,Both,228,55+ years,697,Falls,2,Percent,2006,0.01520631511626307,0.02020610745582537,0.011945901572351364
1,All Population,1,Deaths,77,Cyprus,3,Both,228,55+ years,697,Falls,3,Rate,2006,48.73104310990789,64.3245496552117,37.377087572516054
1,All Population,1,Deaths,87,Luxembourg,3,Both,228,55+ years,697,Falls,1,Number,2013,78.46233789008404,87.87894419080934,66.53076237196011
1,All Population,1,Deaths,87,Luxembourg,3,Both,228,55+ years,697,Falls,2,Percent,2013,0.02282637051009316,0.02541687575723955,0.01973578103414321
1,All Population,1,Deaths,87,Luxembourg,3,Both,228,55+ years,697,Falls,3,Rate,2013,58.11709657798351,65.09198201388205,49.27937206758565
1,All Population,1,Deaths,94,Switzerland,3,Both,228,55+ years,697,Falls,1,Number,2006,1379.5074303255262,1521.304352972056,1183.6954341091364
1,All Population,1,Deaths,94,Switzerland,3,Both,228,55+ years,697,Falls,2,Percent,2006,0.024904654082615524,0.027495697755119317,0.021399435998408135
1,All Population,1,Deaths,94,Switzerland,3,Both,228,55+ years,697,Falls,3,Rate,2006,64.84045329350222,71.50527911314654,55.63677789758199
1,All Population,1,Deaths,367,Monaco,3,Both,228,55+ years,697,Falls,1,Number,2013,4.49389071018038,5.969557510748383,3.3603969534960543
1,All Population,1,Deaths,367,Monaco,3,Both,228,55+ years,697,Falls,2,Percent,2013,0.008693801836441502,0.011413937557758203,0.00639335301348049
1,All Population,1,Deaths,367,Monaco,3,Both,228,55+ years,697,Falls,3,Rate,2013,32.015159984009344,42.52803440622232,23.939978298145014
1,All Population,1,Deaths,85,Israel,3,Both,228,55+ years,697,Falls,1,Number,2004,313.2807291104699,355.82527757369814,268.87771229757334
1,All Population,1,Deaths,85,Israel,3,Both,228,55+ years,697,Falls,2,Percent,2004,0.009478856444649698,0.010794058767786987,0.008149989874073553
1,All Population,1,Deaths,85,Israel,3,Both,228,55+ years,697,Falls,3,Rate,2004,25.87550259010568,29.389480539151325,22.208023968573652
1,All Population,1,Deaths,80,France,3,Both,228,55+ years,697,Falls,1,Number,2009,12929.93714192544,14715.375996985442,10729.6616008629
1,All Population,1,Deaths,80,France,3,Both,228,55+ years,697,Falls,2,Percent,2009,0.02678594436030358,0.030506799641712583,0.022290183479551386
1,All Population,1,Deaths,80,France,3,Both,228,55+ years,697,Falls,3,Rate,2009,70.20600528199199,79.9004475915816,58.259113772612885
1,All Population,1,Deaths,90,Norway,3,Both,228,55+ years,697,Falls,1,Number,2008,1038.2995256035379,1161.820153725876,879.3951173919116
1,All Population,1,Deaths,90,Norway,3,Both,228,55+ years,697,Falls,2,Percent,2008,0.026900671295918357,0.03009733656834499,0.02265462498148972
1,All Population,1,Deaths,90,Norway,3,Both,228,55+ years,697,Falls,3,Rate,2008,82.16568685308087,91.94047437818972,69.590808869677
1,All Population,1,Deaths,89,Netherlands,3,Both,228,55+ years,697,Falls,1,Number,2009,2591.814398952883,2956.5028284349264,2170.547918466254
1,All Population,1,Deaths,89,Netherlands,3,Both,228,55+ years,697,Falls,2,Percent,2009,0.021008930294449314,0.023808030735602306,0.01758755310927097
1,All Population,1,Deaths,89,Netherlands,3,Both,228,55+ years,697,Falls,3,Rate,2009,56.4366436741926,64.37771806404638,47.263584731117675
1,All Population,1,Deaths,78,Denmark,3,Both,228,55+ years,697,Falls,1,Number,2014,852.6410255610033,960.4977343083873,709.9076344184245
1,All Population,1,Deaths,78,Denmark,3,Both,228,55+ years,697,Falls,2,Percent,2014,0.017884369216545182,0.020162633367639318,0.014861186134849023
1,All Population,1,Deaths,78,Denmark,3,Both,228,55+ years,697,Falls,3,Rate,2014,49.61029714387646,55.885861196635574,41.30545872459278
1,All Population,1,Deaths,90,Norway,3,Both,228,55+ years,697,Falls,1,Number,2005,923.4036971746283,1039.6096059943366,783.0584940972576
1,All Population,1,Deaths,90,Norway,3,Both,228,55+ years,697,Falls,2,Percent,2005,0.024508003121915273,0.02756558573045303,0.02078947265487872
1,All Population,1,Deaths,90,Norway,3,Both,228,55+ years,697,Falls,3,Rate,2005,76.80941399256324,86.47550888283202,65.13539445157201
1,All Population,1,Deaths,84,Ireland,3,Both,228,55+ years,697,Falls,1,Number,2007,264.45087696468596,294.34476130536365,226.95591330754732
1,All Population,1,Deaths,84,Ireland,3,Both,228,55+ years,697,Falls,2,Percent,2007,0.010666422579164182,0.011920511455542246,0.00912807437542333
1,All Population,1,Deaths,84,Ireland,3,Both,228,55+ years,697,Falls,3,Rate,2007,29.160123835718263,32.45642362231798,25.025678164721594
1,All Population,1,Deaths,76,Belgium,3,Both,228,55+ years,697,Falls,1,Number,2010,2159.560963640779,2440.995160661089,1800.6031471586018
1,All Population,1,Deaths,76,Belgium,3,Both,228,55+ years,697,Falls,2,Percent,2010,0.022508662537788254,0.025339468880636883,0.018727178795992096
1,All Population,1,Deaths,76,Belgium,3,Both,228,55+ years,697,Falls,3,Rate,2010,67.7437566864611,76.57212971560277,56.483527690898974
1,All Population,1,Deaths,77,Cyprus,3,Both,228,55+ years,697,Falls,1,Number,2010,114.23753733081998,146.66293467271223,89.15399294059432
1,All Population,1,Deaths,77,Cyprus,3,Both,228,55+ years,697,Falls,2,Percent,2010,0.016335773893711096,0.020891291723785486,0.01262239295522003
1,All Population,1,Deaths,77,Cyprus,3,Both,228,55+ years,697,Falls,3,Rate,2010,48.06803612684245,61.71175786030105,37.51356562519819
1,All Population,1,Deaths,83,Iceland,3,Both,228,55+ years,697,Falls,1,Number,2005,23.665090683939585,26.69467095154219,20.627381372103226
1,All Population,1,Deaths,83,Iceland,3,Both,228,55+ years,697,Falls,2,Percent,2005,0.014210032706012529,0.016120456349293034,0.012270059339843483
1,All Population,1,Deaths,83,Iceland,3,Both,228,55+ years,697,Falls,3,Rate,2005,38.36805351400887,43.27989177335886,33.4430356895203
1,All Population,1,Deaths,79,Finland,3,Both,228,55+ years,697,Falls,1,Number,2014,1215.8216105762865,1332.0847573914473,1040.8963967224936
1,All Population,1,Deaths,79,Finland,3,Both,228,55+ years,697,Falls,2,Percent,2014,0.02502572922974977,0.02737307404910194,0.021331934404630506
1,All Population,1,Deaths,79,Finland,3,Both,228,55+ years,697,Falls,3,Rate,2014,66.21042638066447,72.54180958361721,56.68446229741477
1,All Population,1,Deaths,81,Germany,3,Both,228,55+ years,697,Falls,1,Number,2011,11816.290278430442,13215.939126894178,9939.293374643084
1,All Population,1,Deaths,81,Germany,3,Both,228,55+ years,697,Falls,2,Percent,2011,0.014942391300572672,0.016738326563270785,0.01256502441356962
1,All Population,1,Deaths,81,Germany,3,Both,228,55+ years,697,Falls,3,Rate,2011,43.371579322619105,48.50897690041629,36.48208031889815
1,All Population,1,Deaths,73,Western Europe,3,Both,228,55+ years,697,Falls,1,Number,2013,67372.40520691444,75185.98028769989,55095.34023195653
1,All Population,1,Deaths,73,Western Europe,3,Both,228,55+ years,697,Falls,2,Percent,2013,0.01834964454572222,0.02049226180783318,0.015002451414666666
1,All Population,1,Deaths,73,Western Europe,3,Both,228,55+ years,697,Falls,3,Rate,2013,51.139422736177856,57.07036312505002,41.82044393787512
1,All Population,1,Deaths,90,Norway,3,Both,228,55+ years,697,Falls,1,Number,2007,996.5639766573684,1126.1851262547038,851.392646270937
1,All Population,1,Deaths,90,Norway,3,Both,228,55+ years,697,Falls,2,Percent,2007,0.02579350644340548,0.029054704255708816,0.021984120602134602
1,All Population,1,Deaths,90,Norway,3,Both,228,55+ years,697,Falls,3,Rate,2007,80.20200956873708,90.63372988355874,68.51883347420126
1,All Population,1,Deaths,87,Luxembourg,3,Both,228,55+ years,697,Falls,1,Number,2014,79.68590564702936,89.28246437603455,67.57448206145003
1,All Population,1,Deaths,87,Luxembourg,3,Both,228,55+ years,697,Falls,2,Percent,2014,0.023046191660835404,0.025716505252178307,0.019742289448634206
1,All Population,1,Deaths,87,Luxembourg,3,Both,228,55+ years,697,Falls,3,Rate,2014,57.266881555745286,64.16352140208151,48.562914972004904
1,All Population,1,Deaths,90,Norway,3,Both,228,55+ years,697,Falls,1,Number,2014,1222.0677930791098,1391.3050165057223,988.0975820198067
1,All Population,1,Deaths,90,Norway,3,Both,228,55+ years,697,Falls,2,Percent,2014,0.032381322398898196,0.03686959975604882,0.026179911487151448
1,All Population,1,Deaths,90,Norway,3,Both,228,55+ years,697,Falls,3,Rate,2014,86.6381064662406,98.63612545039419,70.05086296757126
1,All Population,1,Deaths,367,Monaco,3,Both,228,55+ years,697,Falls,1,Number,2014,4.4192118588884615,5.7034186646728315,3.1975268031335915
1,All Population,1,Deaths,367,Monaco,3,Both,228,55+ years,697,Falls,2,Percent,2014,0.008871283571350362,0.01157968133611163,0.00647366536805668
1,All Population,1,Deaths,367,Monaco,3,Both,228,55+ years,697,Falls,3,Rate,2014,31.229489331828773,40.30466473000312,22.596139849202324
1,All Population,1,Deaths,84,Ireland,3,Both,228,55+ years,697,Falls,1,Number,2003,295.31038512698643,328.84055712213865,258.6272039799638
1,All Population,1,Deaths,84,Ireland,3,Both,228,55+ years,697,Falls,2,Percent,2003,0.011524271220434297,0.012882110030190859,0.010093657249915143
1,All Population,1,Deaths,84,Ireland,3,Both,228,55+ years,697,Falls,3,Rate,2003,36.09501670643254,40.193322012607766,31.611327330667766
1,All Population,1,Deaths,74,Andorra,3,Both,228,55+ years,697,Falls,1,Number,2010,13.70282479043004,18.69411950581311,9.663103365251258
1,All Population,1,Deaths,74,Andorra,3,Both,228,55+ years,697,Falls,2,Percent,2010,0.028162978260806253,0.038245849990641005,0.01982402890934667
1,All Population,1,Deaths,74,Andorra,3,Both,228,55+ years,697,Falls,3,Rate,2010,67.35681976025057,91.89174184063403,47.49939677784296
1,All Population,1,Deaths,93,Sweden,3,Both,228,55+ years,697,Falls,1,Number,2004,1641.7012954896577,1848.5970050985188,1420.247641875314
1,All Population,1,Deaths,93,Sweden,3,Both,228,55+ years,697,Falls,2,Percent,2004,0.019253202092505486,0.02162978945643301,0.01666961114828329
1,All Population,1,Deaths,93,Sweden,3,Both,228,55+ years,697,Falls,3,Rate,2004,60.059805670021824,67.62885379540758,51.95817144610118
1,All Population,1,Deaths,93,Sweden,3,Both,228,55+ years,697,Falls,1,Number,2003,1624.5965718048737,1832.5811766117827,1399.5237971638446
1,All Population,1,Deaths,93,Sweden,3,Both,228,55+ years,697,Falls,2,Percent,2003,0.018645097856163795,0.021065365038192008,0.01615160871503312
1,All Population,1,Deaths,93,Sweden,3,Both,228,55+ years,697,Falls,3,Rate,2003,60.252535692905155,67.96620445362451,51.90510616922114
1,All Population,1,Deaths,83,Iceland,3,Both,228,55+ years,697,Falls,1,Number,2004,21.609023047510973,24.375300120416792,18.78147169417782
1,All Population,1,Deaths,83,Iceland,3,Both,228,55+ years,697,Falls,2,Percent,2004,0.013002463378991684,0.01472624224328432,0.011315818933319217
1,All Population,1,Deaths,83,Iceland,3,Both,228,55+ years,697,Falls,3,Rate,2004,36.040563952830496,40.65429339067268,31.32463833436745
1,All Population,1,Deaths,85,Israel,3,Both,228,55+ years,697,Falls,1,Number,2005,334.05602631869164,377.39368376428104,282.70053137567805
1,All Population,1,Deaths,85,Israel,3,Both,228,55+ years,697,Falls,2,Percent,2005,0.00983473572635809,0.01117624079023572,0.00839010803678936
1,All Population,1,Deaths,85,Israel,3,Both,228,55+ years,697,Falls,3,Rate,2005,26.408320989282196,29.834317464660423,22.348485847362866
1,All Population,1,Deaths,396,San Marino,3,Both,228,55+ years,697,Falls,1,Number,2006,2.021546700848127,2.711843362306796,1.4779178401981687
1,All Population,1,Deaths,396,San Marino,3,Both,228,55+ years,697,Falls,2,Percent,2006,0.010738100295736172,0.014193115193257432,0.007827841801044651
1,All Population,1,Deaths,396,San Marino,3,Both,228,55+ years,697,Falls,3,Rate,2006,26.405258621509592,35.421850651628695,19.304428028005937
1,All Population,1,Deaths,396,San Marino,3,Both,228,55+ years,697,Falls,1,Number,2005,1.9365226178358006,2.6111299595919535,1.4294358437927794
1,All Population,1,Deaths,396,San Marino,3,Both,228,55+ years,697,Falls,2,Percent,2005,0.010371665243706092,0.013626020745206729,0.0075706954002332585
1,All Population,1,Deaths,396,San Marino,3,Both,228,55+ years,697,Falls,3,Rate,2005,26.09068237740083,35.17963683686011,19.25872501347238
1,All Population,1,Deaths,88,Malta,3,Both,228,55+ years,697,Falls,1,Number,2014,44.34014557917362,50.17253186654672,36.38044391148239
1,All Population,1,Deaths,88,Malta,3,Both,228,55+ years,697,Falls,2,Percent,2014,0.014504908527034462,0.016333033685485592,0.012083080960706495
1,All Population,1,Deaths,88,Malta,3,Both,228,55+ years,697,Falls,3,Rate,2014,31.590388549950067,35.74570528571781,25.919453889280938
1,All Population,1,Deaths,77,Cyprus,3,Both,228,55+ years,697,Falls,1,Number,2007,114.05009877773692,149.36406394865003,88.381203062075
1,All Population,1,Deaths,77,Cyprus,3,Both,228,55+ years,697,Falls,2,Percent,2007,0.015444668091575162,0.020295862575887863,0.012001087034674434
1,All Population,1,Deaths,77,Cyprus,3,Both,228,55+ years,697,Falls,3,Rate,2007,49.15180246328786,64.37094789917917,38.08936143791248
1,All Population,1,Deaths,85,Israel,3,Both,228,55+ years,697,Falls,1,Number,2002,298.6504129558493,337.32506889886736,258.06166127290726
1,All Population,1,Deaths,85,Israel,3,Both,228,55+ years,697,Falls,2,Percent,2002,0.009067656738471418,0.010255734856823136,0.0078457869739366
1,All Population,1,Deaths,85,Israel,3,Both,228,55+ years,697,Falls,3,Rate,2002,26.39770878833776,29.816161470082,22.810069191914852
1,All Population,1,Deaths,86,Italy,3,Both,228,55+ years,697,Falls,1,Number,2007,8916.114628267176,10280.752676119331,7374.054605279575
1,All Population,1,Deaths,86,Italy,3,Both,228,55+ years,697,Falls,2,Percent,2007,0.01667847038359408,0.01920697180584108,0.013795817960822646
1,All Population,1,Deaths,86,Italy,3,Both,228,55+ years,697,Falls,3,Rate,2007,47.371544537988996,54.62190130853962,39.17854028615752
1,All Population,1,Deaths,73,Western Europe,3,Both,228,55+ years,697,Falls,1,Number,2014,68857.9641737864,77283.51720048518,56224.20605681558
1,All Population,1,Deaths,73,Western Europe,3,Both,228,55+ years,697,Falls,2,Percent,2014,0.018896474802110853,0.021225512921678583,0.015426923939579605
1,All Population,1,Deaths,73,Western Europe,3,Both,228,55+ years,697,Falls,3,Rate,2014,51.5245161283512,57.82912515975917,42.07102325109067
1,All Population,1,Deaths,89,Netherlands,3,Both,228,55+ years,697,Falls,1,Number,2013,3422.045760866541,3842.3230327197225,2796.990650553368
1,All Population,1,Deaths,89,Netherlands,3,Both,228,55+ years,697,Falls,2,Percent,2013,0.02612073252872841,0.029269855377519784,0.02132688112056962
1,All Population,1,Deaths,89,Netherlands,3,Both,228,55+ years,697,Falls,3,Rate,2013,68.56929917925554,76.99061204464638,56.04474695008435
1,All Population,1,Deaths,78,Denmark,3,Both,228,55+ years,697,Falls,1,Number,2015,854.489139847516,953.1292155356069,716.0109978598156
1,All Population,1,Deaths,78,Denmark,3,Both,228,55+ years,697,Falls,2,Percent,2015,0.017571705221263563,0.01965266324463713,0.014642874632294559
1,All Population,1,Deaths,78,Denmark,3,Both,228,55+ years,697,Falls,3,Rate,2015,48.98084784090999,54.635073638509226,41.043032735147634
1,All Population,1,Deaths,89,Netherlands,3,Both,228,55+ years,697,Falls,1,Number,2006,2307.9041650482695,2595.8291116800497,1964.9760701997504
1,All Population,1,Deaths,89,Netherlands,3,Both,228,55+ years,697,Falls,2,Percent,2006,0.01870110704070767,0.021020214587755923,0.015939615381253686
1,All Population,1,Deaths,89,Netherlands,3,Both,228,55+ years,697,Falls,3,Rate,2006,53.45335576663055,60.12198388363676,45.5108000340673
1,All Population,1,Deaths,84,Ireland,3,Both,228,55+ years,697,Falls,1,Number,2008,275.3944011022478,309.286933090852,233.7042756176835
1,All Population,1,Deaths,84,Ireland,3,Both,228,55+ years,697,Falls,2,Percent,2008,0.011030143034865096,0.012341796430188342,0.009372222274885298
1,All Population,1,Deaths,84,Ireland,3,Both,228,55+ years,697,Falls,3,Rate,2008,29.5341204759187,33.16885712626087,25.063146542573783
1,All Population,1,Deaths,75,Austria,3,Both,228,55+ years,697,Falls,1,Number,2008,1267.7193592952822,1403.2130163565691,1119.185621267126
1,All Population,1,Deaths,75,Austria,3,Both,228,55+ years,697,Falls,2,Percent,2008,0.018354373739838597,0.020365224411799502,0.016166493866909572
1,All Population,1,Deaths,75,Austria,3,Both,228,55+ years,697,Falls,3,Rate,2008,53.912402016881266,59.67455154679476,47.5956959265873
1,All Population,1,Deaths,367,Monaco,3,Both,228,55+ years,697,Falls,1,Number,2015,4.946760312746349,6.485134503869041,3.5100209185558477
1,All Population,1,Deaths,367,Monaco,3,Both,228,55+ years,697,Falls,2,Percent,2015,0.009406619118616698,0.012181374888308404,0.006788695920704178
1,All Population,1,Deaths,367,Monaco,3,Both,228,55+ years,697,Falls,3,Rate,2015,33.957042404406955,44.51721397916368,24.09454302134652
1,All Population,1,Deaths,86,Italy,3,Both,228,55+ years,697,Falls,1,Number,2004,8049.123177050132,9179.752067600955,6739.960589535587
1,All Population,1,Deaths,86,Italy,3,Both,228,55+ years,697,Falls,2,Percent,2004,0.01585139784181992,0.018042230087588335,0.013258561005559902
1,All Population,1,Deaths,86,Italy,3,Both,228,55+ years,697,Falls,3,Rate,2004,44.64023968251118,50.91067977343513,37.379656087933405
1,All Population,1,Deaths,81,Germany,3,Both,228,55+ years,697,Falls,1,Number,2009,10595.01688813825,11882.223134931042,9013.313454086488
1,All Population,1,Deaths,81,Germany,3,Both,228,55+ years,697,Falls,2,Percent,2009,0.013411665165271742,0.01504641187887105,0.011428011866559645
1,All Population,1,Deaths,81,Germany,3,Both,228,55+ years,697,Falls,3,Rate,2009,39.75049445588179,44.579848228219575,33.81624307620588
1,All Population,1,Deaths,79,Finland,3,Both,228,55+ years,697,Falls,1,Number,2015,1235.0805322984286,1354.5350582666895,1051.4200028128344
1,All Population,1,Deaths,79,Finland,3,Both,228,55+ years,697,Falls,2,Percent,2015,0.025134913861635945,0.02747946594585857,0.021428138302412036
1,All Population,1,Deaths,79,Finland,3,Both,228,55+ years,697,Falls,3,Rate,2015,66.35725908107874,72.77520084341236,56.48971682829637
1,All Population,1,Deaths,89,Netherlands,3,Both,228,55+ years,697,Falls,1,Number,2012,3244.0776128048947,3661.4377873037506,2664.5008916297716
1,All Population,1,Deaths,89,Netherlands,3,Both,228,55+ years,697,Falls,2,Percent,2012,0.024945586094732748,0.028041380160586424,0.020519218869649372
1,All Population,1,Deaths,89,Netherlands,3,Both,228,55+ years,697,Falls,3,Rate,2012,66.32216599483348,74.85470870080552,54.47325604372937
1,All Population,1,Deaths,82,Greece,3,Both,228,55+ years,697,Falls,1,Number,2011,402.18436953413965,443.9551178062161,353.4410358097151
1,All Population,1,Deaths,82,Greece,3,Both,228,55+ years,697,Falls,2,Percent,2011,0.0038899145924318444,0.0042831922815337676,0.0034290612929375494
1,All Population,1,Deaths,82,Greece,3,Both,228,55+ years,697,Falls,3,Rate,2011,11.694011973224976,12.908548557503565,10.276738773750392
1,All Population,1,Deaths,80,France,3,Both,228,55+ years,697,Falls,1,Number,2013,14938.218856119984,16891.67005885335,12139.543975115432
1,All Population,1,Deaths,80,France,3,Both,228,55+ years,697,Falls,2,Percent,2013,0.029372339619511273,0.03329527513328643,0.02385705127497778
1,All Population,1,Deaths,80,France,3,Both,228,55+ years,697,Falls,3,Rate,2013,75.61672323837331,85.50502253158128,61.44993227424124
1,All Population,1,Deaths,90,Norway,3,Both,228,55+ years,697,Falls,1,Number,2009,1075.9187550304136,1216.9160275748764,897.252424381661
1,All Population,1,Deaths,90,Norway,3,Both,228,55+ years,697,Falls,2,Percent,2009,0.028193015008144095,0.03179589086202926,0.023530747038870977
1,All Population,1,Deaths,90,Norway,3,Both,228,55+ years,697,Falls,3,Rate,2009,83.70854663201773,94.67840537701358,69.80796278146491
1,All Population,1,Deaths,75,Austria,3,Both,228,55+ years,697,Falls,1,Number,2005,1205.1519393723534,1336.5427698622639,1070.2341323962485
1,All Population,1,Deaths,75,Austria,3,Both,228,55+ years,697,Falls,2,Percent,2005,0.017696182710681737,0.019508462718584054,0.015752102477439443
1,All Population,1,Deaths,75,Austria,3,Both,228,55+ years,697,Falls,3,Rate,2005,53.21469240189803,59.01638628009237,47.257261340125716
1,All Population,1,Deaths,91,Portugal,3,Both,228,55+ years,697,Falls,1,Number,2011,736.7790058649041,828.9134686450103,638.0178977371095
1,All Population,1,Deaths,91,Portugal,3,Both,228,55+ years,697,Falls,2,Percent,2011,0.007784391663960479,0.008737441937627901,0.0067425496971583645
1,All Population,1,Deaths,91,Portugal,3,Both,228,55+ years,697,Falls,3,Rate,2011,21.838793608299472,24.569742102827025,18.911425374729927
1,All Population,1,Deaths,74,Andorra,3,Both,228,55+ years,697,Falls,1,Number,2011,11.696144755119418,15.73134904645769,8.101784464746599
1,All Population,1,Deaths,74,Andorra,3,Both,228,55+ years,697,Falls,2,Percent,2011,0.02801869644589088,0.037607183662391075,0.019451272187206974
1,All Population,1,Deaths,74,Andorra,3,Both,228,55+ years,697,Falls,3,Rate,2011,63.41739326671846,85.29658019652621,43.92849629687905
1,All Population,1,Deaths,84,Ireland,3,Both,228,55+ years,697,Falls,1,Number,2010,267.20417005412133,297.40707790375365,227.3163234760246
1,All Population,1,Deaths,84,Ireland,3,Both,228,55+ years,697,Falls,2,Percent,2010,0.010946015086779238,0.012253314540381142,0.009305989045224585
1,All Population,1,Deaths,84,Ireland,3,Both,228,55+ years,697,Falls,3,Rate,2010,27.192596286161873,30.266258945157254,23.133325397901217
1,All Population,1,Deaths,87,Luxembourg,3,Both,228,55+ years,697,Falls,1,Number,2015,84.47666864070663,94.19138473100966,71.31443340928607
1,All Population,1,Deaths,87,Luxembourg,3,Both,228,55+ years,697,Falls,2,Percent,2015,0.02351590063204536,0.026285761314258877,0.020144562477301762
1,All Population,1,Deaths,87,Luxembourg,3,Both,228,55+ years,697,Falls,3,Rate,2015,58.68171323607428,65.43004023516171,49.53856725477328
1,All Population,1,Deaths,76,Belgium,3,Both,228,55+ years,697,Falls,1,Number,2008,1966.4927699413156,2230.9899848832133,1645.3067260328833
1,All Population,1,Deaths,76,Belgium,3,Both,228,55+ years,697,Falls,2,Percent,2008,0.02088520507449816,0.023707464826144487,0.017477089200039302
1,All Population,1,Deaths,76,Belgium,3,Both,228,55+ years,697,Falls,3,Rate,2008,63.518355517961915,72.06170151393604,53.14394192426618
1,All Population,1,Deaths,85,Israel,3,Both,228,55+ years,697,Falls,1,Number,2008,368.7030509881686,417.73725205419663,308.89980297937166
1,All Population,1,Deaths,85,Israel,3,Both,228,55+ years,697,Falls,2,Percent,2008,0.010636916349716388,0.012064581017638838,0.008910007288305743
1,All Population,1,Deaths,85,Israel,3,Both,228,55+ years,697,Falls,3,Rate,2008,26.179627619099456,29.661283442310562,21.93331948824214
1,All Population,1,Deaths,396,San Marino,3,Both,228,55+ years,697,Falls,1,Number,2008,2.198780615499376,2.838368237571399,1.5971456831639228
1,All Population,1,Deaths,396,San Marino,3,Both,228,55+ years,697,Falls,2,Percent,2008,0.011422646784666517,0.015069741610005523,0.008386407913357277
1,All Population,1,Deaths,396,San Marino,3,Both,228,55+ years,697,Falls,3,Rate,2008,26.68798498033774,34.45106272040204,19.38556293575899
1,All Population,1,Deaths,85,Israel,3,Both,228,55+ years,697,Falls,1,Number,2011,394.5729464594126,450.58090019375544,324.59041835029257
1,All Population,1,Deaths,85,Israel,3,Both,228,55+ years,697,Falls,2,Percent,2011,0.010831871062480167,0.012284910918354012,0.00891750790897119
1,All Population,1,Deaths,85,Israel,3,Both,228,55+ years,697,Falls,3,Rate,2011,25.562529059392674,29.19102147819194,21.028689564081105
1,All Population,1,Deaths,76,Belgium,3,Both,228,55+ years,697,Falls,1,Number,2011,2177.3910665295,2448.7928765119414,1794.1881327931299
1,All Population,1,Deaths,76,Belgium,3,Both,228,55+ years,697,Falls,2,Percent,2011,0.022692456206788038,0.025546352803348393,0.018742670602370573
1,All Population,1,Deaths,76,Belgium,3,Both,228,55+ years,697,Falls,3,Rate,2011,67.30155871156376,75.69038933080176,55.45703746788649
1,All Population,1,Deaths,396,San Marino,3,Both,228,55+ years,697,Falls,1,Number,2007,2.126517650768298,2.8224722484012807,1.5731812547992707
1,All Population,1,Deaths,396,San Marino,3,Both,228,55+ years,697,Falls,2,Percent,2007,0.011171009158131871,0.014609140082374999,0.00826647252396159
1,All Population,1,Deaths,396,San Marino,3,Both,228,55+ years,697,Falls,3,Rate,2007,26.8286682494659,35.6090021488059,19.847640562042443
1,All Population,1,Deaths,90,Norway,3,Both,228,55+ years,697,Falls,1,Number,2003,957.708226008721,1089.6556271813968,816.5244133768141
1,All Population,1,Deaths,90,Norway,3,Both,228,55+ years,697,Falls,2,Percent,2003,0.02450714711474797,0.027855615128969183,0.020960952713840804
1,All Population,1,Deaths,90,Norway,3,Both,228,55+ years,697,Falls,3,Rate,2003,82.51756288295103,93.88634690069327,70.35295593845343
1,All Population,1,Deaths,78,Denmark,3,Both,228,55+ years,697,Falls,1,Number,2016,867.2881739279983,965.6258534162355,721.9693552301347
1,All Population,1,Deaths,78,Denmark,3,Both,228,55+ years,697,Falls,2,Percent,2016,0.017664308255274215,0.019780093795032795,0.014801181905207421
1,All Population,1,Deaths,78,Denmark,3,Both,228,55+ years,697,Falls,3,Rate,2016,48.98505771858171,54.53924034259451,40.77734667685138
1,All Population,1,Deaths,80,France,3,Both,228,55+ years,697,Falls,1,Number,2014,15037.072325671883,17083.422516387596,12220.751172853767
1,All Population,1,Deaths,80,France,3,Both,228,55+ years,697,Falls,2,Percent,2014,0.030022774044060053,0.03411224686697662,0.02435055941597881
1,All Population,1,Deaths,80,France,3,Both,228,55+ years,697,Falls,3,Rate,2014,74.95310257362345,85.15324608722557,60.914997038475
1,All Population,1,Deaths,90,Norway,3,Both,228,55+ years,697,Falls,1,Number,2013,1210.0859680443098,1375.4504607685262,980.898928543227
1,All Population,1,Deaths,90,Norway,3,Both,228,55+ years,697,Falls,2,Percent,2013,0.03170236262043515,0.03588799831189699,0.025671287432398566
1,All Population,1,Deaths,90,Norway,3,Both,228,55+ years,697,Falls,3,Rate,2013,87.46773528118051,99.42065272380215,70.90158061916391
1,All Population,1,Deaths,88,Malta,3,Both,228,55+ years,697,Falls,1,Number,2015,47.428393027998005,53.18036152181701,38.76004875481665
1,All Population,1,Deaths,88,Malta,3,Both,228,55+ years,697,Falls,2,Percent,2015,0.015054791211941896,0.016976578974398915,0.012546749386737334
1,All Population,1,Deaths,88,Malta,3,Both,228,55+ years,697,Falls,3,Rate,2015,32.92939302049467,36.92296773559537,26.91098722631062
1,All Population,1,Deaths,79,Finland,3,Both,228,55+ years,697,Falls,1,Number,2016,1291.8715801739393,1422.7054250158328,1096.4782250301582
1,All Population,1,Deaths,79,Finland,3,Both,228,55+ years,697,Falls,2,Percent,2016,0.025676101897327924,0.028151571000229695,0.021917225381589866
1,All Population,1,Deaths,79,Finland,3,Both,228,55+ years,697,Falls,3,Rate,2016,68.4603052410852,75.39359883713665,58.10580179003633
1,All Population,1,Deaths,86,Italy,3,Both,228,55+ years,697,Falls,1,Number,2005,8547.417141694345,9672.811601069427,7128.932155747993
1,All Population,1,Deaths,86,Italy,3,Both,228,55+ years,697,Falls,2,Percent,2005,0.01618011893872462,0.01827797134742121,0.013496920871010138
1,All Population,1,Deaths,86,Italy,3,Both,228,55+ years,697,Falls,3,Rate,2005,46.625074394216156,52.76395816709825,38.88741904167569
1,All Population,1,Deaths,95,United Kingdom,3,Both,228,55+ years,697,Falls,1,Number,2006,6656.7144818482575,7382.133886728808,5767.82001773174
1,All Population,1,Deaths,95,United Kingdom,3,Both,228,55+ years,697,Falls,2,Percent,2006,0.012731074376937329,0.014120203279659165,0.011033289563977313
1,All Population,1,Deaths,95,United Kingdom,3,Both,228,55+ years,697,Falls,3,Rate,2006,39.39410378238114,43.687099583769744,34.13367074646284
1,All Population,1,Deaths,87,Luxembourg,3,Both,228,55+ years,697,Falls,1,Number,2016,90.39115455590328,101.75243402651024,76.20317122779534
1,All Population,1,Deaths,87,Luxembourg,3,Both,228,55+ years,697,Falls,2,Percent,2016,0.024548168703508788,0.027400399255300613,0.0208371973739861
1,All Population,1,Deaths,87,Luxembourg,3,Both,228,55+ years,697,Falls,3,Rate,2016,60.78104331251814,68.42062290392059,51.24072453442707
1,All Population,1,Deaths,84,Ireland,3,Both,228,55+ years,697,Falls,1,Number,2005,272.2347542069606,300.52823546224636,235.5370340285806
1,All Population,1,Deaths,84,Ireland,3,Both,228,55+ years,697,Falls,2,Percent,2005,0.010942634767367666,0.01208725249836749,0.009496877284240349
1,All Population,1,Deaths,84,Ireland,3,Both,228,55+ years,697,Falls,3,Rate,2005,31.573523116892172,34.85497366891094,27.317357074593037
1,All Population,1,Deaths,84,Ireland,3,Both,228,55+ years,697,Falls,1,Number,2002,304.4406255072252,337.9938213858682,268.7192476547536
1,All Population,1,Deaths,84,Ireland,3,Both,228,55+ years,697,Falls,2,Percent,2002,0.011658988795367382,0.012990847427530271,0.010265051084825439
1,All Population,1,Deaths,84,Ireland,3,Both,228,55+ years,697,Falls,3,Rate,2002,38.20400759987538,42.4145709838261,33.72136081553068
1,All Population,1,Deaths,91,Portugal,3,Both,228,55+ years,697,Falls,1,Number,2007,689.7124215115097,767.8520362171563,598.6431124204504
1,All Population,1,Deaths,91,Portugal,3,Both,228,55+ years,697,Falls,2,Percent,2007,0.0073889081717688695,0.008245032218125689,0.006416724284725235
1,All Population,1,Deaths,91,Portugal,3,Both,228,55+ years,697,Falls,3,Rate,2007,21.769156263201936,24.235450083379632,18.89476694012664
1,All Population,1,Deaths,74,Andorra,3,Both,228,55+ years,697,Falls,1,Number,2009,13.69020804900635,18.45963985472862,9.406690338583186
1,All Population,1,Deaths,74,Andorra,3,Both,228,55+ years,697,Falls,2,Percent,2009,0.028217754593936713,0.03852122912223355,0.019369425968522532
1,All Population,1,Deaths,74,Andorra,3,Both,228,55+ years,697,Falls,3,Rate,2009,69.06206137535807,93.12208960234207,47.45329093441875
1,All Population,1,Deaths,94,Switzerland,3,Both,228,55+ years,697,Falls,1,Number,2007,1424.4395243579138,1580.3269741517904,1220.85801651914
1,All Population,1,Deaths,94,Switzerland,3,Both,228,55+ years,697,Falls,2,Percent,2007,0.02538627443011757,0.02827281203620427,0.02172043905198981
1,All Population,1,Deaths,94,Switzerland,3,Both,228,55+ years,697,Falls,3,Rate,2007,65.76101446903411,72.95775161802392,56.362422072738404
1,All Population,1,Deaths,85,Israel,3,Both,228,55+ years,697,Falls,1,Number,2006,333.78355109214465,378.26938400128336,281.8860570676184
1,All Population,1,Deaths,85,Israel,3,Both,228,55+ years,697,Falls,2,Percent,2006,0.009808307111539396,0.011080573104131578,0.008280005468374568
1,All Population,1,Deaths,85,Israel,3,Both,228,55+ years,697,Falls,3,Rate,2006,25.49473243160268,28.892606303171522,21.53074822777729
1,All Population,1,Deaths,90,Norway,3,Both,228,55+ years,697,Falls,1,Number,2006,951.4185541517169,1072.1438711057049,810.3132197477063
1,All Population,1,Deaths,90,Norway,3,Both,228,55+ years,697,Falls,2,Percent,2006,0.024925528993001846,0.028092620254980404,0.021384823263241884
1,All Population,1,Deaths,90,Norway,3,Both,228,55+ years,697,Falls,3,Rate,2006,77.75555649153856,87.62194406766079,66.22359324294406
1,All Population,1,Deaths,85,Israel,3,Both,228,55+ years,697,Falls,1,Number,2010,382.15663657930327,436.4117457982144,317.12839818619864
1,All Population,1,Deaths,85,Israel,3,Both,228,55+ years,697,Falls,2,Percent,2010,0.010900376374105743,0.012432759755108524,0.008970496034007378
1,All Population,1,Deaths,85,Israel,3,Both,228,55+ years,697,Falls,3,Rate,2010,25.55838659579858,29.18693291289609,21.209340426218766
1,All Population,1,Deaths,88,Malta,3,Both,228,55+ years,697,Falls,1,Number,2016,51.198717730191305,57.91728259750227,41.89954410697372
1,All Population,1,Deaths,88,Malta,3,Both,228,55+ years,697,Falls,2,Percent,2016,0.016070356455605273,0.018118583672191324,0.013290653466454814
1,All Population,1,Deaths,88,Malta,3,Both,228,55+ years,697,Falls,3,Rate,2016,34.727470118474486,39.28459129283915,28.419953281263496
1,All Population,1,Deaths,367,Monaco,3,Both,228,55+ years,697,Falls,1,Number,2016,4.617608288958967,6.14973039238647,3.2489136258110722
1,All Population,1,Deaths,367,Monaco,3,Both,228,55+ years,697,Falls,2,Percent,2016,0.009457583467926153,0.012556341370901105,0.006728785989632293
1,All Population,1,Deaths,367,Monaco,3,Both,228,55+ years,697,Falls,3,Rate,2016,31.550936315076928,42.01953475114329,22.198995775854506
1,All Population,1,Deaths,75,Austria,3,Both,228,55+ years,697,Falls,1,Number,2010,1385.9631033626604,1537.6533477064056,1218.3127979634503
1,All Population,1,Deaths,75,Austria,3,Both,228,55+ years,697,Falls,2,Percent,2010,0.019583663732005985,0.021735794435088763,0.017159784690107087
1,All Population,1,Deaths,75,Austria,3,Both,228,55+ years,697,Falls,3,Rate,2010,57.415539618936606,63.69952886280143,50.4703816068503
1,All Population,1,Deaths,93,Sweden,3,Both,228,55+ years,697,Falls,1,Number,1999,1343.95046546859,1514.6758755609321,1157.7396152014908
1,All Population,1,Deaths,93,Sweden,3,Both,228,55+ years,697,Falls,2,Percent,1999,0.015224261562288727,0.017096219141610646,0.013186038552110868
1,All Population,1,Deaths,93,Sweden,3,Both,228,55+ years,697,Falls,3,Rate,1999,53.31593123095195,60.088788161125855,45.92875057036399
1,All Population,1,Deaths,84,Ireland,3,Both,228,55+ years,697,Falls,1,Number,2006,273.84813898673025,303.897523942628,234.73488730194046
1,All Population,1,Deaths,84,Ireland,3,Both,228,55+ years,697,Falls,2,Percent,2006,0.01089998530571241,0.012151299511798762,0.009348782232805913
1,All Population,1,Deaths,84,Ireland,3,Both,228,55+ years,697,Falls,3,Rate,2006,30.932303192665415,34.326508059816206,26.5142963205297
1,All Population,1,Deaths,83,Iceland,3,Both,228,55+ years,697,Falls,1,Number,2009,28.766398218831945,32.40699607694838,24.513019335270467
1,All Population,1,Deaths,83,Iceland,3,Both,228,55+ years,697,Falls,2,Percent,2009,0.01567577980597988,0.017635538475256354,0.013532901480065876
1,All Population,1,Deaths,83,Iceland,3,Both,228,55+ years,697,Falls,3,Rate,2009,41.264922256129935,46.48729964373974,35.16352062701918
1,All Population,1,Deaths,81,Germany,3,Both,228,55+ years,697,Falls,1,Number,2013,13916.353053517396,15554.187124387041,11564.429017437753
1,All Population,1,Deaths,81,Germany,3,Both,228,55+ years,697,Falls,2,Percent,2013,0.016664908356716964,0.018618120264082546,0.013841627187725317
1,All Population,1,Deaths,81,Germany,3,Both,228,55+ years,697,Falls,3,Rate,2013,49.73266355998904,55.58576677606905,41.327627674855584
1,All Population,1,Deaths,90,Norway,3,Both,228,55+ years,697,Falls,1,Number,2012,1200.809984091037,1376.0733867064928,974.7818963495994
1,All Population,1,Deaths,90,Norway,3,Both,228,55+ years,697,Falls,2,Percent,2012,0.030754264010122837,0.03519107884358148,0.02493877525346978
1,All Population,1,Deaths,90,Norway,3,Both,228,55+ years,697,Falls,3,Rate,2012,88.22422270219532,101.10092898274392,71.61780485587259
1,All Population,1,Deaths,73,Western Europe,3,Both,228,55+ years,697,Falls,1,Number,2016,79089.09228560445,89165.98828613666,64339.892714711
1,All Population,1,Deaths,73,Western Europe,3,Both,228,55+ years,697,Falls,2,Percent,2016,0.020699939488830553,0.023321385928977173,0.016827343436532024
1,All Population,1,Deaths,73,Western Europe,3,Both,228,55+ years,697,Falls,3,Rate,2016,57.31358910172529,64.61602563380372,46.62526863481565
1,All Population,1,Deaths,81,Germany,3,Both,228,55+ years,697,Falls,1,Number,2014,14422.921687833328,16141.30002108552,11895.98470732916
1,All Population,1,Deaths,81,Germany,3,Both,228,55+ years,697,Falls,2,Percent,2014,0.017659221184187963,0.019760850377932394,0.014566771879771956
1,All Population,1,Deaths,81,Germany,3,Both,228,55+ years,697,Falls,3,Rate,2014,51.02625904363719,57.10563878827419,42.08631305038386
1,All Population,1,Deaths,92,Spain,3,Both,228,55+ years,697,Falls,1,Number,2011,3569.712746237212,4040.713069224971,2973.712448688545
1,All Population,1,Deaths,92,Spain,3,Both,228,55+ years,697,Falls,2,Percent,2011,0.009997154145984484,0.011312079362955921,0.008345732933641846
1,All Population,1,Deaths,92,Spain,3,Both,228,55+ years,697,Falls,3,Rate,2011,27.01679450197985,30.58148439192675,22.506062488888837
1,All Population,1,Deaths,75,Austria,3,Both,228,55+ years,697,Falls,1,Number,2011,1405.7639178848985,1559.5277506533469,1233.363163040992
1,All Population,1,Deaths,75,Austria,3,Both,228,55+ years,697,Falls,2,Percent,2011,0.019911128622464504,0.021993663154861072,0.017457728128550152
1,All Population,1,Deaths,75,Austria,3,Both,228,55+ years,697,Falls,3,Rate,2011,57.38473938024958,63.66153832014673,50.34716197496156
1,All Population,1,Deaths,91,Portugal,3,Both,228,55+ years,697,Falls,1,Number,2010,750.4983134950654,846.995621955349,652.0151125727447
1,All Population,1,Deaths,91,Portugal,3,Both,228,55+ years,697,Falls,2,Percent,2010,0.007802308240434012,0.008778911735916084,0.006754598061050443
1,All Population,1,Deaths,91,Portugal,3,Both,228,55+ years,697,Falls,3,Rate,2010,22.58754109889415,25.49179402203366,19.623519317120753
1,All Population,1,Deaths,76,Belgium,3,Both,228,55+ years,697,Falls,1,Number,2009,2040.854918877413,2305.223340659484,1701.0940732416068
1,All Population,1,Deaths,76,Belgium,3,Both,228,55+ years,697,Falls,2,Percent,2009,0.02153937884248337,0.024299555000285276,0.01804779670864432
1,All Population,1,Deaths,76,Belgium,3,Both,228,55+ years,697,Falls,3,Rate,2009,65.0119031455229,73.4334200660322,54.18874321151549
1,All Population,1,Deaths,85,Israel,3,Both,228,55+ years,697,Falls,1,Number,2009,374.9464976017604,426.4493253745548,313.64174509663854
1,All Population,1,Deaths,85,Israel,3,Both,228,55+ years,697,Falls,2,Percent,2009,0.010942815901487072,0.012463139225198979,0.009140000931603236
1,All Population,1,Deaths,85,Israel,3,Both,228,55+ years,697,Falls,3,Rate,2009,25.919557295022674,29.479879911318932,21.681640538426095
1,All Population,1,Deaths,84,Ireland,3,Both,228,55+ years,697,Falls,1,Number,2004,272.8271824307514,303.97920841336713,236.4587987318359
1,All Population,1,Deaths,84,Ireland,3,Both,228,55+ years,697,Falls,2,Percent,2004,0.01078842631217294,0.012008408510929552,0.009438763820512465
1,All Population,1,Deaths,84,Ireland,3,Both,228,55+ years,697,Falls,3,Rate,2004,32.470898665143444,36.17849946167395,28.142465951140395
1,All Population,1,Deaths,77,Cyprus,3,Both,228,55+ years,697,Falls,1,Number,2008,110.38168097575742,142.31085356483513,83.99519516854711
1,All Population,1,Deaths,77,Cyprus,3,Both,228,55+ years,697,Falls,2,Percent,2008,0.015650497571709353,0.020188124416507403,0.012186164564492062
1,All Population,1,Deaths,77,Cyprus,3,Both,228,55+ years,697,Falls,3,Rate,2008,47.83599030676817,61.67310147388012,36.40090734603116
1,All Population,1,Deaths,86,Italy,3,Both,228,55+ years,697,Falls,1,Number,2002,9007.299537521581,10364.993647212083,7461.531504792864
1,All Population,1,Deaths,86,Italy,3,Both,228,55+ years,697,Falls,2,Percent,2002,0.017325034676430963,0.019899127725445383,0.014345079002322644
1,All Population,1,Deaths,86,Italy,3,Both,228,55+ years,697,Falls,3,Rate,2002,51.360802217145824,59.102551933441475,42.54663034778092
1,All Population,1,Deaths,80,France,3,Both,228,55+ years,697,Falls,1,Number,2016,17237.25596743297,19420.914784296703,13912.623196195318
1,All Population,1,Deaths,80,France,3,Both,228,55+ years,697,Falls,2,Percent,2016,0.03211391466863776,0.03614008664259037,0.02588832194587488
1,All Population,1,Deaths,80,France,3,Both,228,55+ years,697,Falls,3,Rate,2016,82.9103736063217,93.41366767336866,66.91904959930308
1,All Population,1,Deaths,80,France,3,Both,228,55+ years,697,Falls,1,Number,2015,16899.968989485926,19090.38356861627,13781.194472386527
1,All Population,1,Deaths,80,France,3,Both,228,55+ years,697,Falls,2,Percent,2015,0.031674539652972226,0.03576481380079411,0.02572418439009472
1,All Population,1,Deaths,80,France,3,Both,228,55+ years,697,Falls,3,Rate,2015,82.6469592655564,93.35887859562696,67.39502415055539
1,All Population,1,Deaths,73,Western Europe,3,Both,228,55+ years,697,Falls,1,Number,2015,76436.9739357206,86085.94850494359,62360.44951821655
1,All Population,1,Deaths,73,Western Europe,3,Both,228,55+ years,697,Falls,2,Percent,2015,0.01980159923795632,0.022291724431506798,0.016147353897476114
1,All Population,1,Deaths,73,Western Europe,3,Both,228,55+ years,697,Falls,3,Rate,2015,56.171157370895656,63.261889003618066,45.826756911560246
1,All Population,1,Deaths,86,Italy,3,Both,228,55+ years,697,Falls,1,Number,2011,9773.648066246878,11350.623485686468,7824.007116159925
1,All Population,1,Deaths,86,Italy,3,Both,228,55+ years,697,Falls,2,Percent,2011,0.017485776994148765,0.020307906380513607,0.01399446415168195
1,All Population,1,Deaths,86,Italy,3,Both,228,55+ years,697,Falls,3,Rate,2011,49.41694901106513,57.39036010239309,39.559288210584846
1,All Population,1,Deaths,91,Portugal,3,Both,228,55+ years,697,Falls,1,Number,2008,718.017044632315,799.6079480928537,626.1446850318325
1,All Population,1,Deaths,91,Portugal,3,Both,228,55+ years,697,Falls,2,Percent,2008,0.007593693440429102,0.008431435724959122,0.006611485996874834
1,All Population,1,Deaths,91,Portugal,3,Both,228,55+ years,697,Falls,3,Rate,2008,22.28689918019242,24.819441064872887,19.43522590701704
1,All Population,1,Deaths,92,Spain,3,Both,228,55+ years,697,Falls,1,Number,2007,2761.7779958068536,3078.9457695681735,2364.487396111735
1,All Population,1,Deaths,92,Spain,3,Both,228,55+ years,697,Falls,2,Percent,2007,0.007899590433442393,0.008813854500774966,0.006782875150920807
1,All Population,1,Deaths,92,Spain,3,Both,228,55+ years,697,Falls,3,Rate,2007,22.353155929517964,24.920234352718143,19.13758294074041
1,All Population,1,Deaths,82,Greece,3,Both,228,55+ years,697,Falls,1,Number,2013,502.0079664332203,554.2014868158562,435.1342421251763
1,All Population,1,Deaths,82,Greece,3,Both,228,55+ years,697,Falls,2,Percent,2013,0.004796254114016719,0.005273704715962699,0.004157060576955125
1,All Population,1,Deaths,82,Greece,3,Both,228,55+ years,697,Falls,3,Rate,2013,14.293579990375035,15.779676443921469,12.389496805315705
1,All Population,1,Deaths,86,Italy,3,Both,228,55+ years,697,Falls,1,Number,2008,9243.300263660236,10623.103197809074,7577.915343772972
1,All Population,1,Deaths,86,Italy,3,Both,228,55+ years,697,Falls,2,Percent,2008,0.016964160017293062,0.01951190105646585,0.013907619215256866
1,All Population,1,Deaths,86,Italy,3,Both,228,55+ years,697,Falls,3,Rate,2008,48.512243535312685,55.75395743216937,39.7716902146294
1,All Population,1,Deaths,396,San Marino,3,Both,228,55+ years,697,Falls,1,Number,2009,2.3583451677910134,3.1223371902408155,1.7149396782585136
1,All Population,1,Deaths,396,San Marino,3,Both,228,55+ years,697,Falls,2,Percent,2009,0.01180520121663434,0.015444223436494828,0.008621509098478362
1,All Population,1,Deaths,396,San Marino,3,Both,228,55+ years,697,Falls,3,Rate,2009,27.38048179409021,36.25045975457282,19.910518307420713
1,All Population,1,Deaths,77,Cyprus,3,Both,228,55+ years,697,Falls,1,Number,2011,124.32829372360624,159.96868079388202,96.57827801139233
1,All Population,1,Deaths,77,Cyprus,3,Both,228,55+ years,697,Falls,2,Percent,2011,0.016912219248127455,0.021380025399528733,0.013063301695870496
1,All Population,1,Deaths,77,Cyprus,3,Both,228,55+ years,697,Falls,3,Rate,2011,51.45435325282178,66.20443958842374,39.9697662094101
1,All Population,1,Deaths,86,Italy,3,Both,228,55+ years,697,Falls,1,Number,2010,9699.689526429245,11243.714764497056,7757.252979365934
1,All Population,1,Deaths,86,Italy,3,Both,228,55+ years,697,Falls,2,Percent,2010,0.017624726437124132,0.020446128501864076,0.014092437405519744
1,All Population,1,Deaths,86,Italy,3,Both,228,55+ years,697,Falls,3,Rate,2010,49.64354412241217,57.54595015543855,39.70204711197928
1,All Population,1,Deaths,94,Switzerland,3,Both,228,55+ years,697,Falls,1,Number,1990,1626.4826748694059,1801.6694354481701,1414.0391123471134
1,All Population,1,Deaths,94,Switzerland,3,Both,228,55+ years,697,Falls,2,Percent,1990,0.029012950520185626,0.032148593802270135,0.024984890000218793
1,All Population,1,Deaths,94,Switzerland,3,Both,228,55+ years,697,Falls,3,Rate,1990,96.44258573919245,106.83031653924255,83.84570609831907
1,All Population,1,Deaths,396,San Marino,3,Both,228,55+ years,697,Falls,1,Number,2010,2.410230690914033,3.1575304646480196,1.7515305926307678
1,All Population,1,Deaths,396,San Marino,3,Both,228,55+ years,697,Falls,2,Percent,2010,0.011991672957963787,0.015795143812215084,0.008664256354625059
1,All Population,1,Deaths,396,San Marino,3,Both,228,55+ years,697,Falls,3,Rate,2010,26.71398878385167,34.99674688205424,19.413232427293945
1,All Population,1,Deaths,95,United Kingdom,3,Both,228,55+ years,697,Falls,1,Number,2007,6896.252862065305,7693.0845545731145,6031.423978189736
1,All Population,1,Deaths,95,United Kingdom,3,Both,228,55+ years,697,Falls,2,Percent,2007,0.013018846162801113,0.01450740598885795,0.011391838777132537
1,All Population,1,Deaths,95,United Kingdom,3,Both,228,55+ years,697,Falls,3,Rate,2007,40.34815986167874,45.01021230598665,35.28827375286826
1,All Population,1,Deaths,81,Germany,3,Both,228,55+ years,697,Falls,1,Number,2016,17771.490382481617,19846.919800682175,14377.989583891775
1,All Population,1,Deaths,81,Germany,3,Both,228,55+ years,697,Falls,2,Percent,2016,0.02063172968456494,0.022990051145808,0.016684662893861776
1,All Population,1,Deaths,81,Germany,3,Both,228,55+ years,697,Falls,3,Rate,2016,61.072516080308475,68.20482146317855,49.410599852127824
1,All Population,1,Deaths,82,Greece,3,Both,228,55+ years,697,Falls,1,Number,2014,639.0169794576959,705.2295251780723,546.0591346181704
1,All Population,1,Deaths,82,Greece,3,Both,228,55+ years,697,Falls,2,Percent,2014,0.005990316414257204,0.006606612073061399,0.005107670462774261
1,All Population,1,Deaths,82,Greece,3,Both,228,55+ years,697,Falls,3,Rate,2014,17.963828361206335,19.825172965365027,15.350628989036235
1,All Population,1,Deaths,91,Portugal,3,Both,228,55+ years,697,Falls,1,Number,2005,671.3663447688782,750.9225925985152,589.1343851142072
1,All Population,1,Deaths,91,Portugal,3,Both,228,55+ years,697,Falls,2,Percent,2005,0.007400933387443013,0.008263046255613493,0.006508508205959663
1,All Population,1,Deaths,91,Portugal,3,Both,228,55+ years,697,Falls,3,Rate,2005,21.958645573978746,24.560723355950433,19.26905222307546
1,All Population,1,Deaths,83,Iceland,3,Both,228,55+ years,697,Falls,1,Number,2010,29.55686744683277,33.55984162183262,24.618131806538315
1,All Population,1,Deaths,83,Iceland,3,Both,228,55+ years,697,Falls,2,Percent,2010,0.016151505929092588,0.018234261059767685,0.013615110595182273
1,All Population,1,Deaths,83,Iceland,3,Both,228,55+ years,697,Falls,3,Rate,2010,41.30915521896169,46.90377656474586,34.40669853889143
1,All Population,1,Deaths,78,Denmark,3,Both,228,55+ years,697,Falls,1,Number,2017,898.5002376972186,1000.5221129537587,751.3123662763464
1,All Population,1,Deaths,78,Denmark,3,Both,228,55+ years,697,Falls,2,Percent,2017,0.017908344368451522,0.01986451608070837,0.015014568526807721
1,All Population,1,Deaths,78,Denmark,3,Both,228,55+ years,697,Falls,3,Rate,2017,49.97061280114371,55.64461867426086,41.784673807240566
1,All Population,1,Deaths,81,Germany,3,Both,228,55+ years,697,Falls,1,Number,2015,16507.78450607279,18527.51244706518,13466.39524571693
1,All Population,1,Deaths,81,Germany,3,Both,228,55+ years,697,Falls,2,Percent,2015,0.01893278186049979,0.02119595897838679,0.015456329582352817
1,All Population,1,Deaths,81,Germany,3,Both,228,55+ years,697,Falls,3,Rate,2015,57.358479859575944,64.37629163090217,46.79077075414893
1,All Population,1,Deaths,73,Western Europe,3,Both,228,55+ years,697,Falls,1,Number,2017,84128.52087288401,94470.93267203029,68247.10328523291
1,All Population,1,Deaths,73,Western Europe,3,Both,228,55+ years,697,Falls,2,Percent,2017,0.02143499395894065,0.024083533018938404,0.017386338196648095
1,All Population,1,Deaths,73,Western Europe,3,Both,228,55+ years,697,Falls,3,Rate,2017,59.89169649416624,67.25453352095865,48.58560157905533
1,All Population,1,Deaths,86,Italy,3,Both,228,55+ years,697,Falls,1,Number,2006,8576.517177398086,9791.421946065771,7185.591731995454
1,All Population,1,Deaths,86,Italy,3,Both,228,55+ years,697,Falls,2,Percent,2006,0.0164428335419599,0.018751097351044417,0.013752431084820963
1,All Population,1,Deaths,86,Italy,3,Both,228,55+ years,697,Falls,3,Rate,2006,46.16888520848122,52.708929103183884,38.68129136425927
1,All Population,1,Deaths,79,Finland,3,Both,228,55+ years,697,Falls,1,Number,2017,1319.7394515598057,1446.6566309491052,1123.7466081116895
1,All Population,1,Deaths,79,Finland,3,Both,228,55+ years,697,Falls,2,Percent,2017,0.026201408520846292,0.028638557619560093,0.022476717199673212
1,All Population,1,Deaths,79,Finland,3,Both,228,55+ years,697,Falls,3,Rate,2017,69.0979255027908,75.74295971473406,58.83627963045448
1,All Population,1,Deaths,82,Greece,3,Both,228,55+ years,697,Falls,1,Number,2016,979.824565185587,1079.538817951446,830.9467598538727
1,All Population,1,Deaths,82,Greece,3,Both,228,55+ years,697,Falls,2,Percent,2016,0.008723488732334053,0.009578499821869636,0.007390627004949178
1,All Population,1,Deaths,82,Greece,3,Both,228,55+ years,697,Falls,3,Rate,2016,26.819447592476156,29.548794529976515,22.744411469024314
1,All Population,1,Deaths,92,Spain,3,Both,228,55+ years,697,Falls,1,Number,2008,2902.7552156268434,3246.3869132728714,2482.8170251515544
1,All Population,1,Deaths,92,Spain,3,Both,228,55+ years,697,Falls,2,Percent,2008,0.008233469621534305,0.009185896509378191,0.007050529602726318
1,All Population,1,Deaths,92,Spain,3,Both,228,55+ years,697,Falls,3,Rate,2008,23.064504449138468,25.79490857572627,19.72778965815708
1,All Population,1,Deaths,87,Luxembourg,3,Both,228,55+ years,697,Falls,1,Number,2017,90.12628313773216,102.15720657992708,76.16950609877318
1,All Population,1,Deaths,87,Luxembourg,3,Both,228,55+ years,697,Falls,2,Percent,2017,0.024545617767236027,0.027560850273914216,0.02073873624126962
1,All Population,1,Deaths,87,Luxembourg,3,Both,228,55+ years,697,Falls,3,Rate,2017,58.75100245809326,66.59365155131434,49.652939012274175
1,All Population,1,Deaths,93,Sweden,3,Both,228,55+ years,697,Falls,1,Number,2011,1865.2178522352035,2094.779307577941,1571.5902351816285
1,All Population,1,Deaths,93,Sweden,3,Both,228,55+ years,697,Falls,2,Percent,2011,0.02187262321819924,0.02455400738524021,0.01840619410987989
1,All Population,1,Deaths,93,Sweden,3,Both,228,55+ years,697,Falls,3,Rate,2011,63.13771134530881,70.9083773219773,53.198402804848996
1,All Population,1,Deaths,91,Portugal,3,Both,228,55+ years,697,Falls,1,Number,2006,682.8084041070558,762.5940029892446,592.2640048056056
1,All Population,1,Deaths,91,Portugal,3,Both,228,55+ years,697,Falls,2,Percent,2006,0.0074660937207293426,0.00830148020168424,0.006495718308030888
1,All Population,1,Deaths,91,Portugal,3,Both,228,55+ years,697,Falls,3,Rate,2006,21.932244799403556,24.495009515868308,19.02390049849919
1,All Population,1,Deaths,94,Switzerland,3,Both,228,55+ years,697,Falls,1,Number,2011,1742.107226382308,1957.0619820737381,1464.2165060949162
1,All Population,1,Deaths,94,Switzerland,3,Both,228,55+ years,697,Falls,2,Percent,2011,0.03021170885146264,0.03391053939921467,0.025409991378940854
1,All Population,1,Deaths,94,Switzerland,3,Both,228,55+ years,697,Falls,3,Rate,2011,74.9176217357572,84.16154130242714,62.967202409616775
1,All Population,1,Deaths,84,Ireland,3,Both,228,55+ years,697,Falls,1,Number,2009,271.6004088868219,303.12023221792293,230.9442415335392
1,All Population,1,Deaths,84,Ireland,3,Both,228,55+ years,697,Falls,2,Percent,2009,0.010941813624692124,0.012223287814745775,0.009282720609546678
1,All Population,1,Deaths,84,Ireland,3,Both,228,55+ years,697,Falls,3,Rate,2009,28.395278115718007,31.69061243908372,24.144757345711707
1,All Population,1,Deaths,80,France,3,Both,228,55+ years,697,Falls,1,Number,2017,18087.08215349498,20408.828134059408,14665.272793036665
1,All Population,1,Deaths,80,France,3,Both,228,55+ years,697,Falls,2,Percent,2017,0.032986285693930514,0.03717353203645232,0.026773639114520957
1,All Population,1,Deaths,80,France,3,Both,228,55+ years,697,Falls,3,Rate,2017,85.43540449024043,96.402309228647,69.27228518120603
1,All Population,1,Deaths,75,Austria,3,Both,228,55+ years,697,Falls,1,Number,2009,1328.931680300115,1472.0298505148094,1175.133358079274
1,All Population,1,Deaths,75,Austria,3,Both,228,55+ years,697,Falls,2,Percent,2009,0.018869127214594876,0.020814878516572693,0.016649496380244152
1,All Population,1,Deaths,75,Austria,3,Both,228,55+ years,697,Falls,3,Rate,2009,55.80265188404382,61.81143133908016,49.34456651933839
1,All Population,1,Deaths,86,Italy,3,Both,228,55+ years,697,Falls,1,Number,2009,9496.965115193378,10978.356977015603,7714.29016034249
1,All Population,1,Deaths,86,Italy,3,Both,228,55+ years,697,Falls,2,Percent,2009,0.01725226153288769,0.019948372316328122,0.01401126269181399
1,All Population,1,Deaths,86,Italy,3,Both,228,55+ years,697,Falls,3,Rate,2009,49.26919003847915,56.95448489597102,40.02087227990672
1,All Population,1,Deaths,77,Cyprus,3,Both,228,55+ years,697,Falls,1,Number,2009,112.72821425115414,143.07523497659608,86.5967802080758
1,All Population,1,Deaths,77,Cyprus,3,Both,228,55+ years,697,Falls,2,Percent,2009,0.016045660947659655,0.020464381369919047,0.012496359196088378
1,All Population,1,Deaths,77,Cyprus,3,Both,228,55+ years,697,Falls,3,Rate,2009,48.651932224077406,61.74928505047289,37.37396808326976
1,All Population,1,Deaths,92,Spain,3,Both,228,55+ years,697,Falls,1,Number,2010,3347.3787399771722,3790.174143826556,2786.9576234032047
1,All Population,1,Deaths,92,Spain,3,Both,228,55+ years,697,Falls,2,Percent,2010,0.009540909946782056,0.01079810121016955,0.007949178651138443
1,All Population,1,Deaths,92,Spain,3,Both,228,55+ years,697,Falls,3,Rate,2010,25.743034718965284,29.14835522200782,21.433113021457192
1,All Population,1,Deaths,83,Iceland,3,Both,228,55+ years,697,Falls,1,Number,2011,30.118182704562816,33.89148649514107,24.858225839430904
1,All Population,1,Deaths,83,Iceland,3,Both,228,55+ years,697,Falls,2,Percent,2011,0.016317419743595043,0.018378162937417925,0.013502025515265956
1,All Population,1,Deaths,83,Iceland,3,Both,228,55+ years,697,Falls,3,Rate,2011,40.92725425846775,46.0547536546395,33.77955899014688
1,All Population,1,Deaths,82,Greece,3,Both,228,55+ years,697,Falls,1,Number,2015,848.6205440621037,932.9525258559729,726.6052830137236
1,All Population,1,Deaths,82,Greece,3,Both,228,55+ years,697,Falls,2,Percent,2015,0.00752464523208129,0.008247327938278698,0.006425060824566918
1,All Population,1,Deaths,82,Greece,3,Both,228,55+ years,697,Falls,3,Rate,2015,23.508638481459972,25.84481816304927,20.128549840809043
1,All Population,1,Deaths,89,Netherlands,3,Both,228,55+ years,697,Falls,1,Number,2014,3584.9639347857214,4039.6249203896514,2908.8249558933803
1,All Population,1,Deaths,89,Netherlands,3,Both,228,55+ years,697,Falls,2,Percent,2014,0.027535074589495428,0.03108298198240407,0.02227449996012827
1,All Population,1,Deaths,89,Netherlands,3,Both,228,55+ years,697,Falls,3,Rate,2014,70.39038449368697,79.31760445269394,57.114467758908
1,All Population,1,Deaths,396,San Marino,3,Both,228,55+ years,697,Falls,1,Number,2011,2.3584241782442805,3.049150721376071,1.7355391368151396
1,All Population,1,Deaths,396,San Marino,3,Both,228,55+ years,697,Falls,2,Percent,2011,0.01203426070272787,0.01562632628801384,0.008742593278511644
1,All Population,1,Deaths,396,San Marino,3,Both,228,55+ years,697,Falls,3,Rate,2011,24.95712514142107,32.26647556890626,18.365681553338852
1,All Population,1,Deaths,94,Switzerland,3,Both,228,55+ years,697,Falls,1,Number,2008,1488.357769545974,1654.1093779839825,1279.5015285630607
1,All Population,1,Deaths,94,Switzerland,3,Both,228,55+ years,697,Falls,2,Percent,2008,0.026221714161424946,0.02919495039865302,0.022530217778565256
1,All Population,1,Deaths,94,Switzerland,3,Both,228,55+ years,697,Falls,3,Rate,2008,67.5427285986912,75.06465385926884,58.064684616594676
1,All Population,1,Deaths,88,Malta,3,Both,228,55+ years,697,Falls,1,Number,2017,54.23377421720933,61.503287043254254,44.53119361680673
1,All Population,1,Deaths,88,Malta,3,Both,228,55+ years,697,Falls,2,Percent,2017,0.01639117960253487,0.01840800824748832,0.01358401187281882
1,All Population,1,Deaths,88,Malta,3,Both,228,55+ years,697,Falls,3,Rate,2017,35.961979373166535,40.782334844946384,29.52827623422025
1,All Population,1,Deaths,73,Western Europe,3,Both,228,55+ years,697,Falls,1,Number,2012,64935.43023440806,72399.59867006783,53721.573975954365
1,All Population,1,Deaths,73,Western Europe,3,Both,228,55+ years,697,Falls,2,Percent,2012,0.01770818265514228,0.019731033791453242,0.014655841180749068
1,All Population,1,Deaths,73,Western Europe,3,Both,228,55+ years,697,Falls,3,Rate,2012,50.00380400523656,55.751618629263355,41.36852633838448
1,All Population,1,Deaths,93,Sweden,3,Both,228,55+ years,697,Falls,1,Number,2007,1752.1037648065576,1962.4230417941721,1514.657611692075
1,All Population,1,Deaths,93,Sweden,3,Both,228,55+ years,697,Falls,2,Percent,2007,0.020276105625070907,0.022672902197129585,0.017488154760184463
1,All Population,1,Deaths,93,Sweden,3,Both,228,55+ years,697,Falls,3,Rate,2007,61.868774052265906,69.29538661263523,53.48428068395134
1,All Population,1,Deaths,95,United Kingdom,3,Both,228,55+ years,697,Falls,1,Number,1990,4082.7107559544547,4532.371624023995,3571.7343568085207
1,All Population,1,Deaths,95,United Kingdom,3,Both,228,55+ years,697,Falls,2,Percent,1990,0.006978184522526943,0.007741378114052268,0.00610521685546626
1,All Population,1,Deaths,95,United Kingdom,3,Both,228,55+ years,697,Falls,3,Rate,1990,27.481049632523764,30.507752568851128,24.041626997575186
1,All Population,1,Deaths,94,Switzerland,3,Both,228,55+ years,697,Falls,1,Number,2010,1686.778038405998,1895.1736851943233,1418.7750708137382
1,All Population,1,Deaths,94,Switzerland,3,Both,228,55+ years,697,Falls,2,Percent,2010,0.02913064159155018,0.032642678953278915,0.024539180978406305
1,All Population,1,Deaths,94,Switzerland,3,Both,228,55+ years,697,Falls,3,Rate,2010,73.89668702394064,83.0263694938531,62.15564524682112
1,All Population,1,Deaths,94,Switzerland,3,Both,228,55+ years,697,Falls,1,Number,2012,1855.9130613093282,2088.7637231703634,1535.0432182455374
1,All Population,1,Deaths,94,Switzerland,3,Both,228,55+ years,697,Falls,2,Percent,2012,0.03112610541585923,0.035034468024949444,0.025715528146917608
1,All Population,1,Deaths,94,Switzerland,3,Both,228,55+ years,697,Falls,3,Rate,2012,78.11621016393003,87.91699858335856,64.6106550716267
1,All Population,1,Deaths,93,Sweden,3,Both,228,55+ years,697,Falls,1,Number,2008,1801.580306876519,2018.3986963175469,1553.2666670823958
1,All Population,1,Deaths,93,Sweden,3,Both,228,55+ years,697,Falls,2,Percent,2008,0.02090294587121366,0.02341606123817271,0.018058018916122374
1,All Population,1,Deaths,93,Sweden,3,Both,228,55+ years,697,Falls,3,Rate,2008,62.915738024881925,70.48758421846013,54.24399808097787
1,All Population,1,Deaths,89,Netherlands,3,Both,228,55+ years,697,Falls,1,Number,2016,4450.425839471645,5012.195931826949,3604.278868184126
1,All Population,1,Deaths,89,Netherlands,3,Both,228,55+ years,697,Falls,2,Percent,2016,0.03191305198008438,0.036026977562313184,0.025886684487807596
1,All Population,1,Deaths,89,Netherlands,3,Both,228,55+ years,697,Falls,3,Rate,2016,83.77032293005348,94.3445159952809,67.84330659773389
1,All Population,1,Deaths,81,Germany,3,Both,228,55+ years,697,Falls,1,Number,2017,19446.92931010609,21811.136722265903,15720.35593155021
1,All Population,1,Deaths,81,Germany,3,Both,228,55+ years,697,Falls,2,Percent,2017,0.021940100826772845,0.02460510927619193,0.017741937537321346
1,All Population,1,Deaths,81,Germany,3,Both,228,55+ years,697,Falls,3,Rate,2017,65.655378884403,73.63725257414806,53.073979363273146
1,All Population,1,Deaths,95,United Kingdom,3,Both,228,55+ years,697,Falls,1,Number,2011,7078.736166835189,7865.252607390519,6161.324332429741
1,All Population,1,Deaths,95,United Kingdom,3,Both,228,55+ years,697,Falls,2,Percent,2011,0.013922740739731439,0.015480343077695738,0.012114424189250959
1,All Population,1,Deaths,95,United Kingdom,3,Both,228,55+ years,697,Falls,3,Rate,2011,39.55925229698448,43.95467000635298,34.43233057506501
1,All Population,1,Deaths,84,Ireland,3,Both,228,55+ years,697,Falls,1,Number,2011,285.88586511062346,320.09026996217426,242.2525247825034
1,All Population,1,Deaths,84,Ireland,3,Both,228,55+ years,697,Falls,2,Percent,2011,0.01140998625304396,0.01280563956766665,0.009635042049875652
1,All Population,1,Deaths,84,Ireland,3,Both,228,55+ years,697,Falls,3,Rate,2011,28.307779919066103,31.694623701726258,23.987304002342515
1,All Population,1,Deaths,76,Belgium,3,Both,228,55+ years,697,Falls,1,Number,2012,2382.133917278734,2685.3909260481196,1949.110222214462
1,All Population,1,Deaths,76,Belgium,3,Both,228,55+ years,697,Falls,2,Percent,2012,0.023777190475780297,0.02683134569547601,0.019436802104457314
1,All Population,1,Deaths,76,Belgium,3,Both,228,55+ years,697,Falls,3,Rate,2012,72.41605590250239,81.63496519243714,59.25228375626446
1,All Population,1,Deaths,396,San Marino,3,Both,228,55+ years,697,Falls,1,Number,2012,2.5115893927577915,3.229688605489169,1.8267309031272745
1,All Population,1,Deaths,396,San Marino,3,Both,228,55+ years,697,Falls,2,Percent,2012,0.012369365073040508,0.01589768792803476,0.009034300523596717
1,All Population,1,Deaths,396,San Marino,3,Both,228,55+ years,697,Falls,3,Rate,2012,25.33473821922957,32.578301049381544,18.426479010125906
1,All Population,1,Deaths,92,Spain,3,Both,228,55+ years,697,Falls,1,Number,2006,2573.5164446084223,2872.4496671198276,2240.7893511157704
1,All Population,1,Deaths,92,Spain,3,Both,228,55+ years,697,Falls,2,Percent,2006,0.007603492345819002,0.008478336351610688,0.006622918308685351
1,All Population,1,Deaths,92,Spain,3,Both,228,55+ years,697,Falls,3,Rate,2006,21.19226441728284,23.65390475684402,18.4523400002997
1,All Population,1,Deaths,93,Sweden,3,Both,228,55+ years,697,Falls,1,Number,2010,1857.1691141417907,2081.0420143340025,1582.054196328895
1,All Population,1,Deaths,93,Sweden,3,Both,228,55+ years,697,Falls,2,Percent,2010,0.021788508040979333,0.024420416240449196,0.018661544540422004
1,All Population,1,Deaths,93,Sweden,3,Both,228,55+ years,697,Falls,3,Rate,2010,63.58877205092032,71.25409596261994,54.16894072624529
1,All Population,1,Deaths,95,United Kingdom,3,Both,228,55+ years,697,Falls,1,Number,2008,7227.49502214139,8097.259118871872,6271.800674771984
1,All Population,1,Deaths,95,United Kingdom,3,Both,228,55+ years,697,Falls,2,Percent,2008,0.013444590499083581,0.015067223230337906,0.011684515488568555
1,All Population,1,Deaths,95,United Kingdom,3,Both,228,55+ years,697,Falls,3,Rate,2008,41.810680074516604,46.84221980955538,36.28203834118104
1,All Population,1,Deaths,91,Portugal,3,Both,228,55+ years,697,Falls,1,Number,2009,733.9147107967624,818.615306462707,634.8217983627658
1,All Population,1,Deaths,91,Portugal,3,Both,228,55+ years,697,Falls,2,Percent,2009,0.00771705193457003,0.008591989317557175,0.006710699090615052
1,All Population,1,Deaths,91,Portugal,3,Both,228,55+ years,697,Falls,3,Rate,2009,22.448699827742992,25.039488947192012,19.417684079506245
1,All Population,1,Deaths,90,Norway,3,Both,228,55+ years,697,Falls,1,Number,2016,1257.3593640833196,1428.2216197727391,1005.1747608015802
1,All Population,1,Deaths,90,Norway,3,Both,228,55+ years,697,Falls,2,Percent,2016,0.033044483543020864,0.03751004583174293,0.026493569269418645
1,All Population,1,Deaths,90,Norway,3,Both,228,55+ years,697,Falls,3,Rate,2016,85.84538606751913,97.51089453153642,68.62764764888632
1,All Population,1,Deaths,95,United Kingdom,3,Both,228,55+ years,697,Falls,1,Number,2010,7289.55362768939,8159.67438770117,6271.110139172534
1,All Population,1,Deaths,95,United Kingdom,3,Both,228,55+ years,697,Falls,2,Percent,2010,0.014016590567102298,0.01569059236827848,0.012067506177946146
1,All Population,1,Deaths,95,United Kingdom,3,Both,228,55+ years,697,Falls,3,Rate,2010,41.25130375088565,46.17528368222949,35.48797120081874
1,All Population,1,Deaths,93,Sweden,3,Both,228,55+ years,697,Falls,1,Number,2006,1682.287799757291,1886.9491758367133,1450.6909481476298
1,All Population,1,Deaths,93,Sweden,3,Both,228,55+ years,697,Falls,2,Percent,2006,0.019542384022659707,0.021909086077572963,0.01687166119379845
1,All Population,1,Deaths,93,Sweden,3,Both,228,55+ years,697,Falls,3,Rate,2006,60.078652537119446,67.3876157852737,51.807756927845524
1,All Population,1,Deaths,89,Netherlands,3,Both,228,55+ years,697,Falls,1,Number,2015,4072.3293533419096,4584.177462888328,3270.688812815531
1,All Population,1,Deaths,89,Netherlands,3,Both,228,55+ years,697,Falls,2,Percent,2015,0.02971328444415267,0.03359180973717731,0.023863094380721712
1,All Population,1,Deaths,89,Netherlands,3,Both,228,55+ years,697,Falls,3,Rate,2015,78.21026372100879,88.04045478840703,62.81452515370237
1,All Population,1,Deaths,82,Greece,3,Both,228,55+ years,697,Falls,1,Number,2017,1190.661361527129,1315.5230056246412,1006.0113148020631
1,All Population,1,Deaths,82,Greece,3,Both,228,55+ years,697,Falls,2,Percent,2017,0.01021014900886684,0.01126245430425616,0.008629907250865687
1,All Population,1,Deaths,82,Greece,3,Both,228,55+ years,697,Falls,3,Rate,2017,32.16371267515043,35.53663983535353,27.175702448043708
1,All Population,1,Deaths,94,Switzerland,3,Both,228,55+ years,697,Falls,1,Number,2009,1556.7314601273756,1738.0024011314945,1330.5886168436862
1,All Population,1,Deaths,94,Switzerland,3,Both,228,55+ years,697,Falls,2,Percent,2009,0.027063127734303718,0.03032125506646579,0.023121069896018413
1,All Population,1,Deaths,94,Switzerland,3,Both,228,55+ years,697,Falls,3,Rate,2009,69.41830940445614,77.50160610074774,59.33406927264424
1,All Population,1,Deaths,95,United Kingdom,3,Both,228,55+ years,697,Falls,1,Number,2012,7313.843259619135,8101.418443879608,6317.852510087115
1,All Population,1,Deaths,95,United Kingdom,3,Both,228,55+ years,697,Falls,2,Percent,2012,0.013998247273814173,0.015499220439955386,0.012067185498641955
1,All Population,1,Deaths,95,United Kingdom,3,Both,228,55+ years,697,Falls,3,Rate,2012,40.23736670625627,44.570239366079484,34.7578884617299
1,All Population,1,Deaths,75,Austria,3,Both,228,55+ years,697,Falls,1,Number,1993,1020.4015341465465,1098.6932614624288,925.8139343857384
1,All Population,1,Deaths,75,Austria,3,Both,228,55+ years,697,Falls,2,Percent,1993,0.013982311352540302,0.01504126405775951,0.012673530234917877
1,All Population,1,Deaths,75,Austria,3,Both,228,55+ years,697,Falls,3,Rate,1993,52.53291171506592,56.56357245152318,47.66329729241559
1,All Population,1,Deaths,92,Spain,3,Both,228,55+ years,697,Falls,1,Number,2009,3047.48076594147,3432.666608677581,2592.777970118172
1,All Population,1,Deaths,92,Spain,3,Both,228,55+ years,697,Falls,2,Percent,2009,0.00866651167931734,0.009770326686444942,0.007356130107495897
1,All Population,1,Deaths,92,Spain,3,Both,228,55+ years,697,Falls,3,Rate,2009,23.81367518487384,26.823600841253125,20.260528990677972
1,All Population,1,Deaths,77,Cyprus,3,Both,228,55+ years,697,Falls,1,Number,2012,133.48240271948822,170.16692046809536,102.44419862318026
1,All Population,1,Deaths,77,Cyprus,3,Both,228,55+ years,697,Falls,2,Percent,2012,0.01732561734290381,0.02175501291815359,0.013447087786223005
1,All Population,1,Deaths,77,Cyprus,3,Both,228,55+ years,697,Falls,3,Rate,2012,51.92220813551451,66.19181317024663,39.84891562348365
1,All Population,1,Deaths,80,France,3,Both,228,55+ years,697,Falls,1,Number,2012,14500.29682592689,16416.54639431961,11834.44510816082
1,All Population,1,Deaths,80,France,3,Both,228,55+ years,697,Falls,2,Percent,2012,0.028458383413369846,0.03228026517701458,0.023202071386158693
1,All Population,1,Deaths,80,France,3,Both,228,55+ years,697,Falls,3,Rate,2012,74.55461540627002,84.40718955071814,60.84789257609867
1,All Population,1,Deaths,74,Andorra,3,Both,228,55+ years,697,Falls,1,Number,1999,7.9771442909069785,11.07858972904432,5.621346281050112
1,All Population,1,Deaths,74,Andorra,3,Both,228,55+ years,697,Falls,2,Percent,1999,0.023402082050091574,0.03245901140301488,0.016357897698661167
1,All Population,1,Deaths,74,Andorra,3,Both,228,55+ years,697,Falls,3,Rate,1999,57.91178432829273,80.42739051133638,40.8093650548486
1,All Population,1,Deaths,93,Sweden,3,Both,228,55+ years,697,Falls,1,Number,2009,1772.4330483828912,1986.0842050673712,1534.241217950975
1,All Population,1,Deaths,93,Sweden,3,Both,228,55+ years,697,Falls,2,Percent,2009,0.02085317125139617,0.023356293725222476,0.018094413215536925
1,All Population,1,Deaths,93,Sweden,3,Both,228,55+ years,697,Falls,3,Rate,2009,61.33168386607868,68.72467691106269,53.08950735235285
1,All Population,1,Deaths,95,United Kingdom,3,Both,228,55+ years,697,Falls,1,Number,2009,7172.168412462909,8058.566471146758,6200.031389237231
1,All Population,1,Deaths,95,United Kingdom,3,Both,228,55+ years,697,Falls,2,Percent,2009,0.013745269235541353,0.01542673452089492,0.011895276675267824
1,All Population,1,Deaths,95,United Kingdom,3,Both,228,55+ years,697,Falls,3,Rate,2009,41.0723933020824,46.14847177581184,35.50531904152003
1,All Population,1,Deaths,92,Spain,3,Both,228,55+ years,697,Falls,1,Number,1993,1703.3795638495164,1918.1175117241787,1488.4669899661646
1,All Population,1,Deaths,92,Spain,3,Both,228,55+ years,697,Falls,2,Percent,1993,0.005705096173323923,0.006408026090696396,0.00498330570205713
1,All Population,1,Deaths,92,Spain,3,Both,228,55+ years,697,Falls,3,Rate,1993,16.98331284076219,19.124328164027414,14.840556432774166
1,All Population,1,Deaths,90,Norway,3,Both,228,55+ years,697,Falls,1,Number,2015,1227.5802308915995,1397.725222104761,985.5653786306423
1,All Population,1,Deaths,90,Norway,3,Both,228,55+ years,697,Falls,2,Percent,2015,0.03230227408091208,0.03672706710069215,0.025881225696291237
1,All Population,1,Deaths,90,Norway,3,Both,228,55+ years,697,Falls,3,Rate,2015,85.33393349766557,97.16138151269226,68.5105285677213
1,All Population,1,Deaths,89,Netherlands,3,Both,228,55+ years,697,Falls,1,Number,2017,4800.3101135433735,5446.558993677469,3863.9042907058642
1,All Population,1,Deaths,89,Netherlands,3,Both,228,55+ years,697,Falls,2,Percent,2017,0.03398354936469969,0.038514703336189955,0.027309758049552747
1,All Population,1,Deaths,89,Netherlands,3,Both,228,55+ years,697,Falls,3,Rate,2017,88.48033680715774,100.39213359174198,71.2203055522837
1,All Population,1,Deaths,85,Israel,3,Both,228,55+ years,697,Falls,1,Number,2012,393.95629536158117,446.0202616965308,322.1797358491733
1,All Population,1,Deaths,85,Israel,3,Both,228,55+ years,697,Falls,2,Percent,2012,0.010483696362713896,0.011889339333728648,0.008593823855671721
1,All Population,1,Deaths,85,Israel,3,Both,228,55+ years,697,Falls,3,Rate,2012,24.74345697166681,28.013470742104865,20.235342155937065
1,All Population,1,Deaths,75,Austria,3,Both,228,55+ years,697,Falls,1,Number,1999,904.9247903603605,981.0852213664346,808.3607059880628
1,All Population,1,Deaths,75,Austria,3,Both,228,55+ years,697,Falls,2,Percent,1999,0.01283998701906284,0.013920924877041663,0.011482884430294842
1,All Population,1,Deaths,75,Austria,3,Both,228,55+ years,697,Falls,3,Rate,1999,42.68095805195837,46.27307995602827,38.126493771254374
1,All Population,1,Deaths,86,Italy,3,Both,228,55+ years,697,Falls,1,Number,2012,10139.689875134856,11763.429950829408,8043.424656156291
1,All Population,1,Deaths,86,Italy,3,Both,228,55+ years,697,Falls,2,Percent,2012,0.01754145757700358,0.020299227895449676,0.013932116128025487
1,All Population,1,Deaths,86,Italy,3,Both,228,55+ years,697,Falls,3,Rate,2012,50.613327987430175,58.71839727746797,40.14959976858331
1,All Population,1,Deaths,367,Monaco,3,Both,228,55+ years,697,Falls,1,Number,2017,4.616156502086139,6.1398728576799835,3.3037267817847704
1,All Population,1,Deaths,367,Monaco,3,Both,228,55+ years,697,Falls,2,Percent,2017,0.009635989002176418,0.013103686222739181,0.006764539914589898
1,All Population,1,Deaths,367,Monaco,3,Both,228,55+ years,697,Falls,3,Rate,2017,31.034611594301435,41.278619841068846,22.211092158605616
1,All Population,1,Deaths,81,Germany,3,Both,228,55+ years,697,Falls,1,Number,2012,12773.534655971198,14320.97111787213,10675.078366619235
1,All Population,1,Deaths,81,Germany,3,Both,228,55+ years,697,Falls,2,Percent,2012,0.01576531281236572,0.01767014331760162,0.013189572134474206
1,All Population,1,Deaths,81,Germany,3,Both,228,55+ years,697,Falls,3,Rate,2012,46.24693944918586,51.849476435417834,38.64941976773596
1,All Population,1,Deaths,90,Norway,3,Both,228,55+ years,697,Falls,1,Number,2017,1302.1908680727636,1481.929531428632,1044.367355036742
1,All Population,1,Deaths,90,Norway,3,Both,228,55+ years,697,Falls,2,Percent,2017,0.03414492462950767,0.03880581734529988,0.02726755352347211
1,All Population,1,Deaths,90,Norway,3,Both,228,55+ years,697,Falls,3,Rate,2017,87.27591394065495,99.32242455554783,69.99597189274944
1,All Population,1,Deaths,93,Sweden,3,Both,228,55+ years,697,Falls,1,Number,1993,1273.9910538779557,1422.860662236713,1107.4222541776592
1,All Population,1,Deaths,93,Sweden,3,Both,228,55+ years,697,Falls,2,Percent,1993,0.014408013752295263,0.016102960213998558,0.012573888772180315
1,All Population,1,Deaths,93,Sweden,3,Both,228,55+ years,697,Falls,3,Rate,1993,53.53877885606932,59.794942913146514,46.53881594084355
1,All Population,1,Deaths,82,Greece,3,Both,228,55+ years,697,Falls,1,Number,2012,447.0197591669642,493.1854086832721,393.135759151214
1,All Population,1,Deaths,82,Greece,3,Both,228,55+ years,697,Falls,2,Percent,2012,0.004159916884982202,0.00457397973440335,0.0036394569997389883
1,All Population,1,Deaths,82,Greece,3,Both,228,55+ years,697,Falls,3,Rate,2012,12.851671592996023,14.17891888865604,11.302524249688629
1,All Population,1,Deaths,83,Iceland,3,Both,228,55+ years,697,Falls,1,Number,1993,18.044887565324988,20.314977028373562,15.51629118451878
1,All Population,1,Deaths,83,Iceland,3,Both,228,55+ years,697,Falls,2,Percent,1993,0.011574718598829352,0.013133342002577663,0.009995188636095364
1,All Population,1,Deaths,83,Iceland,3,Both,228,55+ years,697,Falls,3,Rate,1993,36.75848581937503,41.3827901290639,31.607587878320754
1,All Population,1,Deaths,76,Belgium,3,Both,228,55+ years,697,Falls,1,Number,2013,2420.128936239646,2730.162792159959,1966.6426813122512
1,All Population,1,Deaths,76,Belgium,3,Both,228,55+ years,697,Falls,2,Percent,2013,0.02408743364454493,0.027167837474591894,0.01957611427179085
1,All Population,1,Deaths,76,Belgium,3,Both,228,55+ years,697,Falls,3,Rate,2013,72.49015225771271,81.77660021681591,58.90687279924522
1,All Population,1,Deaths,94,Switzerland,3,Both,228,55+ years,697,Falls,1,Number,2013,1968.0833525231242,2216.8052166597554,1604.7319350852629
1,All Population,1,Deaths,94,Switzerland,3,Both,228,55+ years,697,Falls,2,Percent,2013,0.03261871893761438,0.03669406988498137,0.026594144695484226
1,All Population,1,Deaths,94,Switzerland,3,Both,228,55+ years,697,Falls,3,Rate,2013,81.18571203235454,91.44577627813948,66.19704628055104
1,All Population,1,Deaths,84,Ireland,3,Both,228,55+ years,697,Falls,1,Number,1993,237.92678622248897,264.0724719651014,210.6133724446813
1,All Population,1,Deaths,84,Ireland,3,Both,228,55+ years,697,Falls,2,Percent,1993,0.008358729799229195,0.009243045545283156,0.0074740375927470504
1,All Population,1,Deaths,84,Ireland,3,Both,228,55+ years,697,Falls,3,Rate,1993,34.07731786103556,37.82206160297214,30.165325025113486
1,All Population,1,Deaths,79,Finland,3,Both,228,55+ years,697,Falls,1,Number,2018,1347.4742474155528,1470.8820829581239,1154.0834109731998
1,All Population,1,Deaths,79,Finland,3,Both,228,55+ years,697,Falls,2,Percent,2018,0.026399690153576273,0.02887760191529376,0.022639000885662636
1,All Population,1,Deaths,79,Finland,3,Both,228,55+ years,697,Falls,3,Rate,2018,69.60456634957973,75.97926990592305,59.61485015843889
1,All Population,1,Deaths,78,Denmark,3,Both,228,55+ years,697,Falls,1,Number,2018,938.3905667657501,1046.4294924885307,781.4891519252883
1,All Population,1,Deaths,78,Denmark,3,Both,228,55+ years,697,Falls,2,Percent,2018,0.018292586657549344,0.020408279600477842,0.015205024331060366
1,All Population,1,Deaths,78,Denmark,3,Both,228,55+ years,697,Falls,3,Rate,2018,51.35017588633364,57.262232161106695,42.7642890134069
1,All Population,1,Deaths,76,Belgium,3,Both,228,55+ years,697,Falls,1,Number,2014,2381.258332817113,2687.956124771989,1930.2614945102057
1,All Population,1,Deaths,76,Belgium,3,Both,228,55+ years,697,Falls,2,Percent,2014,0.02433008325139443,0.02751237272517079,0.019766585021386653
1,All Population,1,Deaths,76,Belgium,3,Both,228,55+ years,697,Falls,3,Rate,2014,70.27664133734777,79.32802834023146,56.96664358818437
1,All Population,1,Deaths,77,Cyprus,3,Both,228,55+ years,697,Falls,1,Number,2013,126.04891962254784,163.62503073461087,97.26996888139718
1,All Population,1,Deaths,77,Cyprus,3,Both,228,55+ years,697,Falls,2,Percent,2013,0.017090784557880778,0.021596377317414376,0.013227109485632106
1,All Population,1,Deaths,77,Cyprus,3,Both,228,55+ years,697,Falls,3,Rate,2013,47.029836804402294,61.04977746423714,36.292185416265085
1,All Population,1,Deaths,367,Monaco,3,Both,228,55+ years,697,Falls,1,Number,2018,4.810218817935767,6.629351566524545,3.2401288829936483
1,All Population,1,Deaths,367,Monaco,3,Both,228,55+ years,697,Falls,2,Percent,2018,0.009914757968080019,0.013957337844943709,0.006791026696968239
1,All Population,1,Deaths,367,Monaco,3,Both,228,55+ years,697,Falls,3,Rate,2018,31.662815241745605,43.63708632978995,21.327845169774832
1,All Population,1,Deaths,87,Luxembourg,3,Both,228,55+ years,697,Falls,1,Number,2018,96.04984285093745,108.79253989386423,81.0369091136952
1,All Population,1,Deaths,87,Luxembourg,3,Both,228,55+ years,697,Falls,2,Percent,2018,0.02564828537301492,0.0290055180514967,0.021589952000462938
1,All Population,1,Deaths,87,Luxembourg,3,Both,228,55+ years,697,Falls,3,Rate,2018,60.69677115057071,68.74926289130076,51.20964887841624
1,All Population,1,Deaths,95,United Kingdom,3,Both,228,55+ years,697,Falls,1,Number,2013,7672.166428981324,8567.914753068571,6513.351074748985
1,All Population,1,Deaths,95,United Kingdom,3,Both,228,55+ years,697,Falls,2,Percent,2013,0.014532223217168327,0.016200986855415715,0.01231237280468043
1,All Population,1,Deaths,95,United Kingdom,3,Both,228,55+ years,697,Falls,3,Rate,2013,41.571179079721546,46.42473828437188,35.29220676374696
1,All Population,1,Deaths,94,Switzerland,3,Both,228,55+ years,697,Falls,1,Number,2014,1974.9681465996468,2223.5685013329717,1605.6207615361145
1,All Population,1,Deaths,94,Switzerland,3,Both,228,55+ years,697,Falls,2,Percent,2014,0.0328538286073162,0.037070846768630636,0.026746292898020798
1,All Population,1,Deaths,94,Switzerland,3,Both,228,55+ years,697,Falls,3,Rate,2014,79.8737014514293,89.92785374187339,64.93617305775692
1,All Population,1,Deaths,88,Malta,3,Both,228,55+ years,697,Falls,1,Number,2018,56.67643349222242,63.891119159671625,46.798621362125466
1,All Population,1,Deaths,88,Malta,3,Both,228,55+ years,697,Falls,2,Percent,2018,0.016705407199567177,0.018855570097739065,0.013666028273352391
1,All Population,1,Deaths,88,Malta,3,Both,228,55+ years,697,Falls,3,Rate,2018,36.89001587428994,41.58596889040094,30.46066554594698
1,All Population,1,Deaths,73,Western Europe,3,Both,228,55+ years,697,Falls,1,Number,2019,90416.0067832498,101583.73731366867,73908.47480332611
1,All Population,1,Deaths,73,Western Europe,3,Both,228,55+ years,697,Falls,2,Percent,2019,0.02296499599421306,0.025805423159352536,0.01876520631517585
1,All Population,1,Deaths,73,Western Europe,3,Both,228,55+ years,697,Falls,3,Rate,2019,62.308416980395975,70.00443934822906,50.932575218350216
1,All Population,1,Deaths,80,France,3,Both,228,55+ years,697,Falls,1,Number,2019,19171.777086370315,21683.374480829047,15496.587238850685
1,All Population,1,Deaths,80,France,3,Both,228,55+ years,697,Falls,2,Percent,2019,0.03439648708424122,0.03905251294453521,0.027772686898663277
1,All Population,1,Deaths,80,France,3,Both,228,55+ years,697,Falls,3,Rate,2019,87.52684738473884,98.9932962614569,70.74813253506123
1,All Population,1,Deaths,396,San Marino,3,Both,228,55+ years,697,Falls,1,Number,2013,2.4193913774795246,3.1720316447081043,1.7760879850360678
1,All Population,1,Deaths,396,San Marino,3,Both,228,55+ years,697,Falls,2,Percent,2013,0.012347650692627247,0.01607814318465764,0.009119171539435731
1,All Population,1,Deaths,396,San Marino,3,Both,228,55+ years,697,Falls,3,Rate,2013,23.87583942003741,31.30329341887094,17.527379787042275
1,All Population,1,Deaths,74,Andorra,3,Both,228,55+ years,697,Falls,1,Number,2012,11.318338647030046,15.043110562825134,8.106528424975476
1,All Population,1,Deaths,74,Andorra,3,Both,228,55+ years,697,Falls,2,Percent,2012,0.02861413334117555,0.037766455420650706,0.02042408708831836
1,All Population,1,Deaths,74,Andorra,3,Both,228,55+ years,697,Falls,3,Rate,2012,63.136174756506705,83.91376923725461,45.21999308106425
1,All Population,1,Deaths,78,Denmark,3,Both,228,55+ years,697,Falls,1,Number,2019,989.5361485499076,1108.0813285848817,826.8474350065161
1,All Population,1,Deaths,78,Denmark,3,Both,228,55+ years,697,Falls,2,Percent,2019,0.019475058644825967,0.02181689159208004,0.01609946814166847
1,All Population,1,Deaths,78,Denmark,3,Both,228,55+ years,697,Falls,3,Rate,2019,53.277185405089675,59.659724885692114,44.51793313576277
1,All Population,1,Deaths,79,Finland,3,Both,228,55+ years,697,Falls,1,Number,2019,1333.9879236816416,1462.7722202309844,1144.2258182882304
1,All Population,1,Deaths,79,Finland,3,Both,228,55+ years,697,Falls,2,Percent,2019,0.026242925671576763,0.028812290461837326,0.022457472324793632
1,All Population,1,Deaths,79,Finland,3,Both,228,55+ years,697,Falls,3,Rate,2019,68.15659620997918,74.73649033216498,58.46120169879099
1,All Population,1,Deaths,80,France,3,Both,228,55+ years,697,Falls,1,Number,2018,18495.814571125316,20890.12590319734,15045.17597218708
1,All Population,1,Deaths,80,France,3,Both,228,55+ years,697,Falls,2,Percent,2018,0.03351580524931595,0.03788168490849393,0.02726100075655867
1,All Population,1,Deaths,80,France,3,Both,228,55+ years,697,Falls,3,Rate,2018,85.89002613847883,97.00862067804385,69.86610687190402
1,All Population,1,Deaths,91,Portugal,3,Both,228,55+ years,697,Falls,1,Number,2012,808.402885321609,910.1458450510697,698.3959209250573
1,All Population,1,Deaths,91,Portugal,3,Both,228,55+ years,697,Falls,2,Percent,2012,0.008198124466511851,0.00920275837855998,0.007078747749260323
1,All Population,1,Deaths,91,Portugal,3,Both,228,55+ years,697,Falls,3,Rate,2012,23.587983126090254,26.556690018251146,20.378144978486475
1,All Population,1,Deaths,73,Western Europe,3,Both,228,55+ years,697,Falls,1,Number,2018,87666.87360071804,98055.76081000829,71336.4744726675
1,All Population,1,Deaths,73,Western Europe,3,Both,228,55+ years,697,Falls,2,Percent,2018,0.02217342620255631,0.024817833672144827,0.018041460819526563
1,All Population,1,Deaths,73,Western Europe,3,Both,228,55+ years,697,Falls,3,Rate,2018,61.384908549594115,68.65927416891407,49.95025808379329
1,All Population,1,Deaths,87,Luxembourg,3,Both,228,55+ years,697,Falls,1,Number,2019,98.39522163126611,111.69949215930299,83.336461015872
1,All Population,1,Deaths,87,Luxembourg,3,Both,228,55+ years,697,Falls,2,Percent,2019,0.026344202741822125,0.029885553619427543,0.02218494756055756
1,All Population,1,Deaths,87,Luxembourg,3,Both,228,55+ years,697,Falls,3,Rate,2019,60.41293578508306,68.58152393146375,51.167121578068105
1,All Population,1,Deaths,88,Malta,3,Both,228,55+ years,697,Falls,1,Number,2019,59.96815738080949,68.67014148997225,49.794393555485634
1,All Population,1,Deaths,88,Malta,3,Both,228,55+ years,697,Falls,2,Percent,2019,0.017221385367084504,0.019644300596590444,0.014132760349548464
1,All Population,1,Deaths,88,Malta,3,Both,228,55+ years,697,Falls,3,Rate,2019,38.39359600295145,43.96489378670186,31.880016209954103
1,All Population,1,Deaths,77,Cyprus,3,Both,228,55+ years,697,Falls,1,Number,2014,136.56984217428914,175.87573375144478,104.72676709559443
1,All Population,1,Deaths,77,Cyprus,3,Both,228,55+ years,697,Falls,2,Percent,2014,0.017507350599588217,0.0223610216987697,0.01359635022199585
1,All Population,1,Deaths,77,Cyprus,3,Both,228,55+ years,697,Falls,3,Rate,2014,49.433944350779676,63.661428442056554,37.90776275507274
1,All Population,1,Deaths,92,Spain,3,Both,228,55+ years,697,Falls,1,Number,2012,3727.8414918876933,4213.73976068911,3088.7381609531253
1,All Population,1,Deaths,92,Spain,3,Both,228,55+ years,697,Falls,2,Percent,2012,0.010013869806348245,0.01132162928353556,0.008319260078120836
1,All Population,1,Deaths,92,Spain,3,Both,228,55+ years,697,Falls,3,Rate,2012,27.752172717343022,31.369475842537454,22.99432395609002
1,All Population,1,Deaths,75,Austria,3,Both,228,55+ years,697,Falls,1,Number,2012,1505.1933607875217,1656.32137546678,1299.3127661847134
1,All Population,1,Deaths,75,Austria,3,Both,228,55+ years,697,Falls,2,Percent,2012,0.020570453718976308,0.02271105615432109,0.01778029449143629
1,All Population,1,Deaths,75,Austria,3,Both,228,55+ years,697,Falls,3,Rate,2012,60.30638245245034,66.3614077335601,52.05766557586334
1,All Population,1,Deaths,81,Germany,3,Both,228,55+ years,697,Falls,1,Number,2019,21822.781695461177,24838.933364211338,17736.21823238458
1,All Population,1,Deaths,81,Germany,3,Both,228,55+ years,697,Falls,2,Percent,2019,0.024391815745162283,0.027808124091901656,0.019827293661232013
1,All Population,1,Deaths,81,Germany,3,Both,228,55+ years,697,Falls,3,Rate,2019,71.63566133378572,81.53650818681812,58.22107100587791
1,All Population,1,Deaths,81,Germany,3,Both,228,55+ years,697,Falls,1,Number,2018,21038.28789296406,23698.78921250688,17124.17765886731
1,All Population,1,Deaths,81,Germany,3,Both,228,55+ years,697,Falls,2,Percent,2018,0.023168446843282006,0.026105661419069184,0.01882719032839327
1,All Population,1,Deaths,81,Germany,3,Both,228,55+ years,697,Falls,3,Rate,2018,69.85017911650833,78.68343088372663,56.854763219340576
1,All Population,1,Deaths,93,Sweden,3,Both,228,55+ years,697,Falls,1,Number,2012,1923.4640837185532,2165.5811075872375,1612.0150565085394
1,All Population,1,Deaths,93,Sweden,3,Both,228,55+ years,697,Falls,2,Percent,2012,0.022168944270282855,0.0248892191842049,0.01868418657210642
1,All Population,1,Deaths,93,Sweden,3,Both,228,55+ years,697,Falls,3,Rate,2012,64.2982345947012,72.39180771200272,53.88700685962113
1,All Population,1,Deaths,85,Israel,3,Both,228,55+ years,697,Falls,1,Number,2013,386.95555780404106,437.89602871808705,316.0185353548101
1,All Population,1,Deaths,85,Israel,3,Both,228,55+ years,697,Falls,2,Percent,2013,0.010349370280898442,0.011724190692682787,0.008424613135130541
1,All Population,1,Deaths,85,Israel,3,Both,228,55+ years,697,Falls,3,Rate,2013,23.758967653686696,26.886698930060522,19.4034534665158
1,All Population,1,Deaths,82,Greece,3,Both,228,55+ years,697,Falls,1,Number,2019,1418.4936241912742,1577.1637078647555,1206.0325044945553
1,All Population,1,Deaths,82,Greece,3,Both,228,55+ years,697,Falls,2,Percent,2019,0.01204495276283903,0.01342905655819131,0.010196562706142151
1,All Population,1,Deaths,82,Greece,3,Both,228,55+ years,697,Falls,3,Rate,2019,37.44334861426994,41.63169261266385,31.835106436714927
1,All Population,1,Deaths,367,Monaco,3,Both,228,55+ years,697,Falls,1,Number,2019,4.988249639460756,6.825610493034258,3.367758368215232
1,All Population,1,Deaths,367,Monaco,3,Both,228,55+ years,697,Falls,2,Percent,2019,0.010200015508588114,0.014206312967620411,0.007016370245982605
1,All Population,1,Deaths,367,Monaco,3,Both,228,55+ years,697,Falls,3,Rate,2019,32.007742085011806,43.79740310218483,21.609652492477558
1,All Population,1,Deaths,95,United Kingdom,3,Both,228,55+ years,697,Falls,1,Number,2014,7868.245828570167,8764.310676393934,6602.416263775244
1,All Population,1,Deaths,95,United Kingdom,3,Both,228,55+ years,697,Falls,2,Percent,2014,0.015093071184361324,0.016795144271751983,0.012671253738523233
1,All Population,1,Deaths,95,United Kingdom,3,Both,228,55+ years,697,Falls,3,Rate,2014,41.954876802493914,46.73285287449006,35.20524993508118
1,All Population,1,Deaths,76,Belgium,3,Both,228,55+ years,697,Falls,1,Number,2016,2564.8830706321814,2860.6416471183643,2072.8604216309304
1,All Population,1,Deaths,76,Belgium,3,Both,228,55+ years,697,Falls,2,Percent,2016,0.02540417988744142,0.028469450247705724,0.020592354382822507
1,All Population,1,Deaths,76,Belgium,3,Both,228,55+ years,697,Falls,3,Rate,2016,73.29016450496502,81.7413079401641,59.230879971349815
1,All Population,1,Deaths,82,Greece,3,Both,228,55+ years,697,Falls,1,Number,2018,1256.9106543210182,1398.0600767866736,1079.1135083154484
1,All Population,1,Deaths,82,Greece,3,Both,228,55+ years,697,Falls,2,Percent,2018,0.011034059889743807,0.012263715109339312,0.009376765063929387
1,All Population,1,Deaths,82,Greece,3,Both,228,55+ years,697,Falls,3,Rate,2018,33.61831938201982,37.393612676515296,28.86281729515451
1,All Population,1,Deaths,83,Iceland,3,Both,228,55+ years,697,Falls,1,Number,2012,30.469827537977004,34.309798472210936,25.05946435582891
1,All Population,1,Deaths,83,Iceland,3,Both,228,55+ years,697,Falls,2,Percent,2012,0.016418730251904552,0.01850702924123039,0.013639047553070632
1,All Population,1,Deaths,83,Iceland,3,Both,228,55+ years,697,Falls,3,Rate,2012,40.23517443919424,45.30582671603335,33.09083119859658
1,All Population,1,Deaths,89,Netherlands,3,Both,228,55+ years,697,Falls,1,Number,2019,5581.696959147584,6363.884774171909,4506.319704908582
1,All Population,1,Deaths,89,Netherlands,3,Both,228,55+ years,697,Falls,2,Percent,2019,0.03906911877870314,0.0444776078824039,0.03177176509931753
1,All Population,1,Deaths,89,Netherlands,3,Both,228,55+ years,697,Falls,3,Rate,2019,98.82116748212007,112.66941356870039,79.78214825097862
1,All Population,1,Deaths,94,Switzerland,3,Both,228,55+ years,697,Falls,1,Number,2015,2050.875652819426,2297.0366360983644,1684.603078813955
1,All Population,1,Deaths,94,Switzerland,3,Both,228,55+ years,697,Falls,2,Percent,2015,0.032756070627292154,0.03666050207943393,0.02696502047040292
1,All Population,1,Deaths,94,Switzerland,3,Both,228,55+ years,697,Falls,3,Rate,2015,81.04799754827185,90.77596654621875,66.57337123965848
1,All Population,1,Deaths,76,Belgium,3,Both,228,55+ years,697,Falls,1,Number,2015,2560.8656681029966,2887.818202917319,2063.736789869818
1,All Population,1,Deaths,76,Belgium,3,Both,228,55+ years,697,Falls,2,Percent,2015,0.02511792640687218,0.02833222028025954,0.020332857469041773
1,All Population,1,Deaths,76,Belgium,3,Both,228,55+ years,697,Falls,3,Rate,2015,74.20353372327716,83.67729634393716,59.79874867724371
1,All Population,1,Deaths,78,Denmark,3,Both,228,55+ years,697,Falls,1,Number,2020,1017.8088136702013,1155.091225188931,841.0103494864559
1,All Population,1,Deaths,78,Denmark,3,Both,228,55+ years,697,Falls,2,Percent,2020,0.01970622586498371,0.0223865522986081,0.016284962888186334
1,All Population,1,Deaths,78,Denmark,3,Both,228,55+ years,697,Falls,3,Rate,2020,53.84355804099522,61.10599612694766,44.49066362705387
1,All Population,1,Deaths,87,Luxembourg,3,Both,228,55+ years,697,Falls,1,Number,2020,104.0646210944469,117.92002447821781,89.68156445521204
1,All Population,1,Deaths,87,Luxembourg,3,Both,228,55+ years,697,Falls,2,Percent,2020,0.025014608748940292,0.028261923559614353,0.02156278365432961
1,All Population,1,Deaths,87,Luxembourg,3,Both,228,55+ years,697,Falls,3,Rate,2020,62.15489893709641,70.43034536638181,53.56429991875353
1,All Population,1,Deaths,396,San Marino,3,Both,228,55+ years,697,Falls,1,Number,2015,2.3562061386649344,3.086517690985829,1.6575358412786778
1,All Population,1,Deaths,396,San Marino,3,Both,228,55+ years,697,Falls,2,Percent,2015,0.012323828784211632,0.016245300897113846,0.009036222690175058
1,All Population,1,Deaths,396,San Marino,3,Both,228,55+ years,697,Falls,3,Rate,2015,22.151158398442185,29.016961271207215,15.582821200891695
1,All Population,1,Deaths,396,San Marino,3,Both,228,55+ years,697,Falls,1,Number,2014,2.4062736026449922,3.1668690545764204,1.745121290710206
1,All Population,1,Deaths,396,San Marino,3,Both,228,55+ years,697,Falls,2,Percent,2014,0.012297914216833732,0.01621354476385161,0.009083616265571423
1,All Population,1,Deaths,396,San Marino,3,Both,228,55+ years,697,Falls,3,Rate,2014,23.147174646119492,30.463730727501392,16.787212913082104
1,All Population,1,Deaths,95,United Kingdom,3,Both,228,55+ years,697,Falls,1,Number,2017,9411.84707707254,10538.416820132734,7854.14367656813
1,All Population,1,Deaths,95,United Kingdom,3,Both,228,55+ years,697,Falls,2,Percent,2017,0.01691040476336256,0.018902100017396617,0.01413149886955538
1,All Population,1,Deaths,95,United Kingdom,3,Both,228,55+ years,697,Falls,3,Rate,2017,47.61553064856178,53.31496623109459,39.734944255613605
1,All Population,1,Deaths,85,Israel,3,Both,228,55+ years,697,Falls,1,Number,2017,438.69010155656065,496.3193537718762,357.3056148431178
1,All Population,1,Deaths,85,Israel,3,Both,228,55+ years,697,Falls,2,Percent,2017,0.010867284650810032,0.0122669262841351,0.008823546485674164
1,All Population,1,Deaths,85,Israel,3,Both,228,55+ years,697,Falls,3,Rate,2017,24.3799994997826,27.582718538112864,19.857094291017628
1,All Population,1,Deaths,79,Finland,3,Both,228,55+ years,697,Falls,1,Number,2020,1326.314998710973,1457.2556389604906,1131.359219285001
1,All Population,1,Deaths,79,Finland,3,Both,228,55+ years,697,Falls,2,Percent,2020,0.02541944358587858,0.027953169193363905,0.02167710884870052
1,All Population,1,Deaths,79,Finland,3,Both,228,55+ years,697,Falls,3,Rate,2020,67.07764285785552,73.69989285938027,57.217862822102504
1,All Population,1,Deaths,84,Ireland,3,Both,228,55+ years,697,Falls,1,Number,2012,293.3344477611991,329.7344000182689,248.43951036216282
1,All Population,1,Deaths,84,Ireland,3,Both,228,55+ years,697,Falls,2,Percent,2012,0.011312774973375114,0.012663417070058062,0.00954559422105895
1,All Population,1,Deaths,84,Ireland,3,Both,228,55+ years,697,Falls,3,Rate,2012,28.247684595101344,31.75294754148232,23.92436682167295
1,All Population,1,Deaths,73,Western Europe,3,Both,228,55+ years,697,Falls,1,Number,2020,93809.81606905734,105103.01513106325,77551.738602304
1,All Population,1,Deaths,73,Western Europe,3,Both,228,55+ years,697,Falls,2,Percent,2020,0.02138616881723775,0.023961895249580718,0.017676707359487526
1,All Population,1,Deaths,73,Western Europe,3,Both,228,55+ years,697,Falls,3,Rate,2020,63.63240325434368,71.29272524256866,52.604340468854
1,All Population,1,Deaths,88,Malta,3,Both,228,55+ years,697,Falls,1,Number,2020,63.573614305292,72.47178472023407,52.933232867698145
1,All Population,1,Deaths,88,Malta,3,Both,228,55+ years,697,Falls,2,Percent,2020,0.016539292437294524,0.01884882516004504,0.013765445840631392
1,All Population,1,Deaths,88,Malta,3,Both,228,55+ years,697,Falls,3,Rate,2020,40.03982969860118,45.64406082399366,33.338322078733974
1,All Population,1,Deaths,90,Norway,3,Both,228,55+ years,697,Falls,1,Number,2019,1337.3387421618768,1537.200812338257,1069.1304354949991
1,All Population,1,Deaths,90,Norway,3,Both,228,55+ years,697,Falls,2,Percent,2019,0.03532911290980446,0.0406029736752585,0.028172027772083736
1,All Population,1,Deaths,90,Norway,3,Both,228,55+ years,697,Falls,3,Rate,2019,86.33078040540043,99.23270865124883,69.01681820885781
1,All Population,1,Deaths,89,Netherlands,3,Both,228,55+ years,697,Falls,1,Number,2018,5311.816181124195,6051.191997852308,4271.1051412485685
1,All Population,1,Deaths,89,Netherlands,3,Both,228,55+ years,697,Falls,2,Percent,2018,0.03687629782109797,0.04196676774039177,0.02970227066997611
1,All Population,1,Deaths,89,Netherlands,3,Both,228,55+ years,697,Falls,3,Rate,2018,95.91987462742742,109.2713975764206,77.12689138697155
1,All Population,1,Deaths,89,Netherlands,3,Both,228,55+ years,697,Falls,1,Number,2020,5878.153604882246,6626.9352157908825,4899.585924529324
1,All Population,1,Deaths,89,Netherlands,3,Both,228,55+ years,697,Falls,2,Percent,2020,0.03679108466112966,0.04144711255628575,0.030652950573695825
1,All Population,1,Deaths,89,Netherlands,3,Both,228,55+ years,697,Falls,3,Rate,2020,102.22550583487596,115.24738040300792,85.20747894380393
1,All Population,1,Deaths,85,Israel,3,Both,228,55+ years,697,Falls,1,Number,2014,395.5915161792444,450.1880239625737,321.7523857762067
1,All Population,1,Deaths,85,Israel,3,Both,228,55+ years,697,Falls,2,Percent,2014,0.010369394077269374,0.011763069713458946,0.008404249250683685
1,All Population,1,Deaths,85,Israel,3,Both,228,55+ years,697,Falls,3,Rate,2014,23.666010661761238,26.932211989268357,19.248631683942925
1,All Population,1,Deaths,86,Italy,3,Both,228,55+ years,697,Falls,1,Number,2013,9946.925493893928,11519.940632363141,7777.755854170845
1,All Population,1,Deaths,86,Italy,3,Both,228,55+ years,697,Falls,2,Percent,2013,0.017580363869715007,0.02038257406225046,0.013753541938252309
1,All Population,1,Deaths,86,Italy,3,Both,228,55+ years,697,Falls,3,Rate,2013,49.105202916706,56.87074088248221,38.3966160890729
1,All Population,1,Deaths,77,Cyprus,3,Both,228,55+ years,697,Falls,1,Number,2016,148.66855999060283,192.93103136309247,112.45202238276507
1,All Population,1,Deaths,77,Cyprus,3,Both,228,55+ years,697,Falls,2,Percent,2016,0.0186667001921671,0.023897786345864314,0.014219921002054575
1,All Population,1,Deaths,77,Cyprus,3,Both,228,55+ years,697,Falls,3,Rate,2016,52.57118476912811,68.22298472608256,39.76453425472168
1,All Population,1,Deaths,76,Belgium,3,Both,228,55+ years,697,Falls,1,Number,2017,2652.6240119348145,3000.3904804602107,2173.6317014005745
1,All Population,1,Deaths,76,Belgium,3,Both,228,55+ years,697,Falls,2,Percent,2017,0.025907405319620526,0.029278773524186282,0.02121709627315072
1,All Population,1,Deaths,76,Belgium,3,Both,228,55+ years,697,Falls,3,Rate,2017,74.55588816779415,84.33037479659319,61.09310679480335
1,All Population,1,Deaths,396,San Marino,3,Both,228,55+ years,697,Falls,1,Number,2016,2.8540960219510105,3.8006144447913313,2.0746839504189785
1,All Population,1,Deaths,396,San Marino,3,Both,228,55+ years,697,Falls,2,Percent,2016,0.013181292713706695,0.017309927379338615,0.009560783772320367
1,All Population,1,Deaths,396,San Marino,3,Both,228,55+ years,697,Falls,3,Rate,2016,25.88534678549141,34.469836384173426,18.816435436596663
1,All Population,1,Deaths,90,Norway,3,Both,228,55+ years,697,Falls,1,Number,2020,1343.0516374961314,1547.0629022772337,1079.7346572425477
1,All Population,1,Deaths,90,Norway,3,Both,228,55+ years,697,Falls,2,Percent,2020,0.035266468425706785,0.04056847071002005,0.028395124639940955
1,All Population,1,Deaths,90,Norway,3,Both,228,55+ years,697,Falls,3,Rate,2020,85.00111938955664,97.91289834900334,68.33590902016246
1,All Population,1,Deaths,367,Monaco,3,Both,228,55+ years,697,Falls,1,Number,2020,4.734599502308295,6.538659092489756,3.3526508214158333
1,All Population,1,Deaths,367,Monaco,3,Both,228,55+ years,697,Falls,2,Percent,2020,0.009126726941503262,0.012562287868566821,0.006442198164144326
1,All Population,1,Deaths,367,Monaco,3,Both,228,55+ years,697,Falls,3,Rate,2020,30.22340674736054,41.739655748769856,21.401710832800482
1,All Population,1,Deaths,80,France,3,Both,228,55+ years,697,Falls,1,Number,2020,19180.469565563937,21771.98585341223,15731.184775971255
1,All Population,1,Deaths,80,France,3,Both,228,55+ years,697,Falls,2,Percent,2020,0.03130972879249954,0.03552994338619439,0.025703768922195693
1,All Population,1,Deaths,80,France,3,Both,228,55+ years,697,Falls,3,Rate,2020,86.39123428709041,98.06374783098552,70.85522410955035
1,All Population,1,Deaths,90,Norway,3,Both,228,55+ years,697,Falls,1,Number,2018,1351.5301348041332,1550.4271808745684,1082.2238637471219
1,All Population,1,Deaths,90,Norway,3,Both,228,55+ years,697,Falls,2,Percent,2018,0.03533895576010346,0.0405328869851885,0.02816902304492161
1,All Population,1,Deaths,90,Norway,3,Both,228,55+ years,697,Falls,3,Rate,2018,88.92681836203224,102.01367527566923,71.20723576943703
1,All Population,1,Deaths,78,Denmark,3,Both,228,55+ years,697,Falls,1,Number,2021,1066.3848461423431,1222.5334366758416,888.4785974997203
1,All Population,1,Deaths,78,Denmark,3,Both,228,55+ years,697,Falls,2,Percent,2021,0.01972371371601951,0.02257176368936958,0.016391705284684414
1,All Population,1,Deaths,78,Denmark,3,Both,228,55+ years,697,Falls,3,Rate,2021,55.32909277835788,63.43082067152084,46.09847460837369
1,All Population,1,Deaths,79,Finland,3,Both,228,55+ years,697,Falls,1,Number,2021,1423.1392775993002,1580.4456472899146,1203.297445187169
1,All Population,1,Deaths,79,Finland,3,Both,228,55+ years,697,Falls,2,Percent,2021,0.026114012427422156,0.028968664881384804,0.022079546498742178
1,All Population,1,Deaths,79,Finland,3,Both,228,55+ years,697,Falls,3,Rate,2021,71.20729351668032,79.0781751759222,60.20742714083072
1,All Population,1,Deaths,86,Italy,3,Both,228,55+ years,697,Falls,1,Number,2017,11992.255955329936,13758.098646905235,9339.823247626506
1,All Population,1,Deaths,86,Italy,3,Both,228,55+ years,697,Falls,2,Percent,2017,0.019418358440858496,0.022264230401680764,0.015130626716321016
1,All Population,1,Deaths,86,Italy,3,Both,228,55+ years,697,Falls,3,Rate,2017,56.22355601116649,64.50239494243259,43.78809770683189
1,All Population,1,Deaths,86,Italy,3,Both,228,55+ years,697,Falls,1,Number,2014,10003.568886268686,11524.548237879691,7770.892981042787
1,All Population,1,Deaths,86,Italy,3,Both,228,55+ years,697,Falls,2,Percent,2014,0.017633170536349326,0.020307421321386375,0.013703651035752688
1,All Population,1,Deaths,86,Italy,3,Both,228,55+ years,697,Falls,3,Rate,2014,48.80913346644066,56.230253370396525,37.91552364734294
1,All Population,1,Deaths,77,Cyprus,3,Both,228,55+ years,697,Falls,1,Number,2015,151.38495210198354,196.4246840408399,115.88160085376903
1,All Population,1,Deaths,77,Cyprus,3,Both,228,55+ years,697,Falls,2,Percent,2015,0.018027713997126906,0.022975251582457785,0.01374690259865468
1,All Population,1,Deaths,77,Cyprus,3,Both,228,55+ years,697,Falls,3,Rate,2015,52.30739355540664,67.86977905967177,40.04007279141731
1,All Population,1,Deaths,95,United Kingdom,3,Both,228,55+ years,697,Falls,1,Number,2015,8689.730587049724,9657.850921549023,7311.35742346793
1,All Population,1,Deaths,95,United Kingdom,3,Both,228,55+ years,697,Falls,2,Percent,2015,0.015860960388403476,0.017674407719453337,0.013340032660601683
1,All Population,1,Deaths,95,United Kingdom,3,Both,228,55+ years,697,Falls,3,Rate,2015,45.48284813887718,50.55007890202798,38.268316382124624
1,All Population,1,Deaths,81,Germany,3,Both,228,55+ years,697,Falls,1,Number,2020,22488.1124296749,25699.21712265074,18455.572432106015
1,All Population,1,Deaths,81,Germany,3,Both,228,55+ years,697,Falls,2,Percent,2020,0.023875154585703297,0.02730081114407138,0.01959177363249916
1,All Population,1,Deaths,81,Germany,3,Both,228,55+ years,697,Falls,3,Rate,2020,72.80874730939838,83.20519614013214,59.75277444301414
1,All Population,1,Deaths,87,Luxembourg,3,Both,228,55+ years,697,Falls,1,Number,2021,105.78115442624886,119.92291981875636,91.01343627944757
1,All Population,1,Deaths,87,Luxembourg,3,Both,228,55+ years,697,Falls,2,Percent,2021,0.026456023083338682,0.029971257525515535,0.02289699048589196
1,All Population,1,Deaths,87,Luxembourg,3,Both,228,55+ years,697,Falls,3,Rate,2021,61.700890588384055,69.94961432317801,53.08705604897034
1,All Population,1,Deaths,85,Israel,3,Both,228,55+ years,697,Falls,1,Number,2016,436.1733140444184,491.99786489117065,351.2074891328873
1,All Population,1,Deaths,85,Israel,3,Both,228,55+ years,697,Falls,2,Percent,2016,0.010960906719743624,0.01234472370060869,0.008900934123983873
1,All Population,1,Deaths,85,Israel,3,Both,228,55+ years,697,Falls,3,Rate,2016,24.81717634127024,27.9934543893009,19.982832304357846
1,All Population,1,Deaths,77,Cyprus,3,Both,228,55+ years,697,Falls,1,Number,2017,165.7095919197997,217.0088741563683,125.77922802217836
1,All Population,1,Deaths,77,Cyprus,3,Both,228,55+ years,697,Falls,2,Percent,2017,0.01896007225021989,0.024335980841373814,0.014296896639858633
1,All Population,1,Deaths,77,Cyprus,3,Both,228,55+ years,697,Falls,3,Rate,2017,54.24601249494691,71.03913516785484,41.17457230959857
1,All Population,1,Deaths,82,Greece,3,Both,228,55+ years,697,Falls,1,Number,2020,1604.721195297801,1794.1412741946594,1336.5198925700513
1,All Population,1,Deaths,82,Greece,3,Both,228,55+ years,697,Falls,2,Percent,2020,0.012928246534909567,0.01443387203614795,0.010762074241827417
1,All Population,1,Deaths,82,Greece,3,Both,228,55+ years,697,Falls,3,Rate,2020,41.93316328062095,46.88292222958028,34.92476266105356
1,All Population,1,Deaths,73,Western Europe,3,Both,228,55+ years,697,Falls,1,Number,2021,94793.16557203174,106323.09242902878,78483.7587254606
1,All Population,1,Deaths,73,Western Europe,3,Both,228,55+ years,697,Falls,2,Percent,2021,0.022054062430162124,0.02473985954235356,0.018259761378777408
1,All Population,1,Deaths,73,Western Europe,3,Both,228,55+ years,697,Falls,3,Rate,2021,63.39903179294207,71.1104126184046,52.4910660450943
1,All Population,1,Deaths,88,Malta,3,Both,228,55+ years,697,Falls,1,Number,2021,63.64205738342515,72.65110364713458,53.54854292268823
1,All Population,1,Deaths,88,Malta,3,Both,228,55+ years,697,Falls,2,Percent,2021,0.01660675388944491,0.019024131833598832,0.013990331251736763
1,All Population,1,Deaths,88,Malta,3,Both,228,55+ years,697,Falls,3,Rate,2021,39.6964068037465,45.31575319356203,33.40062893944915
1,All Population,1,Deaths,76,Belgium,3,Both,228,55+ years,697,Falls,1,Number,2019,2767.6787688491154,3109.0095986445476,2239.3684843184155
1,All Population,1,Deaths,76,Belgium,3,Both,228,55+ years,697,Falls,2,Percent,2019,0.02720708182850941,0.030702659996847625,0.02221790008990023
1,All Population,1,Deaths,76,Belgium,3,Both,228,55+ years,697,Falls,3,Rate,2019,75.44777043211946,84.75255333455117,61.04587035873235
1,All Population,1,Deaths,85,Israel,3,Both,228,55+ years,697,Falls,1,Number,2020,460.9158765297389,531.0304013039165,378.3312366215778
1,All Population,1,Deaths,85,Israel,3,Both,228,55+ years,697,Falls,2,Percent,2020,0.010312917841519113,0.011882527915096546,0.008457948075681124
1,All Population,1,Deaths,85,Israel,3,Both,228,55+ years,697,Falls,3,Rate,2020,24.02818985494793,27.683358180994254,19.72293697072063
1,All Population,1,Deaths,76,Belgium,3,Both,228,55+ years,697,Falls,1,Number,2020,2854.597446310528,3229.1771186896963,2367.4627590193954
1,All Population,1,Deaths,76,Belgium,3,Both,228,55+ years,697,Falls,2,Percent,2020,0.02358749372747489,0.02665599890517541,0.01957713329092164
1,All Population,1,Deaths,76,Belgium,3,Both,228,55+ years,697,Falls,3,Rate,2020,76.84045008500884,86.92343767245704,63.72769099113034
1,All Population,1,Deaths,89,Netherlands,3,Both,228,55+ years,697,Falls,1,Number,2021,6244.963862988789,7058.296764048175,5204.204452416639
1,All Population,1,Deaths,89,Netherlands,3,Both,228,55+ years,697,Falls,2,Percent,2021,0.038637573918992425,0.04361778883166038,0.032201618969762764
1,All Population,1,Deaths,89,Netherlands,3,Both,228,55+ years,697,Falls,3,Rate,2021,106.77782268581386,120.68437494123297,88.98267987333337
1,All Population,1,Deaths,396,San Marino,3,Both,228,55+ years,697,Falls,1,Number,2017,3.0723379483251816,4.094536589784988,2.226790239821225
1,All Population,1,Deaths,396,San Marino,3,Both,228,55+ years,697,Falls,2,Percent,2017,0.013429980560945735,0.01786805241662494,0.00966886275205306
1,All Population,1,Deaths,396,San Marino,3,Both,228,55+ years,697,Falls,3,Rate,2017,26.979770412424507,35.95621933384336,19.554583655015794
1,All Population,1,Deaths,85,Israel,3,Both,228,55+ years,697,Falls,1,Number,2019,447.2304962586657,513.0750697692429,363.6591444443729
1,All Population,1,Deaths,85,Israel,3,Both,228,55+ years,697,Falls,2,Percent,2019,0.010753799842705549,0.0123302954737512,0.008671124699542449
1,All Population,1,Deaths,85,Israel,3,Both,228,55+ years,697,Falls,3,Rate,2019,23.7648490423768,27.26368546527026,19.324050445795056
1,All Population,1,Deaths,367,Monaco,3,Both,228,55+ years,697,Falls,1,Number,2021,5.402515209963209,7.610399320549274,3.728892144016294
1,All Population,1,Deaths,367,Monaco,3,Both,228,55+ years,697,Falls,2,Percent,2021,0.009442161655568835,0.013535279185768951,0.0066815245167015785
1,All Population,1,Deaths,367,Monaco,3,Both,228,55+ years,697,Falls,3,Rate,2021,33.552082162085625,47.264048941213176,23.15812001026134
1,All Population,1,Deaths,94,Switzerland,3,Both,228,55+ years,697,Falls,1,Number,2017,2092.1290359209465,2349.981285662271,1698.8863531227996
1,All Population,1,Deaths,94,Switzerland,3,Both,228,55+ years,697,Falls,2,Percent,2017,0.03341577375236316,0.03754689006720032,0.027203862482064765
1,All Population,1,Deaths,94,Switzerland,3,Both,228,55+ years,697,Falls,3,Rate,2017,79.31058925504543,89.08551877258424,64.40313930455662
1,All Population,1,Deaths,80,France,3,Both,228,55+ years,697,Falls,1,Number,2021,18718.566072211084,21417.803097055912,15465.272447636411
1,All Population,1,Deaths,80,France,3,Both,228,55+ years,697,Falls,2,Percent,2021,0.031273573546589516,0.03580185232480559,0.02584553494209411
1,All Population,1,Deaths,80,France,3,Both,228,55+ years,697,Falls,3,Rate,2021,82.86200910598839,94.8107984560421,68.46056163912492
1,All Population,1,Deaths,87,Luxembourg,3,Both,228,55+ years,697,Falls,1,Number,2022,117.33485170859163,133.4507444972858,100.28085041261154
1,All Population,1,Deaths,87,Luxembourg,3,Both,228,55+ years,697,Falls,2,Percent,2022,0.02942948112437669,0.03314586094954656,0.02526397580301406
1,All Population,1,Deaths,87,Luxembourg,3,Both,228,55+ years,697,Falls,3,Rate,2022,66.62129032270518,75.77169667385212,56.93823746194897
1,All Population,1,Deaths,78,Denmark,3,Both,228,55+ years,697,Falls,1,Number,2022,1097.4292115618837,1251.19284306549,917.1169246748694
1,All Population,1,Deaths,78,Denmark,3,Both,228,55+ years,697,Falls,2,Percent,2022,0.019352713880569406,0.022070195293378028,0.016180261427258896
1,All Population,1,Deaths,78,Denmark,3,Both,228,55+ years,697,Falls,3,Rate,2022,55.90858241758792,63.74207780314626,46.72256454407156
1,All Population,1,Deaths,74,Andorra,3,Both,228,55+ years,697,Falls,1,Number,2013,11.557615512783151,15.579877846924926,8.430999331797148
1,All Population,1,Deaths,74,Andorra,3,Both,228,55+ years,697,Falls,2,Percent,2013,0.028894192516052863,0.03860002672481505,0.020821067045804286
1,All Population,1,Deaths,74,Andorra,3,Both,228,55+ years,697,Falls,3,Rate,2013,62.51428973161151,84.27040998452827,45.602653451487825
1,All Population,1,Deaths,88,Malta,3,Both,228,55+ years,697,Falls,1,Number,2022,66.18428504885884,75.17241918870438,56.10542480959539
1,All Population,1,Deaths,88,Malta,3,Both,228,55+ years,697,Falls,2,Percent,2022,0.016562225863328346,0.01876483455015264,0.014155591107148181
1,All Population,1,Deaths,88,Malta,3,Both,228,55+ years,697,Falls,3,Rate,2022,40.76584208602799,46.30203329399362,34.5578242065927
1,All Population,1,Deaths,79,Finland,3,Both,228,55+ years,697,Falls,1,Number,2022,1412.8373236639572,1564.760783298739,1214.8637940946676
1,All Population,1,Deaths,79,Finland,3,Both,228,55+ years,697,Falls,2,Percent,2022,0.02348603129771983,0.026012227524704685,0.02009756128332877
1,All Population,1,Deaths,79,Finland,3,Both,228,55+ years,697,Falls,3,Rate,2022,70.25608418870821,77.81077374253525,60.411465330193444
1,All Population,1,Deaths,89,Netherlands,3,Both,228,55+ years,697,Falls,1,Number,2022,7162.353196811164,8097.463243279831,5932.442231775556
1,All Population,1,Deaths,89,Netherlands,3,Both,228,55+ years,697,Falls,2,Percent,2022,0.044438757091550846,0.050285010626319813,0.03678813112146949
1,All Population,1,Deaths,89,Netherlands,3,Both,228,55+ years,697,Falls,3,Rate,2022,120.25196996140605,135.9519532111324,99.60244146726345
1,All Population,1,Deaths,85,Israel,3,Both,228,55+ years,697,Falls,1,Number,2015,425.7812166295429,483.62606849030533,345.1027538158639
1,All Population,1,Deaths,85,Israel,3,Both,228,55+ years,697,Falls,2,Percent,2015,0.010689934666791497,0.012111566305622866,0.00870049450836143
1,All Population,1,Deaths,85,Israel,3,Both,228,55+ years,697,Falls,3,Rate,2015,24.751391614258516,28.114011958594205,20.06141434437064
1,All Population,1,Deaths,86,Italy,3,Both,228,55+ years,697,Falls,1,Number,2016,11029.180454201496,12701.576737800604,8677.819974410013
1,All Population,1,Deaths,86,Italy,3,Both,228,55+ years,697,Falls,2,Percent,2016,0.018761513254263354,0.021573312795025355,0.014770197618600768
1,All Population,1,Deaths,86,Italy,3,Both,228,55+ years,697,Falls,3,Rate,2016,52.49080987253252,60.4501896032803,41.300058538012145
1,All Population,1,Deaths,90,Norway,3,Both,228,55+ years,697,Falls,1,Number,2021,1445.108359813092,1655.61391636536,1169.7135595244104
1,All Population,1,Deaths,90,Norway,3,Both,228,55+ years,697,Falls,2,Percent,2021,0.03663230179476426,0.04198531048470463,0.02955475918340547
1,All Population,1,Deaths,90,Norway,3,Both,228,55+ years,697,Falls,3,Rate,2021,89.5440093449671,102.58767585972002,72.47957649247519
1,All Population,1,Deaths,73,Western Europe,3,Both,228,55+ years,697,Falls,1,Number,2022,103778.77374173264,116111.49513535794,86119.08861374663
1,All Population,1,Deaths,73,Western Europe,3,Both,228,55+ years,697,Falls,2,Percent,2022,0.023357513511428264,0.026130249664419115,0.01939426990446093
1,All Population,1,Deaths,73,Western Europe,3,Both,228,55+ years,697,Falls,3,Rate,2022,68.24868906973299,76.3591343701548,56.63503903404522
1,All Population,1,Deaths,91,Portugal,3,Both,228,55+ years,697,Falls,1,Number,2013,937.0344502001062,1056.118522913066,804.8883813133124
1,All Population,1,Deaths,91,Portugal,3,Both,228,55+ years,697,Falls,2,Percent,2013,0.00953273918729984,0.010719079998690083,0.008163069432250626
1,All Population,1,Deaths,91,Portugal,3,Both,228,55+ years,697,Falls,3,Rate,2013,26.920400887717545,30.34161018913692,23.123928784254616
1,All Population,1,Deaths,81,Germany,3,Both,228,55+ years,697,Falls,1,Number,2021,23518.557700833713,26852.351483626248,19513.096535648292
1,All Population,1,Deaths,81,Germany,3,Both,228,55+ years,697,Falls,2,Percent,2021,0.024018852866844752,0.027418944578506032,0.019930835822068213
1,All Population,1,Deaths,81,Germany,3,Both,228,55+ years,697,Falls,3,Rate,2021,75.31682915092834,85.99311210828469,62.489570010022184
1,All Population,1,Deaths,90,Norway,3,Both,228,55+ years,697,Falls,1,Number,2022,1500.8147445736804,1714.0792306705744,1224.980792556716
1,All Population,1,Deaths,90,Norway,3,Both,228,55+ years,697,Falls,2,Percent,2022,0.03470866139303409,0.039671930718351685,0.028260622987220853
1,All Population,1,Deaths,90,Norway,3,Both,228,55+ years,697,Falls,3,Rate,2022,91.0936798959595,104.03801356533937,74.35162041105737
1,All Population,1,Deaths,75,Austria,3,Both,228,55+ years,697,Falls,1,Number,2013,1522.0516041646422,1676.1501132578085,1302.977593822728
1,All Population,1,Deaths,75,Austria,3,Both,228,55+ years,697,Falls,2,Percent,2013,0.02069671746625839,0.022793299725460327,0.017791956969291235
1,All Population,1,Deaths,75,Austria,3,Both,228,55+ years,697,Falls,3,Rate,2013,59.93365925853687,66.0015793677944,51.30720595543768
1,All Population,1,Deaths,94,Switzerland,3,Both,228,55+ years,697,Falls,1,Number,2016,2056.1465383664126,2305.401448058715,1678.6323359297894
1,All Population,1,Deaths,94,Switzerland,3,Both,228,55+ years,697,Falls,2,Percent,2016,0.03354331847005416,0.0376615204752454,0.0273956064456854
1,All Population,1,Deaths,94,Switzerland,3,Both,228,55+ years,697,Falls,3,Rate,2016,79.75470784794248,89.42291589208736,65.11152247084243
1,All Population,1,Deaths,396,San Marino,3,Both,228,55+ years,697,Falls,1,Number,2018,2.930946507468041,3.973862253671634,2.055641078429681
1,All Population,1,Deaths,396,San Marino,3,Both,228,55+ years,697,Falls,2,Percent,2018,0.01344347521598407,0.0179952793268014,0.009583642432792699
1,All Population,1,Deaths,396,San Marino,3,Both,228,55+ years,697,Falls,3,Rate,2018,25.104636577134592,34.03759414640464,17.60732312088055
1,All Population,1,Deaths,77,Cyprus,3,Both,228,55+ years,697,Falls,1,Number,2019,177.85986286437347,230.9787196090157,133.36478718207175
1,All Population,1,Deaths,77,Cyprus,3,Both,228,55+ years,697,Falls,2,Percent,2019,0.019613571184222522,0.02530435669752453,0.014535073842790165
1,All Population,1,Deaths,77,Cyprus,3,Both,228,55+ years,697,Falls,3,Rate,2019,55.65963807403802,72.282704648468,41.73530591348559
1,All Population,1,Deaths,80,France,3,Both,228,55+ years,697,Falls,1,Number,2022,20544.688133942745,23440.759124511787,17229.135992516352
1,All Population,1,Deaths,80,France,3,Both,228,55+ years,697,Falls,2,Percent,2022,0.03250959463313385,0.03712325821322688,0.027258206011014228
1,All Population,1,Deaths,80,France,3,Both,228,55+ years,697,Falls,3,Rate,2022,89.21383169407403,101.78981183269941,74.81628480556961
1,All Population,1,Deaths,367,Monaco,3,Both,228,55+ years,697,Falls,1,Number,2022,5.234075993209005,7.2494337026286155,3.4994037351664455
1,All Population,1,Deaths,367,Monaco,3,Both,228,55+ years,697,Falls,2,Percent,2022,0.009928520587625887,0.013915410308532465,0.006967951157587387
1,All Population,1,Deaths,367,Monaco,3,Both,228,55+ years,697,Falls,3,Rate,2022,32.09694420921019,44.45572999007609,21.459406894143292
1,All Population,1,Deaths,82,Greece,3,Both,228,55+ years,697,Falls,1,Number,2021,1628.4441905923532,1823.907565359428,1377.6296217712145
1,All Population,1,Deaths,82,Greece,3,Both,228,55+ years,697,Falls,2,Percent,2021,0.011973820205890134,0.013401050343968594,0.010122856679353937
1,All Population,1,Deaths,82,Greece,3,Both,228,55+ years,697,Falls,3,Rate,2021,42.20737899890095,47.27356228406293,35.70655715567342
1,All Population,1,Deaths,85,Israel,3,Both,228,55+ years,697,Falls,1,Number,2018,446.2069992033992,508.494876305776,362.34928452975356
1,All Population,1,Deaths,85,Israel,3,Both,228,55+ years,697,Falls,2,Percent,2018,0.011061938587271211,0.012588406795273475,0.009008732571040474
1,All Population,1,Deaths,85,Israel,3,Both,228,55+ years,697,Falls,3,Rate,2018,24.315358095993037,27.709639314098972,19.745662046756873
1,All Population,1,Deaths,86,Italy,3,Both,228,55+ years,697,Falls,1,Number,2020,13018.627165872593,15219.837796263417,10337.590649505872
1,All Population,1,Deaths,86,Italy,3,Both,228,55+ years,697,Falls,2,Percent,2020,0.018217561780009984,0.021301988526673567,0.014463957296197138
1,All Population,1,Deaths,86,Italy,3,Both,228,55+ years,697,Falls,3,Rate,2020,58.53216233218349,68.42887542671873,46.47813677364677
1,All Population,1,Deaths,76,Belgium,3,Both,228,55+ years,697,Falls,1,Number,2018,2780.2483120614434,3141.4116048845503,2279.5974698886002
1,All Population,1,Deaths,76,Belgium,3,Both,228,55+ years,697,Falls,2,Percent,2018,0.02691988970127744,0.030401736995417466,0.022166713069489287
1,All Population,1,Deaths,76,Belgium,3,Both,228,55+ years,697,Falls,3,Rate,2018,76.94321660414978,86.93839054188767,63.08773253632824
1,All Population,1,Deaths,396,San Marino,3,Both,228,55+ years,697,Falls,1,Number,2019,3.0626363154697867,4.123844293692667,2.1617647306383803
1,All Population,1,Deaths,396,San Marino,3,Both,228,55+ years,697,Falls,2,Percent,2019,0.01397405310619779,0.018713532012251646,0.010023816833977715
1,All Population,1,Deaths,396,San Marino,3,Both,228,55+ years,697,Falls,3,Rate,2019,25.4145163016331,34.22068350004939,17.938860291571118
1,All Population,1,Deaths,77,Cyprus,3,Both,228,55+ years,697,Falls,1,Number,2020,178.9137855326973,230.4573137413804,132.53409263910973
1,All Population,1,Deaths,77,Cyprus,3,Both,228,55+ years,697,Falls,2,Percent,2020,0.019254348199164058,0.024512468376713042,0.014373423257295695
1,All Population,1,Deaths,77,Cyprus,3,Both,228,55+ years,697,Falls,3,Rate,2020,56.39984934758337,72.64816256256125,41.77935666616576
1,All Population,1,Deaths,92,Spain,3,Both,228,55+ years,697,Falls,1,Number,2013,3889.3346913732753,4426.67241208512,3182.081536894401
1,All Population,1,Deaths,92,Spain,3,Both,228,55+ years,697,Falls,2,Percent,2013,0.010739016241797999,0.012204149117228462,0.008807972723393155
1,All Population,1,Deaths,92,Spain,3,Both,228,55+ years,697,Falls,3,Rate,2013,28.540531786516233,32.48359802149117,23.35060015597534
1,All Population,1,Deaths,81,Germany,3,Both,228,55+ years,697,Falls,1,Number,2022,26130.035133503057,29651.14025681058,21623.745390392378
1,All Population,1,Deaths,81,Germany,3,Both,228,55+ years,697,Falls,2,Percent,2022,0.025509952102987208,0.028903388196781066,0.021100815454318626
1,All Population,1,Deaths,81,Germany,3,Both,228,55+ years,697,Falls,3,Rate,2022,82.64584202157666,93.78263140113324,68.39304410876159
1,All Population,1,Deaths,83,Iceland,3,Both,228,55+ years,697,Falls,1,Number,2013,31.89960115500292,36.20714334737136,26.101367399596807
1,All Population,1,Deaths,83,Iceland,3,Both,228,55+ years,697,Falls,2,Percent,2013,0.016880694684451816,0.0191367910681747,0.013803205512726504
1,All Population,1,Deaths,83,Iceland,3,Both,228,55+ years,697,Falls,3,Rate,2013,40.95059636316181,46.48033389122194,33.507207683060514
1,All Population,1,Deaths,86,Italy,3,Both,228,55+ years,697,Falls,1,Number,2019,12118.597969501296,14240.693973757749,9385.025144992005
1,All Population,1,Deaths,86,Italy,3,Both,228,55+ years,697,Falls,2,Percent,2019,0.019865798263111002,0.023306178214802097,0.015349784573467034
1,All Population,1,Deaths,86,Italy,3,Both,228,55+ years,697,Falls,3,Rate,2019,55.337572194644636,65.0277724253187,42.85516425386641
1,All Population,1,Deaths,76,Belgium,3,Both,228,55+ years,697,Falls,1,Number,2022,3002.3674340278276,3419.734728843252,2512.125662199258
1,All Population,1,Deaths,76,Belgium,3,Both,228,55+ years,697,Falls,2,Percent,2022,0.02730757136983429,0.03118676168307217,0.02281498051474198
1,All Population,1,Deaths,76,Belgium,3,Both,228,55+ years,697,Falls,3,Rate,2022,78.71254456685168,89.6545903076799,65.85996134327848
1,All Population,1,Deaths,86,Italy,3,Both,228,55+ years,697,Falls,1,Number,2022,13911.039401958722,16263.858112973769,11086.263411571203
1,All Population,1,Deaths,86,Italy,3,Both,228,55+ years,697,Falls,2,Percent,2022,0.019975253755470164,0.02333158294005527,0.015952477847060244
1,All Population,1,Deaths,86,Italy,3,Both,228,55+ years,697,Falls,3,Rate,2022,60.917497564042954,71.22066930811212,48.54758906610789
1,All Population,1,Deaths,82,Greece,3,Both,228,55+ years,697,Falls,1,Number,2022,1658.5975512336806,1861.1098773662427,1411.8875506342572
1,All Population,1,Deaths,82,Greece,3,Both,228,55+ years,697,Falls,2,Percent,2022,0.012210191941696603,0.013627164757529193,0.010375027804868868
1,All Population,1,Deaths,82,Greece,3,Both,228,55+ years,697,Falls,3,Rate,2022,42.50979760576209,47.70018148771345,36.18662886299011
1,All Population,1,Deaths,93,Sweden,3,Both,228,55+ years,697,Falls,1,Number,2013,1935.002040848933,2168.416535638372,1595.32655450774
1,All Population,1,Deaths,93,Sweden,3,Both,228,55+ years,697,Falls,2,Percent,2013,0.022635976611187686,0.025377886105982093,0.018627614375583038
1,All Population,1,Deaths,93,Sweden,3,Both,228,55+ years,697,Falls,3,Rate,2013,64.03983663477115,71.76480322340858,52.79811068569514
1,All Population,1,Deaths,73,Western Europe,3,Both,228,55+ years,697,Falls,1,Number,2023,104525.49996268436,117481.39955252806,86211.72023673258
1,All Population,1,Deaths,73,Western Europe,3,Both,228,55+ years,697,Falls,2,Percent,2023,0.02466208176669414,0.027670118116852552,0.020331167399777052
1,All Population,1,Deaths,73,Western Europe,3,Both,228,55+ years,697,Falls,3,Rate,2023,67.83899152007493,76.24761106960236,55.953008214825104
1,All Population,1,Deaths,84,Ireland,3,Both,228,55+ years,697,Falls,1,Number,2013,298.765561575004,337.0718927713,251.99103513126644
1,All Population,1,Deaths,84,Ireland,3,Both,228,55+ years,697,Falls,2,Percent,2013,0.01128031132820721,0.012646716795816533,0.009489673142875145
1,All Population,1,Deaths,84,Ireland,3,Both,228,55+ years,697,Falls,3,Rate,2013,27.983463417219888,31.571372987615113,23.602392042407118
1,All Population,1,Deaths,80,France,3,Both,228,55+ years,697,Falls,1,Number,2023,19740.16816340475,22650.51420493596,16651.45682938394
1,All Population,1,Deaths,80,France,3,Both,228,55+ years,697,Falls,2,Percent,2023,0.033450380638459135,0.03846426585642778,0.028196115111941034
1,All Population,1,Deaths,80,France,3,Both,228,55+ years,697,Falls,3,Rate,2023,85.00514546239582,97.53768249847336,71.70453150275749
1,All Population,1,Deaths,81,Germany,3,Both,228,55+ years,697,Falls,1,Number,2023,26846.25042481432,30808.075285677493,21830.586435927995
1,All Population,1,Deaths,81,Germany,3,Both,228,55+ years,697,Falls,2,Percent,2023,0.027647549693949662,0.031507017098193535,0.022587065029168404
1,All Population,1,Deaths,81,Germany,3,Both,228,55+ years,697,Falls,3,Rate,2023,84.05835988563294,96.46323932646784,68.35380219240967
1,All Population,1,Deaths,82,Greece,3,Both,228,55+ years,697,Falls,1,Number,2023,1643.3447260144103,1843.0887773204604,1411.6202393249064
1,All Population,1,Deaths,82,Greece,3,Both,228,55+ years,697,Falls,2,Percent,2023,0.013268321934797541,0.014831421755074585,0.011268720420889196
1,All Population,1,Deaths,82,Greece,3,Both,228,55+ years,697,Falls,3,Rate,2023,41.67225971247137,46.73740876505904,35.79614447128032
1,All Population,1,Deaths,396,San Marino,3,Both,228,55+ years,697,Falls,1,Number,2020,2.786082964444727,3.6862623010986377,2.0524591935709466
1,All Population,1,Deaths,396,San Marino,3,Both,228,55+ years,697,Falls,2,Percent,2020,0.009619466372212703,0.012744308585237663,0.007196976873720082
1,All Population,1,Deaths,396,San Marino,3,Both,228,55+ years,697,Falls,3,Rate,2020,22.605612664605935,29.909453100361187,16.653164364407708
1,All Population,1,Deaths,86,Italy,3,Both,228,55+ years,697,Falls,1,Number,2015,11049.807952055624,12716.538604973322,8760.331284252878
1,All Population,1,Deaths,86,Italy,3,Both,228,55+ years,697,Falls,2,Percent,2015,0.01809737478772357,0.02078781081879723,0.014368249096260265
1,All Population,1,Deaths,86,Italy,3,Both,228,55+ years,697,Falls,3,Rate,2015,53.12082890628415,61.13346715580501,42.11440247037003
1,All Population,1,Deaths,89,Netherlands,3,Both,228,55+ years,697,Falls,1,Number,1999,1716.5022729916093,1933.4226724829011,1488.8420371356624
1,All Population,1,Deaths,89,Netherlands,3,Both,228,55+ years,697,Falls,2,Percent,1999,0.013620107474411483,0.015301533138317622,0.01181992047296862
1,All Population,1,Deaths,89,Netherlands,3,Both,228,55+ years,697,Falls,3,Rate,1999,46.741896500984836,52.64883354471098,40.54250408001106
1,All Population,1,Deaths,78,Denmark,3,Both,228,55+ years,697,Falls,1,Number,2023,1102.2405414095297,1246.3585574040958,917.7259793293692
1,All Population,1,Deaths,78,Denmark,3,Both,228,55+ years,697,Falls,2,Percent,2023,0.0198124646322305,0.02253987949562558,0.01654661923253949
1,All Population,1,Deaths,78,Denmark,3,Both,228,55+ years,697,Falls,3,Rate,2023,55.33384801485879,62.56875191618737,46.070987186299966
1,All Population,1,Deaths,87,Luxembourg,3,Both,228,55+ years,697,Falls,1,Number,2023,125.49872797175486,143.71176386786502,106.79155239096036
1,All Population,1,Deaths,87,Luxembourg,3,Both,228,55+ years,697,Falls,2,Percent,2023,0.031604228731880506,0.035766585282707646,0.027116795373702495
1,All Population,1,Deaths,87,Luxembourg,3,Both,228,55+ years,697,Falls,3,Rate,2023,69.29093895220804,79.34680468732353,58.962246525709524
1,All Population,1,Deaths,79,Finland,3,Both,228,55+ years,697,Falls,1,Number,2023,1534.8792431767793,1725.4159952653065,1278.2890712646133
1,All Population,1,Deaths,79,Finland,3,Both,228,55+ years,697,Falls,2,Percent,2023,0.026443419346910767,0.029686662086128787,0.022116461029838407
1,All Population,1,Deaths,79,Finland,3,Both,228,55+ years,697,Falls,3,Rate,2023,75.60986394958375,84.99591693508874,62.96994580923221
1,All Population,1,Deaths,88,Malta,3,Both,228,55+ years,697,Falls,1,Number,2023,67.19096644635535,77.50766691163457,56.561732786598235
1,All Population,1,Deaths,88,Malta,3,Both,228,55+ years,697,Falls,2,Percent,2023,0.017581920042146152,0.020124136008138886,0.014862628406916196
1,All Population,1,Deaths,88,Malta,3,Both,228,55+ years,697,Falls,3,Rate,2023,40.78482725883372,47.047050718492926,34.3328965658426
1,All Population,1,Deaths,89,Netherlands,3,Both,228,55+ years,697,Falls,1,Number,2023,7521.299668370008,8537.789584455575,6174.084216573921
1,All Population,1,Deaths,89,Netherlands,3,Both,228,55+ years,697,Falls,2,Percent,2023,0.04666411039557789,0.053065475803105194,0.03828501991621324
1,All Population,1,Deaths,89,Netherlands,3,Both,228,55+ years,697,Falls,3,Rate,2023,124.01689187479829,140.777548353511,101.80298199429197
1,All Population,1,Deaths,85,Israel,3,Both,228,55+ years,697,Falls,1,Number,2021,465.6260235471835,532.6433864088286,388.72378684684617
1,All Population,1,Deaths,85,Israel,3,Both,228,55+ years,697,Falls,2,Percent,2021,0.010079883786415783,0.011521004109528641,0.008428218591330148
1,All Population,1,Deaths,85,Israel,3,Both,228,55+ years,697,Falls,3,Rate,2021,23.78478881842905,27.20812373147591,19.856521567281685
1,All Population,1,Deaths,90,Norway,3,Both,228,55+ years,697,Falls,1,Number,1999,1068.149743720785,1203.5972036658438,906.864957204604
1,All Population,1,Deaths,90,Norway,3,Both,228,55+ years,697,Falls,2,Percent,1999,0.026085846966654867,0.029223035004023828,0.022167233012928455
1,All Population,1,Deaths,90,Norway,3,Both,228,55+ years,697,Falls,3,Rate,1999,98.67686724938987,111.18965499552368,83.77719839494152
1,All Population,1,Deaths,90,Norway,3,Both,228,55+ years,697,Falls,1,Number,2023,1529.6861165907885,1752.1250242740416,1227.423669787814
1,All Population,1,Deaths,90,Norway,3,Both,228,55+ years,697,Falls,2,Percent,2023,0.037462893999361854,0.042790365437189594,0.030214414060320657
1,All Population,1,Deaths,90,Norway,3,Both,228,55+ years,697,Falls,3,Rate,2023,90.96879119249176,104.19699423797769,72.99356796837519
1,All Population,1,Deaths,77,Cyprus,3,Both,228,55+ years,697,Falls,1,Number,2022,194.09650777412122,257.52520600761017,140.1608759343404
1,All Population,1,Deaths,77,Cyprus,3,Both,228,55+ years,697,Falls,2,Percent,2022,0.018656019453782837,0.024682448858862276,0.013759397975580833
1,All Population,1,Deaths,77,Cyprus,3,Both,228,55+ years,697,Falls,3,Rate,2022,56.682044589229726,75.20514087126782,40.93121051215028
1,All Population,1,Deaths,94,Switzerland,3,Both,228,55+ years,697,Falls,1,Number,2020,2207.7120911420916,2516.3369183681857,1832.513048650815
1,All Population,1,Deaths,94,Switzerland,3,Both,228,55+ years,697,Falls,2,Percent,2020,0.03056375826525237,0.034830245757394435,0.025346442826864345
1,All Population,1,Deaths,94,Switzerland,3,Both,228,55+ years,697,Falls,3,Rate,2020,78.46057097584891,89.42888530389848,65.1262547751217
1,All Population,1,Deaths,76,Belgium,3,Both,228,55+ years,697,Falls,1,Number,2021,2705.122126880111,3076.386838069546,2241.2716778514528
1,All Population,1,Deaths,76,Belgium,3,Both,228,55+ years,697,Falls,2,Percent,2021,0.025682328514234312,0.029224789140083533,0.02122489877410755
1,All Population,1,Deaths,76,Belgium,3,Both,228,55+ years,697,Falls,3,Rate,2021,72.08808882450023,81.9818245681407,59.727060078849036
1,All Population,1,Deaths,94,Switzerland,3,Both,228,55+ years,697,Falls,1,Number,2019,2199.1312472904374,2500.4267175747073,1783.6678884286857
1,All Population,1,Deaths,94,Switzerland,3,Both,228,55+ years,697,Falls,2,Percent,2019,0.034504593313436444,0.03895977483202154,0.027907368308969158
1,All Population,1,Deaths,94,Switzerland,3,Both,228,55+ years,697,Falls,3,Rate,2019,79.70211426820465,90.62182905588587,64.64466458526708
1,All Population,1,Deaths,94,Switzerland,3,Both,228,55+ years,697,Falls,1,Number,2022,2466.268720123589,2833.430195825222,1985.8266790519967
1,All Population,1,Deaths,94,Switzerland,3,Both,228,55+ years,697,Falls,2,Percent,2022,0.03490828064944384,0.04026959016697964,0.0282182922879391
1,All Population,1,Deaths,94,Switzerland,3,Both,228,55+ years,697,Falls,3,Rate,2022,84.23457776099931,96.77485434297805,67.82524160955583
1,All Population,1,Deaths,77,Cyprus,3,Both,228,55+ years,697,Falls,1,Number,2018,160.7598422649076,209.69309917048318,122.12915982777616
1,All Population,1,Deaths,77,Cyprus,3,Both,228,55+ years,697,Falls,2,Percent,2018,0.01899190945101312,0.02466497344399218,0.014184640028238023
1,All Population,1,Deaths,77,Cyprus,3,Both,228,55+ years,697,Falls,3,Rate,2018,51.44680801089308,67.10656381744867,39.08411049469428
1,All Population,1,Deaths,367,Monaco,3,Both,228,55+ years,697,Falls,1,Number,2023,5.815571889997042,8.258445719328485,4.041690126707779
1,All Population,1,Deaths,367,Monaco,3,Both,228,55+ years,697,Falls,2,Percent,2023,0.011250224909214877,0.016249828088428182,0.007800563125506376
1,All Population,1,Deaths,367,Monaco,3,Both,228,55+ years,697,Falls,3,Rate,2023,34.79474963727807,49.41054063682663,24.181559222428838
1,All Population,1,Deaths,396,San Marino,3,Both,228,55+ years,697,Falls,1,Number,2021,2.8849123165020005,3.908539725872873,2.068906295646076
1,All Population,1,Deaths,396,San Marino,3,Both,228,55+ years,697,Falls,2,Percent,2021,0.010193251212519823,0.013533153032414397,0.0073134369112099465
1,All Population,1,Deaths,396,San Marino,3,Both,228,55+ years,697,Falls,3,Rate,2021,22.564656388675647,30.571069835060918,16.18217628126279
1,All Population,1,Deaths,86,Italy,3,Both,228,55+ years,697,Falls,1,Number,2018,11708.242911532447,13598.012771345271,9047.969848282615
1,All Population,1,Deaths,86,Italy,3,Both,228,55+ years,697,Falls,2,Percent,2018,0.019437701615617756,0.022603475911397324,0.015017654160729857
1,All Population,1,Deaths,86,Italy,3,Both,228,55+ years,697,Falls,3,Rate,2018,54.24110566878992,62.995895557444975,41.91678395614078
1,All Population,1,Deaths,76,Belgium,3,Both,228,55+ years,697,Falls,1,Number,2023,2925.3411277432388,3352.5100749042017,2438.5740697277656
1,All Population,1,Deaths,76,Belgium,3,Both,228,55+ years,697,Falls,2,Percent,2023,0.027824301187321755,0.03181321398029632,0.02334863359446682
1,All Population,1,Deaths,76,Belgium,3,Both,228,55+ years,697,Falls,3,Rate,2023,75.89870750096395,86.98171271583834,63.26941438808782
1,All Population,1,Deaths,94,Switzerland,3,Both,228,55+ years,697,Falls,1,Number,2023,2424.0222199698696,2792.386318036116,1949.5883527680735
1,All Population,1,Deaths,94,Switzerland,3,Both,228,55+ years,697,Falls,2,Percent,2023,0.03565614884037246,0.04107586559406601,0.02868973548543768
1,All Population,1,Deaths,94,Switzerland,3,Both,228,55+ years,697,Falls,3,Rate,2023,81.2270263799764,93.57060972857913,65.32913075456682
1,All Population,1,Deaths,95,United Kingdom,3,Both,228,55+ years,697,Falls,1,Number,2020,10752.448269025936,12127.182121940396,9052.975234520916
1,All Population,1,Deaths,95,United Kingdom,3,Both,228,55+ years,697,Falls,2,Percent,2020,0.016906401894524605,0.019060531561462916,0.014237565088701588
1,All Population,1,Deaths,95,United Kingdom,3,Both,228,55+ years,697,Falls,3,Rate,2020,51.49857065692597,58.08282260471021,43.35898886520388
1,All Population,1,Deaths,95,United Kingdom,3,Both,228,55+ years,697,Falls,1,Number,2019,10140.109714889924,11465.279944609189,8389.113213733546
1,All Population,1,Deaths,95,United Kingdom,3,Both,228,55+ years,697,Falls,2,Percent,2019,0.018306213599012418,0.020701798034767436,0.015138437265418123
1,All Population,1,Deaths,95,United Kingdom,3,Both,228,55+ years,697,Falls,3,Rate,2019,49.455010216714676,55.91808695773041,40.91510756389016
1,All Population,1,Deaths,85,Israel,3,Both,228,55+ years,697,Falls,1,Number,2022,490.14186691089503,562.1148881656229,409.97847042285537
1,All Population,1,Deaths,85,Israel,3,Both,228,55+ years,697,Falls,2,Percent,2022,0.010369204796869133,0.011861934101626125,0.008723082692732916
1,All Population,1,Deaths,85,Israel,3,Both,228,55+ years,697,Falls,3,Rate,2022,24.443940744660406,28.033318403526252,20.446099617571832
1,All Population,1,Deaths,95,United Kingdom,3,Both,228,55+ years,697,Falls,1,Number,2022,12035.887110646052,13610.042096296802,10089.268934143562
1,All Population,1,Deaths,95,United Kingdom,3,Both,228,55+ years,697,Falls,2,Percent,2022,0.019893166296513002,0.022440508340718663,0.016660730471831857
1,All Population,1,Deaths,95,United Kingdom,3,Both,228,55+ years,697,Falls,3,Rate,2022,55.76440031720898,63.05773964269285,46.74537294836445
1,All Population,1,Deaths,396,San Marino,3,Both,228,55+ years,697,Falls,1,Number,2022,2.5236759886727644,3.5403889086767926,1.834515482268628
1,All Population,1,Deaths,396,San Marino,3,Both,228,55+ years,697,Falls,2,Percent,2022,0.008777898572029897,0.011885828508949413,0.006528226193313809
1,All Population,1,Deaths,396,San Marino,3,Both,228,55+ years,697,Falls,3,Rate,2022,19.340535655461313,27.132253993696782,14.059059980188623
1,All Population,1,Deaths,74,Andorra,3,Both,228,55+ years,697,Falls,1,Number,2014,12.077930229283966,16.218407732417965,8.785663540661506
1,All Population,1,Deaths,74,Andorra,3,Both,228,55+ years,697,Falls,2,Percent,2014,0.02934558815589138,0.039175719820869696,0.0209627665059741
1,All Population,1,Deaths,74,Andorra,3,Both,228,55+ years,697,Falls,3,Rate,2014,62.8290348486906,84.36767602281238,45.702761175646984
1,All Population,1,Deaths,86,Italy,3,Both,228,55+ years,697,Falls,1,Number,2021,13150.78559611267,15431.36729767805,10469.3325040393
1,All Population,1,Deaths,86,Italy,3,Both,228,55+ years,697,Falls,2,Percent,2021,0.019459862949335945,0.02283379999259274,0.01549106214027931
1,All Population,1,Deaths,86,Italy,3,Both,228,55+ years,697,Falls,3,Rate,2021,58.47914693665492,68.62047814855691,46.55521370627372
1,All Population,1,Deaths,77,Cyprus,3,Both,228,55+ years,697,Falls,1,Number,2023,183.85418359086094,240.68143415762006,134.5395188150644
1,All Population,1,Deaths,77,Cyprus,3,Both,228,55+ years,697,Falls,2,Percent,2023,0.019823911030965743,0.026005238954306873,0.014693802197816559
1,All Population,1,Deaths,77,Cyprus,3,Both,228,55+ years,697,Falls,3,Rate,2023,55.640240948770945,72.83801068256678,40.71602341484053
1,All Population,1,Deaths,91,Portugal,3,Both,228,55+ years,697,Falls,1,Number,2014,1030.403049637657,1158.7087142585503,886.7751321688137
1,All Population,1,Deaths,91,Portugal,3,Both,228,55+ years,697,Falls,2,Percent,2014,0.010547605752212976,0.0118881422534192,0.009053803879278427
1,All Population,1,Deaths,91,Portugal,3,Both,228,55+ years,697,Falls,3,Rate,2014,29.164785586055228,32.79638120241192,25.09950509351062
1,All Population,1,Deaths,75,Austria,3,Both,228,55+ years,697,Falls,1,Number,2014,1524.6167910311663,1681.298942801268,1310.6542423266103
1,All Population,1,Deaths,75,Austria,3,Both,228,55+ years,697,Falls,2,Percent,2014,0.020872308227859935,0.022984906575244376,0.017835072304453258
1,All Population,1,Deaths,75,Austria,3,Both,228,55+ years,697,Falls,3,Rate,2014,59.019714433775746,65.08506535260334,50.73697178109586
1,All Population,1,Deaths,92,Spain,3,Both,228,55+ years,697,Falls,1,Number,2014,4081.397852631129,4596.304502133776,3319.9630126718557
1,All Population,1,Deaths,92,Spain,3,Both,228,55+ years,697,Falls,2,Percent,2014,0.011066979207485722,0.012479292921538088,0.008999270890649703
1,All Population,1,Deaths,92,Spain,3,Both,228,55+ years,697,Falls,3,Rate,2014,29.45448910647198,33.1704493843578,23.959392816260944
1,All Population,1,Deaths,95,United Kingdom,3,Both,228,55+ years,697,Falls,1,Number,2023,12996.63124848159,14730.926554544518,10860.74957827876
1,All Population,1,Deaths,95,United Kingdom,3,Both,228,55+ years,697,Falls,2,Percent,2023,0.021040618607936164,0.023837484066715046,0.017603170817912323
1,All Population,1,Deaths,95,United Kingdom,3,Both,228,55+ years,697,Falls,3,Rate,2023,59.196088443283806,67.09532758931009,49.46773362299249
1,All Population,1,Deaths,77,Cyprus,3,Both,228,55+ years,697,Falls,1,Number,2021,191.28070728760719,246.46391725978938,141.42856153738802
1,All Population,1,Deaths,77,Cyprus,3,Both,228,55+ years,697,Falls,2,Percent,2021,0.018599036731638565,0.024155103961132306,0.01385114849648322
1,All Population,1,Deaths,77,Cyprus,3,Both,228,55+ years,697,Falls,3,Rate,2021,57.90882865680181,74.61514000584219,42.816457829864866
1,All Population,1,Deaths,95,United Kingdom,3,Both,228,55+ years,697,Falls,1,Number,2016,8921.355231730546,9955.405585908906,7520.61101823121
1,All Population,1,Deaths,95,United Kingdom,3,Both,228,55+ years,697,Falls,2,Percent,2016,0.01636264536163838,0.018257799762164226,0.013759538250770096
1,All Population,1,Deaths,95,United Kingdom,3,Both,228,55+ years,697,Falls,3,Rate,2016,45.992989853995,51.323913935920636,38.771619027914795
1,All Population,1,Deaths,93,Sweden,3,Both,228,55+ years,697,Falls,1,Number,2014,1937.9627603256667,2180.3324931093216,1594.7165507720813
1,All Population,1,Deaths,93,Sweden,3,Both,228,55+ years,697,Falls,2,Percent,2014,0.02296666667113814,0.025776526193243603,0.018843442628779555
1,All Population,1,Deaths,93,Sweden,3,Both,228,55+ years,697,Falls,3,Rate,2014,63.47784416496999,71.41664899802095,52.234836896554924
1,All Population,1,Deaths,94,Switzerland,3,Both,228,55+ years,697,Falls,1,Number,2018,2147.9659926611594,2430.6717952136073,1751.2405915632435
1,All Population,1,Deaths,94,Switzerland,3,Both,228,55+ years,697,Falls,2,Percent,2018,0.0340451342998015,0.03850153308714247,0.02768507555638802
1,All Population,1,Deaths,94,Switzerland,3,Both,228,55+ years,697,Falls,3,Rate,2018,79.65052409084068,90.13377448389117,64.9392175685019
1,All Population,1,Deaths,85,Israel,3,Both,228,55+ years,697,Falls,1,Number,2023,490.6308125467565,563.904592598373,407.3584506856411
1,All Population,1,Deaths,85,Israel,3,Both,228,55+ years,697,Falls,2,Percent,2023,0.010780755187056491,0.012427524327975843,0.00900230553121055
1,All Population,1,Deaths,85,Israel,3,Both,228,55+ years,697,Falls,3,Rate,2023,23.915771141640228,27.487497396053502,19.85666458378522
1,All Population,1,Deaths,396,San Marino,3,Both,228,55+ years,697,Falls,1,Number,2023,3.1667610318991306,4.49246262842693,2.17532596327595
1,All Population,1,Deaths,396,San Marino,3,Both,228,55+ years,697,Falls,2,Percent,2023,0.011835383681600434,0.01666581540762166,0.008695589711176422
1,All Population,1,Deaths,396,San Marino,3,Both,228,55+ years,697,Falls,3,Rate,2023,23.388547675081927,33.179698532691155,16.06616807786451
1,All Population,1,Deaths,83,Iceland,3,Both,228,55+ years,697,Falls,1,Number,2014,34.283699477834865,39.072323622432656,27.862376123290364
1,All Population,1,Deaths,83,Iceland,3,Both,228,55+ years,697,Falls,2,Percent,2014,0.01743145762676783,0.019847249064463102,0.014232222180364093
1,All Population,1,Deaths,83,Iceland,3,Both,228,55+ years,697,Falls,3,Rate,2014,42.649742556552454,48.606905583816435,34.66146264175616
1,All Population,1,Deaths,94,Switzerland,3,Both,228,55+ years,697,Falls,1,Number,2021,2189.3690573631643,2521.7699718344866,1794.9168201477876
1,All Population,1,Deaths,94,Switzerland,3,Both,228,55+ years,697,Falls,2,Percent,2021,0.032491154195187964,0.03741152904016805,0.02663347501642826
1,All Population,1,Deaths,94,Switzerland,3,Both,228,55+ years,697,Falls,3,Rate,2021,76.42554964584603,88.0288572315706,62.656181280639316
1,All Population,1,Deaths,84,Ireland,3,Both,228,55+ years,697,Falls,1,Number,2014,312.5814786787604,349.0303936650732,262.8350503815169
1,All Population,1,Deaths,84,Ireland,3,Both,228,55+ years,697,Falls,2,Percent,2014,0.011877227188105098,0.013298561581455103,0.0099698555418118
1,All Population,1,Deaths,84,Ireland,3,Both,228,55+ years,697,Falls,3,Rate,2014,28.53646163871533,31.863987852604165,23.994967213748765
1,All Population,1,Deaths,86,Italy,3,Both,228,55+ years,697,Falls,1,Number,2023,13399.374721025868,15523.805451127593,10498.720087602995
1,All Population,1,Deaths,86,Italy,3,Both,228,55+ years,697,Falls,2,Percent,2023,0.0209094508276492,0.024218697493134194,0.016397837231121308
1,All Population,1,Deaths,86,Italy,3,Both,228,55+ years,697,Falls,3,Rate,2023,58.00536324438479,67.20193985730079,45.448544052353135
1,All Population,1,Deaths,95,United Kingdom,3,Both,228,55+ years,697,Falls,1,Number,2018,9989.945771795841,11210.31290571115,8254.456162009546
1,All Population,1,Deaths,95,United Kingdom,3,Both,228,55+ years,697,Falls,2,Percent,2018,0.017734519724155996,0.019927689896220287,0.01465045474337483
1,All Population,1,Deaths,95,United Kingdom,3,Both,228,55+ years,697,Falls,3,Rate,2018,49.612432409891625,55.67306410196361,40.993580723361035
1,All Population,1,Deaths,95,United Kingdom,3,Both,228,55+ years,697,Falls,1,Number,2021,10762.285220842756,12153.877585046263,9085.561903212503
1,All Population,1,Deaths,95,United Kingdom,3,Both,228,55+ years,697,Falls,2,Percent,2021,0.017632858337455842,0.019906476585160007,0.014883605455891636
1,All Population,1,Deaths,95,United Kingdom,3,Both,228,55+ years,697,Falls,3,Rate,2021,50.77918209272299,57.34506662474424,42.86797764887771
1,All Population,1,Deaths,92,Spain,3,Both,228,55+ years,697,Falls,1,Number,2015,4453.221862553974,5051.956717845025,3598.2877320638895
1,All Population,1,Deaths,92,Spain,3,Both,228,55+ years,697,Falls,2,Percent,2015,0.011304714904472681,0.012788318900068147,0.009136187649302243
1,All Population,1,Deaths,92,Spain,3,Both,228,55+ years,697,Falls,3,Rate,2015,31.550418166912007,35.792366050618945,25.493336315917546
1,All Population,1,Deaths,74,Andorra,3,Both,228,55+ years,697,Falls,1,Number,2015,12.712644073786926,17.190924043126714,9.197387460102227
1,All Population,1,Deaths,74,Andorra,3,Both,228,55+ years,697,Falls,2,Percent,2015,0.029885632848226845,0.0402663057334673,0.021425236600670406
1,All Population,1,Deaths,74,Andorra,3,Both,228,55+ years,697,Falls,3,Rate,2015,63.356579668802425,85.67518624740684,45.83743617603128
1,All Population,1,Deaths,75,Austria,3,Both,228,55+ years,697,Falls,1,Number,2015,1622.7722767343666,1789.0096711837455,1387.9031589815827
1,All Population,1,Deaths,75,Austria,3,Both,228,55+ years,697,Falls,2,Percent,2015,0.021190460512964727,0.02336827867673805,0.018081042024030623
1,All Population,1,Deaths,75,Austria,3,Both,228,55+ years,697,Falls,3,Rate,2015,61.517748153212445,67.81964911122166,52.614084070437336
1,All Population,1,Deaths,93,Sweden,3,Both,228,55+ years,697,Falls,1,Number,2015,2023.123711176795,2282.279578726872,1646.2107416569972
1,All Population,1,Deaths,93,Sweden,3,Both,228,55+ years,697,Falls,2,Percent,2015,0.02358742256600033,0.026556253584913078,0.019297339274854594
1,All Population,1,Deaths,93,Sweden,3,Both,228,55+ years,697,Falls,3,Rate,2015,65.51596523553783,73.90835701820366,53.3101782777454
1,All Population,1,Deaths,83,Iceland,3,Both,228,55+ years,697,Falls,1,Number,2015,36.793930643984474,41.76489064632195,29.712936631857517
1,All Population,1,Deaths,83,Iceland,3,Both,228,55+ years,697,Falls,2,Percent,2015,0.018111241414103647,0.020536648605313557,0.014678832389277361
1,All Population,1,Deaths,83,Iceland,3,Both,228,55+ years,697,Falls,3,Rate,2015,44.387306509920705,50.38415222361405,35.844966887323736
1,All Population,1,Deaths,84,Ireland,3,Both,228,55+ years,697,Falls,1,Number,2015,323.0422243439364,361.1095471001056,270.78990964196385
1,All Population,1,Deaths,84,Ireland,3,Both,228,55+ years,697,Falls,2,Percent,2015,0.011824006849925907,0.013204753043926017,0.009900090461513147
1,All Population,1,Deaths,84,Ireland,3,Both,228,55+ years,697,Falls,3,Rate,2015,28.633990980554724,32.00822287444324,24.002422116985873
1,All Population,1,Deaths,91,Portugal,3,Both,228,55+ years,697,Falls,1,Number,2015,1186.2650176603352,1342.3196447788048,1019.0905698191928
1,All Population,1,Deaths,91,Portugal,3,Both,228,55+ years,697,Falls,2,Percent,2015,0.01174327152682191,0.01322034061532071,0.010101618459062248
1,All Population,1,Deaths,91,Portugal,3,Both,228,55+ years,697,Falls,3,Rate,2015,33.04645643980739,37.393758569201815,28.389383166815527
1,All Population,1,Deaths,93,Sweden,3,Both,228,55+ years,697,Falls,1,Number,2016,2020.0999264703753,2288.943298813339,1668.770984963209
1,All Population,1,Deaths,93,Sweden,3,Both,228,55+ years,697,Falls,2,Percent,2016,0.023401694182621,0.026496684189227036,0.019377449124043357
1,All Population,1,Deaths,93,Sweden,3,Both,228,55+ years,697,Falls,3,Rate,2016,64.70594484775962,73.31728342342322,53.45250593877214
1,All Population,1,Deaths,74,Andorra,3,Both,228,55+ years,697,Falls,1,Number,2016,12.8915726081018,17.44412787948039,9.294504112617462
1,All Population,1,Deaths,74,Andorra,3,Both,228,55+ years,697,Falls,2,Percent,2016,0.03006452394370558,0.040607688951210655,0.021469172462742776
1,All Population,1,Deaths,74,Andorra,3,Both,228,55+ years,697,Falls,3,Rate,2016,61.84754586723793,83.6885096905943,44.590546622456
1,All Population,1,Deaths,83,Iceland,3,Both,228,55+ years,697,Falls,1,Number,2016,39.88286132711023,45.34067562552397,32.153997543155384
1,All Population,1,Deaths,83,Iceland,3,Both,228,55+ years,697,Falls,2,Percent,2016,0.019240429424454388,0.021795940934234998,0.01560306256793628
1,All Population,1,Deaths,83,Iceland,3,Both,228,55+ years,697,Falls,3,Rate,2016,46.70139817168413,53.09230269096625,37.65117627238849
1,All Population,1,Deaths,75,Austria,3,Both,228,55+ years,697,Falls,1,Number,2016,1615.8047544050646,1781.2254678117222,1382.8243277581473
1,All Population,1,Deaths,75,Austria,3,Both,228,55+ years,697,Falls,2,Percent,2016,0.02130978775525489,0.023503386777234236,0.018252359069721513
1,All Population,1,Deaths,75,Austria,3,Both,228,55+ years,697,Falls,3,Rate,2016,60.09038220762773,66.24223555907075,51.42604151550972
1,All Population,1,Deaths,84,Ireland,3,Both,228,55+ years,697,Falls,1,Number,2016,334.83340168919375,375.4044836461221,280.6004168879975
1,All Population,1,Deaths,84,Ireland,3,Both,228,55+ years,697,Falls,2,Percent,2016,0.012046619228964791,0.01347219582395791,0.010110719626942077
1,All Population,1,Deaths,84,Ireland,3,Both,228,55+ years,697,Falls,3,Rate,2016,28.84625585911333,32.34149798461954,24.174026184037867
1,All Population,1,Deaths,74,Andorra,3,Both,228,55+ years,697,Falls,1,Number,2017,13.625829741814977,18.36818712555766,9.758376061441222
1,All Population,1,Deaths,74,Andorra,3,Both,228,55+ years,697,Falls,2,Percent,2017,0.030531709840762453,0.04100945789779489,0.0217142915555867
1,All Population,1,Deaths,74,Andorra,3,Both,228,55+ years,697,Falls,3,Rate,2017,62.067312217038555,83.66932706375633,44.45059018153201
1,All Population,1,Deaths,83,Iceland,3,Both,228,55+ years,697,Falls,1,Number,2017,40.55617521943936,46.30941898536738,32.63876772183609
1,All Population,1,Deaths,83,Iceland,3,Both,228,55+ years,697,Falls,2,Percent,2017,0.019820947114118102,0.022619505021481787,0.015934016345765002
1,All Population,1,Deaths,83,Iceland,3,Both,228,55+ years,697,Falls,3,Rate,2017,46.4373120764611,53.02484590490499,37.37178455042144
1,All Population,1,Deaths,75,Austria,3,Both,228,55+ years,697,Falls,1,Number,2017,1704.6086071064265,1883.1996707172768,1446.4319054796167
1,All Population,1,Deaths,75,Austria,3,Both,228,55+ years,697,Falls,2,Percent,2017,0.021947103057460688,0.024288936061705405,0.01872818013794498
1,All Population,1,Deaths,75,Austria,3,Both,228,55+ years,697,Falls,3,Rate,2017,61.94470673858491,68.43462531308113,52.56268203078093
1,All Population,1,Deaths,91,Portugal,3,Both,228,55+ years,697,Falls,1,Number,2016,1324.7784951822775,1491.844955569528,1136.8644707984483
1,All Population,1,Deaths,91,Portugal,3,Both,228,55+ years,697,Falls,2,Percent,2016,0.012839581818005742,0.014449215654484846,0.011032048133755636
1,All Population,1,Deaths,91,Portugal,3,Both,228,55+ years,697,Falls,3,Rate,2016,36.3547101188061,40.93936541026881,31.197953794200707
1,All Population,1,Deaths,92,Spain,3,Both,228,55+ years,697,Falls,1,Number,2016,4512.040222557112,5145.9999187000485,3621.2601483477683
1,All Population,1,Deaths,92,Spain,3,Both,228,55+ years,697,Falls,2,Percent,2016,0.011756106803336032,0.013390973025493422,0.009449564990532896
1,All Population,1,Deaths,92,Spain,3,Both,228,55+ years,697,Falls,3,Rate,2016,31.49290006011927,35.91777846722227,25.275480341125327
1,All Population,1,Deaths,84,Ireland,3,Both,228,55+ years,697,Falls,1,Number,2017,354.7460989874525,396.2681130447554,299.4056930142047
1,All Population,1,Deaths,84,Ireland,3,Both,228,55+ years,697,Falls,2,Percent,2017,0.012673601874619841,0.014155669853356962,0.010667026053007102
1,All Population,1,Deaths,84,Ireland,3,Both,228,55+ years,697,Falls,3,Rate,2017,29.73089558604129,33.21081169500878,25.092874656773905
1,All Population,1,Deaths,83,Iceland,3,Both,228,55+ years,697,Falls,1,Number,2018,41.998126133838504,48.593704151325376,33.753081965054584
1,All Population,1,Deaths,83,Iceland,3,Both,228,55+ years,697,Falls,2,Percent,2018,0.020620418432517326,0.023631396698916986,0.016517908851994438
1,All Population,1,Deaths,83,Iceland,3,Both,228,55+ years,697,Falls,3,Rate,2018,46.797606259426374,54.14691661037058,37.61033134690486
1,All Population,1,Deaths,74,Andorra,3,Both,228,55+ years,697,Falls,1,Number,2018,14.398474266417958,19.496966006328186,10.326808081091821
1,All Population,1,Deaths,74,Andorra,3,Both,228,55+ years,697,Falls,2,Percent,2018,0.031022494573034548,0.04160935521506958,0.021939505030415356
1,All Population,1,Deaths,74,Andorra,3,Both,228,55+ years,697,Falls,3,Rate,2018,63.04421033179173,85.36813019151502,45.216281161043156
1,All Population,1,Deaths,83,Iceland,3,Both,228,55+ years,697,Falls,1,Number,2019,43.835549354589894,50.98168782182582,35.375305898104656
1,All Population,1,Deaths,83,Iceland,3,Both,228,55+ years,697,Falls,2,Percent,2019,0.021097167762312873,0.024415509221914183,0.01689357113999473
1,All Population,1,Deaths,83,Iceland,3,Both,228,55+ years,697,Falls,3,Rate,2019,47.35883352107398,55.079343175253385,38.21859763256247
1,All Population,1,Deaths,74,Andorra,3,Both,228,55+ years,697,Falls,1,Number,2019,15.332776905919077,20.809724087071,11.094421078690946
1,All Population,1,Deaths,74,Andorra,3,Both,228,55+ years,697,Falls,2,Percent,2019,0.031808989412654795,0.04311698251958236,0.02282175805405101
1,All Population,1,Deaths,74,Andorra,3,Both,228,55+ years,697,Falls,3,Rate,2019,64.55621275907443,87.61602571181906,46.7112912415914
1,All Population,1,Deaths,75,Austria,3,Both,228,55+ years,697,Falls,1,Number,2019,1911.3225564700094,2127.7694483610594,1617.8083186481692
1,All Population,1,Deaths,75,Austria,3,Both,228,55+ years,697,Falls,2,Percent,2019,0.02435983557399897,0.027175305178439756,0.020706920090831585
1,All Population,1,Deaths,75,Austria,3,Both,228,55+ years,697,Falls,3,Rate,2019,66.38358611812669,73.90116646541637,56.1893216192406
1,All Population,1,Deaths,84,Ireland,3,Both,228,55+ years,697,Falls,1,Number,2019,392.33492516043515,443.4664541572721,327.7485231201667
1,All Population,1,Deaths,84,Ireland,3,Both,228,55+ years,697,Falls,2,Percent,2019,0.013826556775650391,0.015623917028423421,0.011612014343983476
1,All Population,1,Deaths,84,Ireland,3,Both,228,55+ years,697,Falls,3,Rate,2019,31.06033634855037,35.1083126739004,25.94716583462505
1,All Population,1,Deaths,75,Austria,3,Both,228,55+ years,697,Falls,1,Number,2018,1790.1736696390565,1979.8535073093506,1524.1960137027797
1,All Population,1,Deaths,75,Austria,3,Both,228,55+ years,697,Falls,2,Percent,2018,0.02278439706550536,0.02524984176058406,0.019459704018792916
1,All Population,1,Deaths,75,Austria,3,Both,228,55+ years,697,Falls,3,Rate,2018,63.598574667246616,70.3372322196045,54.14932396170297
1,All Population,1,Deaths,84,Ireland,3,Both,228,55+ years,697,Falls,1,Number,2018,369.84225750349026,413.52840904831294,312.28889236322516
1,All Population,1,Deaths,84,Ireland,3,Both,228,55+ years,697,Falls,2,Percent,2018,0.013107185527634074,0.01467536371357699,0.011052780884547647
1,All Population,1,Deaths,84,Ireland,3,Both,228,55+ years,697,Falls,3,Rate,2018,30.140513413772315,33.70074215972731,25.450167898018133
1,All Population,1,Deaths,91,Portugal,3,Both,228,55+ years,697,Falls,1,Number,2017,1405.2056347282316,1583.8426225944775,1208.6242036059928
1,All Population,1,Deaths,91,Portugal,3,Both,228,55+ years,697,Falls,2,Percent,2017,0.013638589031507333,0.015389151928407585,0.011671540899284962
1,All Population,1,Deaths,91,Portugal,3,Both,228,55+ years,697,Falls,3,Rate,2017,38.0188728476572,42.85202805265236,32.70021752110613
1,All Population,1,Deaths,92,Spain,3,Both,228,55+ years,697,Falls,1,Number,2017,4524.573271185246,5163.901049015308,3638.5003691841434
1,All Population,1,Deaths,92,Spain,3,Both,228,55+ years,697,Falls,2,Percent,2017,0.011430415848250386,0.013053834664206367,0.009217632091652994
1,All Population,1,Deaths,92,Spain,3,Both,228,55+ years,697,Falls,3,Rate,2017,31.00661876190763,35.38789219543108,24.93441636382195
1,All Population,1,Deaths,91,Portugal,3,Both,228,55+ years,697,Falls,1,Number,2019,1487.093504455229,1684.8821264487844,1280.6692933434945
1,All Population,1,Deaths,91,Portugal,3,Both,228,55+ years,697,Falls,2,Percent,2019,0.014090349521024267,0.015938172469975583,0.012118691344337986
1,All Population,1,Deaths,91,Portugal,3,Both,228,55+ years,697,Falls,3,Rate,2019,39.14360950734599,44.349846076275135,33.71006502045798
1,All Population,1,Deaths,91,Portugal,3,Both,228,55+ years,697,Falls,1,Number,2018,1476.1851068057365,1664.8580238935654,1270.1947032190076
1,All Population,1,Deaths,91,Portugal,3,Both,228,55+ years,697,Falls,2,Percent,2018,0.013965819980389264,0.015772875171408327,0.012095235536071612
1,All Population,1,Deaths,91,Portugal,3,Both,228,55+ years,697,Falls,3,Rate,2018,39.36084220465207,44.39159673777089,33.8683360590005
1,All Population,1,Deaths,92,Spain,3,Both,228,55+ years,697,Falls,1,Number,2019,4719.578684129616,5444.29480909804,3798.5728540647915
1,All Population,1,Deaths,92,Spain,3,Both,228,55+ years,697,Falls,2,Percent,2019,0.011978019390547667,0.01380387154122941,0.009669347213832799
1,All Population,1,Deaths,92,Spain,3,Both,228,55+ years,697,Falls,3,Rate,2019,31.192838083008652,35.982662398959135,25.105687586434794
1,All Population,1,Deaths,93,Sweden,3,Both,228,55+ years,697,Falls,1,Number,2017,2062.2807367691466,2334.7981639044497,1710.2444942226532
1,All Population,1,Deaths,93,Sweden,3,Both,228,55+ years,697,Falls,2,Percent,2017,0.0236329153631147,0.02670885005776363,0.019551610933107318
1,All Population,1,Deaths,93,Sweden,3,Both,228,55+ years,697,Falls,3,Rate,2017,65.26048758461285,73.88425051517117,54.12036663675822
1,All Population,1,Deaths,93,Sweden,3,Both,228,55+ years,697,Falls,1,Number,2019,2095.816111440921,2380.737467901671,1716.4320501561247
1,All Population,1,Deaths,93,Sweden,3,Both,228,55+ years,697,Falls,2,Percent,2019,0.0247721181323294,0.028190569463354267,0.0202813891799668
1,All Population,1,Deaths,93,Sweden,3,Both,228,55+ years,697,Falls,3,Rate,2019,64.47603360257114,73.24140135261825,52.80459957257847
1,All Population,1,Deaths,92,Spain,3,Both,228,55+ years,697,Falls,1,Number,2018,4667.434991912797,5330.259547836324,3744.5070234245077
1,All Population,1,Deaths,92,Spain,3,Both,228,55+ years,697,Falls,2,Percent,2018,0.011631200415381905,0.013289001095912521,0.009363007289600494
1,All Population,1,Deaths,92,Spain,3,Both,228,55+ years,697,Falls,3,Rate,2018,31.421089226147085,35.88321232995903,25.207954582081523
1,All Population,1,Deaths,93,Sweden,3,Both,228,55+ years,697,Falls,1,Number,2018,2097.3267358869816,2366.595127214601,1723.5586465492986
1,All Population,1,Deaths,93,Sweden,3,Both,228,55+ years,697,Falls,2,Percent,2018,0.024135649948177643,0.027403014420401772,0.01983364691887895
1,All Population,1,Deaths,93,Sweden,3,Both,228,55+ years,697,Falls,3,Rate,2018,65.50641307651392,73.91655069071626,53.83240614377006
1,All Population,1,Deaths,83,Iceland,3,Both,228,55+ years,697,Falls,1,Number,2020,44.78028371420099,51.85423931134941,36.48118574660242
1,All Population,1,Deaths,83,Iceland,3,Both,228,55+ years,697,Falls,2,Percent,2020,0.021171163121039605,0.02436905203010244,0.01714912858907756
1,All Population,1,Deaths,83,Iceland,3,Both,228,55+ years,697,Falls,3,Rate,2020,47.24779267775365,54.71154144716378,38.49139303794713
1,All Population,1,Deaths,84,Ireland,3,Both,228,55+ years,697,Falls,1,Number,2020,414.31660416702,469.094134428605,356.4275519483021
1,All Population,1,Deaths,84,Ireland,3,Both,228,55+ years,697,Falls,2,Percent,2020,0.013860264299164754,0.0156636069900416,0.011882756651476508
1,All Population,1,Deaths,84,Ireland,3,Both,228,55+ years,697,Falls,3,Rate,2020,31.924767081146392,36.14559694240048,27.464181890875125
1,All Population,1,Deaths,74,Andorra,3,Both,228,55+ years,697,Falls,1,Number,2020,16.020990186793817,21.475704092879354,11.683493985682993
1,All Population,1,Deaths,74,Andorra,3,Both,228,55+ years,697,Falls,2,Percent,2020,0.027696785973006992,0.037371995900260475,0.020569234181867194
1,All Population,1,Deaths,74,Andorra,3,Both,228,55+ years,697,Falls,3,Rate,2020,64.77707650709462,86.83191930389476,47.23943869615622
1,All Population,1,Deaths,75,Austria,3,Both,228,55+ years,697,Falls,1,Number,2020,2110.754089271222,2351.018466493374,1831.921139604918
1,All Population,1,Deaths,75,Austria,3,Both,228,55+ years,697,Falls,2,Percent,2020,0.02440130180675475,0.027196160985349282,0.021190763777140822
1,All Population,1,Deaths,75,Austria,3,Both,228,55+ years,697,Falls,3,Rate,2020,71.75192615926457,79.91935406608326,62.27341735669042
1,All Population,1,Deaths,91,Portugal,3,Both,228,55+ years,697,Falls,1,Number,2020,1519.8340864617726,1715.9184813919385,1315.3103076898194
1,All Population,1,Deaths,91,Portugal,3,Both,228,55+ years,697,Falls,2,Percent,2020,0.013063395684371553,0.01472955536213728,0.011320151125114572
1,All Population,1,Deaths,91,Portugal,3,Both,228,55+ years,697,Falls,3,Rate,2020,39.49280513872472,44.588047355426056,34.17826599710007
1,All Population,1,Deaths,84,Ireland,3,Both,228,55+ years,697,Falls,1,Number,2021,407.16940161716377,460.7061408797971,351.38017734166135
1,All Population,1,Deaths,84,Ireland,3,Both,228,55+ years,697,Falls,2,Percent,2021,0.013439650742916401,0.015246769917868518,0.011580131031832768
1,All Population,1,Deaths,84,Ireland,3,Both,228,55+ years,697,Falls,3,Rate,2021,30.56700716544086,34.58611539448677,26.378800459802715
1,All Population,1,Deaths,92,Spain,3,Both,228,55+ years,697,Falls,1,Number,2020,4976.653025200714,5747.075588465467,4101.257120417066
1,All Population,1,Deaths,92,Spain,3,Both,228,55+ years,697,Falls,2,Percent,2020,0.010669854942581455,0.01232032009000239,0.008793652058967708
1,All Population,1,Deaths,92,Spain,3,Both,228,55+ years,697,Falls,3,Rate,2020,32.23781621699958,37.2284677408633,26.56716725822652
1,All Population,1,Deaths,74,Andorra,3,Both,228,55+ years,697,Falls,1,Number,2022,17.90019690159046,24.922800431437924,12.988783065614918
1,All Population,1,Deaths,74,Andorra,3,Both,228,55+ years,697,Falls,2,Percent,2022,0.029839479034674817,0.04023539667860159,0.021844372578828684
1,All Population,1,Deaths,74,Andorra,3,Both,228,55+ years,697,Falls,3,Rate,2022,66.6676185365427,92.82265224009093,48.375514494780845
1,All Population,1,Deaths,74,Andorra,3,Both,228,55+ years,697,Falls,1,Number,2021,16.70931016062944,22.597136262570253,12.027613202462135
1,All Population,1,Deaths,74,Andorra,3,Both,228,55+ years,697,Falls,2,Percent,2021,0.029893091094659454,0.04020330328284144,0.021682841440286815
1,All Population,1,Deaths,74,Andorra,3,Both,228,55+ years,697,Falls,3,Rate,2021,64.95656713865421,87.84518239654652,46.75671568682308
1,All Population,1,Deaths,91,Portugal,3,Both,228,55+ years,697,Falls,1,Number,2021,1468.9573855368203,1644.8929757844903,1276.9009822428945
1,All Population,1,Deaths,91,Portugal,3,Both,228,55+ years,697,Falls,2,Percent,2021,0.012510677622007731,0.013987462531013616,0.010871742293316278
1,All Population,1,Deaths,91,Portugal,3,Both,228,55+ years,697,Falls,3,Rate,2021,37.825025274022636,42.35529157939014,32.87965491804335
1,All Population,1,Deaths,93,Sweden,3,Both,228,55+ years,697,Falls,1,Number,2020,2159.150076565909,2456.354771052731,1802.0344372005725
1,All Population,1,Deaths,93,Sweden,3,Both,228,55+ years,697,Falls,2,Percent,2020,0.023010777470105704,0.0261860685857258,0.019222387082156372
1,All Population,1,Deaths,93,Sweden,3,Both,228,55+ years,697,Falls,3,Rate,2020,65.43570891217269,74.44286412886908,54.612878540575224
1,All Population,1,Deaths,91,Portugal,3,Both,228,55+ years,697,Falls,1,Number,2022,1581.8107390412981,1785.426195698867,1357.1105716691523
1,All Population,1,Deaths,91,Portugal,3,Both,228,55+ years,697,Falls,2,Percent,2022,0.013312175217436583,0.014934853164606474,0.011391858263687615
1,All Population,1,Deaths,91,Portugal,3,Both,228,55+ years,697,Falls,3,Rate,2022,40.23035072671501,45.408922999956054,34.5155288971377
1,All Population,1,Deaths,75,Austria,3,Both,228,55+ years,697,Falls,1,Number,2022,2155.1828385700246,2405.4082686108554,1837.4232814117292
1,All Population,1,Deaths,75,Austria,3,Both,228,55+ years,697,Falls,2,Percent,2022,0.024757460598678175,0.027596553219803383,0.02124073284395361
1,All Population,1,Deaths,75,Austria,3,Both,228,55+ years,697,Falls,3,Rate,2022,70.41649686580872,78.59213648899107,60.034308190084
1,All Population,1,Deaths,74,Andorra,3,Both,228,55+ years,697,Falls,1,Number,2023,18.723033565840634,25.922958170001007,13.364586794399013
1,All Population,1,Deaths,74,Andorra,3,Both,228,55+ years,697,Falls,2,Percent,2023,0.03172079512197599,0.04419117099315935,0.02291874045261165
1,All Population,1,Deaths,74,Andorra,3,Both,228,55+ years,697,Falls,3,Rate,2023,66.81105539603982,92.50318268322775,47.69003620731827
1,All Population,1,Deaths,75,Austria,3,Both,228,55+ years,697,Falls,1,Number,2021,2023.8130319911318,2254.368429383095,1748.3775306242278
1,All Population,1,Deaths,75,Austria,3,Both,228,55+ years,697,Falls,2,Percent,2021,0.023355450796836354,0.026024590839876287,0.020177898613513684
1,All Population,1,Deaths,75,Austria,3,Both,228,55+ years,697,Falls,3,Rate,2021,67.52211655800171,75.21432338229542,58.332538403536546
1,All Population,1,Deaths,92,Spain,3,Both,228,55+ years,697,Falls,1,Number,2021,4873.441220111756,5610.105921011865,3974.7339686580294
1,All Population,1,Deaths,92,Spain,3,Both,228,55+ years,697,Falls,2,Percent,2021,0.011532381059284409,0.013282505461840333,0.009398148510693993
1,All Population,1,Deaths,92,Spain,3,Both,228,55+ years,697,Falls,3,Rate,2021,31.045474619042775,35.73827878792425,25.32040440586056
1,All Population,1,Deaths,92,Spain,3,Both,228,55+ years,697,Falls,1,Number,2022,5243.819926415516,5992.709464159093,4316.637385501098
1,All Population,1,Deaths,92,Spain,3,Both,228,55+ years,697,Falls,2,Percent,2022,0.011770055181819748,0.013443752186839351,0.009683666535391015
1,All Population,1,Deaths,92,Spain,3,Both,228,55+ years,697,Falls,3,Rate,2022,32.69532858718116,37.36467075674832,26.914325757014122
1,All Population,1,Deaths,75,Austria,3,Both,228,55+ years,697,Falls,1,Number,2023,2153.174951885089,2425.949925772121,1856.6170592930619
1,All Population,1,Deaths,75,Austria,3,Both,228,55+ years,697,Falls,2,Percent,2023,0.025805059039609363,0.028997301665567837,0.022207421476885786
1,All Population,1,Deaths,75,Austria,3,Both,228,55+ years,697,Falls,3,Rate,2023,69.01987027381455,77.76365270317228,59.513728073220186
1,All Population,1,Deaths,83,Iceland,3,Both,228,55+ years,697,Falls,1,Number,2022,63.00737240778831,72.87439591080678,51.64956406164123
1,All Population,1,Deaths,83,Iceland,3,Both,228,55+ years,697,Falls,2,Percent,2022,0.026003247433208695,0.029543555255418325,0.021371579626734857
1,All Population,1,Deaths,83,Iceland,3,Both,228,55+ years,697,Falls,3,Rate,2022,63.09796069605196,72.97917042419353,51.723822762156836
1,All Population,1,Deaths,93,Sweden,3,Both,228,55+ years,697,Falls,1,Number,2022,2368.97583277143,2702.9828820750686,1950.3865690245632
1,All Population,1,Deaths,93,Sweden,3,Both,228,55+ years,697,Falls,2,Percent,2022,0.026214937845067135,0.02986904172878861,0.021620073675151622
1,All Population,1,Deaths,93,Sweden,3,Both,228,55+ years,697,Falls,3,Rate,2022,69.6949456552213,79.52138745663245,57.38010664963837
1,All Population,1,Deaths,83,Iceland,3,Both,228,55+ years,697,Falls,1,Number,2021,48.27004662703003,55.77773806521798,39.127119671714674
1,All Population,1,Deaths,83,Iceland,3,Both,228,55+ years,697,Falls,2,Percent,2021,0.02251259748502519,0.025977043897296756,0.018414769852462997
1,All Population,1,Deaths,83,Iceland,3,Both,228,55+ years,697,Falls,3,Rate,2021,49.663527847660475,57.38795466856396,40.25665880187506
1,All Population,1,Deaths,93,Sweden,3,Both,228,55+ years,697,Falls,1,Number,2021,2185.0031384567933,2493.5875974254,1801.293489032435
1,All Population,1,Deaths,93,Sweden,3,Both,228,55+ years,697,Falls,2,Percent,2021,0.024987313005929414,0.02849451753693686,0.020590937227817022
1,All Population,1,Deaths,93,Sweden,3,Both,228,55+ years,697,Falls,3,Rate,2021,65.34454243789314,74.57304647061042,53.86935000940644
1,All Population,1,Deaths,84,Ireland,3,Both,228,55+ years,697,Falls,1,Number,2022,459.82225838049186,518.7992698598688,399.3413537468741
1,All Population,1,Deaths,84,Ireland,3,Both,228,55+ years,697,Falls,2,Percent,2022,0.014141401477330645,0.015923331145261992,0.012227767385570746
1,All Population,1,Deaths,84,Ireland,3,Both,228,55+ years,697,Falls,3,Rate,2022,33.59146823135928,37.89992518702639,29.173147131029005
1,All Population,1,Deaths,83,Iceland,3,Both,228,55+ years,697,Falls,1,Number,2023,64.0231072054545,73.70315088705348,51.815213116248685
1,All Population,1,Deaths,83,Iceland,3,Both,228,55+ years,697,Falls,2,Percent,2023,0.027334026742085234,0.031157535108448178,0.02233137035374406
1,All Population,1,Deaths,83,Iceland,3,Both,228,55+ years,697,Falls,3,Rate,2023,62.68208533487198,72.15937174879316,50.72989662583216
1,All Population,1,Deaths,84,Ireland,3,Both,228,55+ years,697,Falls,1,Number,2023,511.25970425307753,585.0360949461731,437.28719453763966
1,All Population,1,Deaths,84,Ireland,3,Both,228,55+ years,697,Falls,2,Percent,2023,0.015572777067537295,0.017712367580475973,0.013265500745074767
1,All Population,1,Deaths,84,Ireland,3,Both,228,55+ years,697,Falls,3,Rate,2023,36.31637092307401,41.55693799199723,31.06187290848624
1,All Population,1,Deaths,91,Portugal,3,Both,228,55+ years,697,Falls,1,Number,2023,1556.6708322856966,1777.4149425390115,1296.7971139147335
1,All Population,1,Deaths,91,Portugal,3,Both,228,55+ years,697,Falls,2,Percent,2023,0.01382915776971272,0.015676487499361964,0.011543512644047323
1,All Population,1,Deaths,91,Portugal,3,Both,228,55+ years,697,Falls,3,Rate,2023,39.22443712408428,44.786668582118025,32.67623173921392
1,All Population,1,Deaths,92,Spain,3,Both,228,55+ years,697,Falls,1,Number,2023,5146.434934121327,5864.015031137094,4200.55451032255
1,All Population,1,Deaths,92,Spain,3,Both,228,55+ years,697,Falls,2,Percent,2023,0.012335153115602626,0.014058632617674456,0.010065934694846047
1,All Population,1,Deaths,92,Spain,3,Both,228,55+ years,697,Falls,3,Rate,2023,31.478769908123052,35.86793231933787,25.6931819035128
1,All Population,1,Deaths,93,Sweden,3,Both,228,55+ years,697,Falls,1,Number,2023,2444.5667015701843,2782.428764663155,2008.5786038386448
1,All Population,1,Deaths,93,Sweden,3,Both,228,55+ years,697,Falls,2,Percent,2023,0.027165947766928225,0.030880568562556006,0.022462249173174024
1,All Population,1,Deaths,93,Sweden,3,Both,228,55+ years,697,Falls,3,Rate,2023,70.9516126266405,80.75779145023833,58.29740335503228
1,All Population,2,DALYs (Disability-Adjusted Life Years),73,Western Europe,3,Both,228,55+ years,697,Falls,1,Number,1990,2316937.925091276,2926095.485502977,1847706.6084848999
1,All Population,2,DALYs (Disability-Adjusted Life Years),73,Western Europe,3,Both,228,55+ years,697,Falls,2,Percent,1990,0.029390951058352075,0.03482124794542322,0.025192398444377245
1,All Population,2,DALYs (Disability-Adjusted Life Years),73,Western Europe,3,Both,228,55+ years,697,Falls,3,Rate,1990,2378.67052207046,3004.058503576516,1896.936985424272
1,All Population,2,DALYs (Disability-Adjusted Life Years),84,Ireland,3,Both,228,55+ years,697,Falls,1,Number,1990,12868.000528207176,16360.11660328275,10208.687124304603
1,All Population,2,DALYs (Disability-Adjusted Life Years),84,Ireland,3,Both,228,55+ years,697,Falls,2,Percent,1990,0.020246386861250864,0.024445014679976264,0.01694943559644013
1,All Population,2,DALYs (Disability-Adjusted Life Years),84,Ireland,3,Both,228,55+ years,697,Falls,3,Rate,1990,1876.7168335170993,2386.019969487914,1488.8727220903386
1,All Population,2,DALYs (Disability-Adjusted Life Years),75,Austria,3,Both,228,55+ years,697,Falls,1,Number,1990,56010.96484515174,69821.99329838956,45440.3171005935
1,All Population,2,DALYs (Disability-Adjusted Life Years),75,Austria,3,Both,228,55+ years,697,Falls,2,Percent,1990,0.03396459536001792,0.039544773580932654,0.0290148259320076
1,All Population,2,DALYs (Disability-Adjusted Life Years),75,Austria,3,Both,228,55+ years,697,Falls,3,Rate,1990,2882.5254748045736,3593.290616233036,2338.521965971748
1,All Population,2,DALYs (Disability-Adjusted Life Years),95,United Kingdom,3,Both,228,55+ years,697,Falls,1,Number,1990,278405.28297007724,356717.49329447956,215704.51742731253
1,All Population,2,DALYs (Disability-Adjusted Life Years),95,United Kingdom,3,Both,228,55+ years,697,Falls,2,Percent,1990,0.021042457069493842,0.025464970989954774,0.017114501540439305
1,All Population,2,DALYs (Disability-Adjusted Life Years),95,United Kingdom,3,Both,228,55+ years,697,Falls,3,Rate,1990,1873.9680218832661,2401.0937154237154,1451.9242002961246
1,All Population,2,DALYs (Disability-Adjusted Life Years),80,France,3,Both,228,55+ years,697,Falls,1,Number,1990,441808.16574380756,550242.3035377094,358677.76263534336
1,All Population,2,DALYs (Disability-Adjusted Life Years),80,France,3,Both,228,55+ years,697,Falls,2,Percent,1990,0.04234227175505773,0.04904757077610458,0.036867815954226314
1,All Population,2,DALYs (Disability-Adjusted Life Years),80,France,3,Both,228,55+ years,697,Falls,3,Rate,1990,3130.5896021424437,3898.938425490621,2541.5394311137406
1,All Population,2,DALYs (Disability-Adjusted Life Years),95,United Kingdom,3,Both,228,55+ years,697,Falls,1,Number,1991,276910.7740194417,354354.26649361104,213449.16777180167
1,All Population,2,DALYs (Disability-Adjusted Life Years),95,United Kingdom,3,Both,228,55+ years,697,Falls,2,Percent,1991,0.021023309284038852,0.025459273706435064,0.017141554751223212
1,All Population,2,DALYs (Disability-Adjusted Life Years),95,United Kingdom,3,Both,228,55+ years,697,Falls,3,Rate,1991,1861.618870763409,2382.2568543097486,1434.9784694359082
1,All Population,2,DALYs (Disability-Adjusted Life Years),84,Ireland,3,Both,228,55+ years,697,Falls,1,Number,1991,12954.074429773125,16463.294553522894,10246.575575221743
1,All Population,2,DALYs (Disability-Adjusted Life Years),84,Ireland,3,Both,228,55+ years,697,Falls,2,Percent,1991,0.020578485847401386,0.02468694086091181,0.01718848144105043
1,All Population,2,DALYs (Disability-Adjusted Life Years),84,Ireland,3,Both,228,55+ years,697,Falls,3,Rate,1991,1878.2616436403541,2387.0771204436232,1485.690852398334
1,All Population,2,DALYs (Disability-Adjusted Life Years),75,Austria,3,Both,228,55+ years,697,Falls,1,Number,1991,55523.77558506057,69463.80358506586,44831.19350634486
1,All Population,2,DALYs (Disability-Adjusted Life Years),75,Austria,3,Both,228,55+ years,697,Falls,2,Percent,1991,0.033632951147203466,0.039429538022023966,0.02850279773574677
1,All Population,2,DALYs (Disability-Adjusted Life Years),75,Austria,3,Both,228,55+ years,697,Falls,3,Rate,1991,2858.8060605207847,3576.549695753101,2308.26679824711
1,All Population,2,DALYs (Disability-Adjusted Life Years),82,Greece,3,Both,228,55+ years,697,Falls,1,Number,1990,41691.477647175765,54899.196423454385,31866.881834686203
1,All Population,2,DALYs (Disability-Adjusted Life Years),82,Greece,3,Both,228,55+ years,697,Falls,2,Percent,1990,0.021094670909329476,0.02580723449095393,0.017282415128371437
1,All Population,2,DALYs (Disability-Adjusted Life Years),82,Greece,3,Both,228,55+ years,697,Falls,3,Rate,1990,1548.89312224928,2039.5772123241372,1183.896491244167
1,All Population,2,DALYs (Disability-Adjusted Life Years),94,Switzerland,3,Both,228,55+ years,697,Falls,1,Number,1991,62222.986502118314,77749.44315933815,50669.354224514784
1,All Population,2,DALYs (Disability-Adjusted Life Years),94,Switzerland,3,Both,228,55+ years,697,Falls,2,Percent,1991,0.04959218253000372,0.057847454901859385,0.04314492543906155
1,All Population,2,DALYs (Disability-Adjusted Life Years),94,Switzerland,3,Both,228,55+ years,697,Falls,3,Rate,1991,3657.1316809839523,4569.693094805029,2978.071465328373
1,All Population,2,DALYs (Disability-Adjusted Life Years),83,Iceland,3,Both,228,55+ years,697,Falls,1,Number,1990,1014.1831573982537,1299.1518574191864,790.2478740672208
1,All Population,2,DALYs (Disability-Adjusted Life Years),83,Iceland,3,Both,228,55+ years,697,Falls,2,Percent,1990,0.02908100526225341,0.035181268836431724,0.024173191235630533
1,All Population,2,DALYs (Disability-Adjusted Life Years),83,Iceland,3,Both,228,55+ years,697,Falls,3,Rate,1990,2137.0553686139306,2737.532595852607,1665.1858685402474
1,All Population,2,DALYs (Disability-Adjusted Life Years),86,Italy,3,Both,228,55+ years,697,Falls,1,Number,1990,379331.5796389256,480179.5444413738,302480.35512254626
1,All Population,2,DALYs (Disability-Adjusted Life Years),86,Italy,3,Both,228,55+ years,697,Falls,2,Percent,1990,0.032932812307396045,0.038901258478247165,0.027946467020082594
1,All Population,2,DALYs (Disability-Adjusted Life Years),86,Italy,3,Both,228,55+ years,697,Falls,3,Rate,1990,2489.7332770225685,3151.6463561488977,1985.3221988821917
1,All Population,2,DALYs (Disability-Adjusted Life Years),74,Andorra,3,Both,228,55+ years,697,Falls,1,Number,1991,289.3706457788534,381.41126212312275,221.7498405506414
1,All Population,2,DALYs (Disability-Adjusted Life Years),74,Andorra,3,Both,228,55+ years,697,Falls,2,Percent,1991,0.04657457104821013,0.0553255256547833,0.03800036464995769
1,All Population,2,DALYs (Disability-Adjusted Life Years),74,Andorra,3,Both,228,55+ years,697,Falls,3,Rate,1991,2744.6096545281453,3617.5923426901663,2103.242889848933
1,All Population,2,DALYs (Disability-Adjusted Life Years),85,Israel,3,Both,228,55+ years,697,Falls,1,Number,1991,12429.618254431738,15837.938774855622,9722.351525633097
1,All Population,2,DALYs (Disability-Adjusted Life Years),85,Israel,3,Both,228,55+ years,697,Falls,2,Percent,1991,0.019634545473169285,0.0234955108078283,0.016489217809318276
1,All Population,2,DALYs (Disability-Adjusted Life Years),85,Israel,3,Both,228,55+ years,697,Falls,3,Rate,1991,1481.922758040498,1888.2801893406677,1159.1485508710932
1,All Population,2,DALYs (Disability-Adjusted Life Years),88,Malta,3,Both,228,55+ years,697,Falls,1,Number,1990,1381.9611944886738,1735.701193033267,1097.8939966450112
1,All Population,2,DALYs (Disability-Adjusted Life Years),88,Malta,3,Both,228,55+ years,697,Falls,2,Percent,1990,0.023973001776130105,0.028442256769574972,0.02025766613338972
1,All Population,2,DALYs (Disability-Adjusted Life Years),88,Malta,3,Both,228,55+ years,697,Falls,3,Rate,1990,1899.6636197758453,2385.9196802026077,1509.1807875028765
1,All Population,2,DALYs (Disability-Adjusted Life Years),89,Netherlands,3,Both,228,55+ years,697,Falls,1,Number,1990,77692.74540927989,99759.50738609853,60940.89361884234
1,All Population,2,DALYs (Disability-Adjusted Life Years),89,Netherlands,3,Both,228,55+ years,697,Falls,2,Percent,1990,0.029398916322605786,0.03538399038524486,0.024708352167968475
1,All Population,2,DALYs (Disability-Adjusted Life Years),89,Netherlands,3,Both,228,55+ years,697,Falls,3,Rate,1990,2353.260678982504,3021.647965323798,1845.8584252597175
1,All Population,2,DALYs (Disability-Adjusted Life Years),77,Cyprus,3,Both,228,55+ years,697,Falls,1,Number,1990,2957.422944926527,3700.09123569596,2318.02724751518
1,All Population,2,DALYs (Disability-Adjusted Life Years),77,Cyprus,3,Both,228,55+ years,697,Falls,2,Percent,1990,0.024457122019766842,0.028785840481390785,0.020147470559345567
1,All Population,2,DALYs (Disability-Adjusted Life Years),77,Cyprus,3,Both,228,55+ years,697,Falls,3,Rate,1990,2212.027884624573,2767.512507149293,1733.7868151795628
1,All Population,2,DALYs (Disability-Adjusted Life Years),90,Norway,3,Both,228,55+ years,697,Falls,1,Number,1990,31732.442812099845,39257.81057504873,25577.42914728988
1,All Population,2,DALYs (Disability-Adjusted Life Years),90,Norway,3,Both,228,55+ years,697,Falls,2,Percent,1990,0.034530713124321474,0.04022509855708815,0.02973747917105947
1,All Population,2,DALYs (Disability-Adjusted Life Years),90,Norway,3,Both,228,55+ years,697,Falls,3,Rate,1990,2948.2329678188617,3647.408176770226,2376.37613626573
1,All Population,2,DALYs (Disability-Adjusted Life Years),92,Spain,3,Both,228,55+ years,697,Falls,1,Number,1990,180440.1041718799,237428.99868399574,137382.87411982857
1,All Population,2,DALYs (Disability-Adjusted Life Years),92,Spain,3,Both,228,55+ years,697,Falls,2,Percent,1990,0.025841744822133784,0.031750125806994794,0.021217419360148745
1,All Population,2,DALYs (Disability-Adjusted Life Years),92,Spain,3,Both,228,55+ years,697,Falls,3,Rate,1990,1885.5335913551498,2481.046852832946,1435.6011664851503
1,All Population,2,DALYs (Disability-Adjusted Life Years),87,Luxembourg,3,Both,228,55+ years,697,Falls,1,Number,1991,2345.4310165340994,2937.1772234220425,1842.6044358824631
1,All Population,2,DALYs (Disability-Adjusted Life Years),87,Luxembourg,3,Both,228,55+ years,697,Falls,2,Percent,1991,0.030295488308364565,0.03621659241116314,0.025522707641102434
1,All Population,2,DALYs (Disability-Adjusted Life Years),87,Luxembourg,3,Both,228,55+ years,697,Falls,3,Rate,1991,2492.9334247872043,3121.894109515384,1958.484455305139
1,All Population,2,DALYs (Disability-Adjusted Life Years),93,Sweden,3,Both,228,55+ years,697,Falls,1,Number,1991,59378.55725964559,75551.11083807396,46903.35272110895
1,All Population,2,DALYs (Disability-Adjusted Life Years),93,Sweden,3,Both,228,55+ years,697,Falls,2,Percent,1991,0.03173175075278402,0.0379293773519788,0.02674863154332569
1,All Population,2,DALYs (Disability-Adjusted Life Years),93,Sweden,3,Both,228,55+ years,697,Falls,3,Rate,1991,2508.490389346137,3191.711691697386,1981.4662894979906
1,All Population,2,DALYs (Disability-Adjusted Life Years),76,Belgium,3,Both,228,55+ years,697,Falls,1,Number,1991,63693.96596961163,81613.33756166852,50418.883715381475
1,All Population,2,DALYs (Disability-Adjusted Life Years),76,Belgium,3,Both,228,55+ years,697,Falls,2,Percent,1991,0.02997756407389756,0.03612624790225345,0.025381783039628833
1,All Population,2,DALYs (Disability-Adjusted Life Years),76,Belgium,3,Both,228,55+ years,697,Falls,3,Rate,1991,2412.9420749728047,3091.7882578620174,1910.0372231185588
1,All Population,2,DALYs (Disability-Adjusted Life Years),396,San Marino,3,Both,228,55+ years,697,Falls,1,Number,1990,95.52367306247278,126.85520524479134,71.01244669497787
1,All Population,2,DALYs (Disability-Adjusted Life Years),396,San Marino,3,Both,228,55+ years,697,Falls,2,Percent,1990,0.02601740120640471,0.03160108899118454,0.02072780665666892
1,All Population,2,DALYs (Disability-Adjusted Life Years),396,San Marino,3,Both,228,55+ years,697,Falls,3,Rate,1990,1810.2597212301782,2404.0205021518304,1345.7498841554261
1,All Population,2,DALYs (Disability-Adjusted Life Years),91,Portugal,3,Both,228,55+ years,697,Falls,1,Number,1990,36141.61012814362,45920.68126286813,29083.61080673121
1,All Population,2,DALYs (Disability-Adjusted Life Years),91,Portugal,3,Both,228,55+ years,697,Falls,2,Percent,1990,0.017661303499557184,0.02108260211335172,0.015115338461004713
1,All Population,2,DALYs (Disability-Adjusted Life Years),91,Portugal,3,Both,228,55+ years,697,Falls,3,Rate,1990,1469.7141515925298,1867.3842937133631,1182.697567443928
1,All Population,2,DALYs (Disability-Adjusted Life Years),367,Monaco,3,Both,228,55+ years,697,Falls,1,Number,1990,182.8717303679394,243.0056426028561,138.99179875853943
1,All Population,2,DALYs (Disability-Adjusted Life Years),367,Monaco,3,Both,228,55+ years,697,Falls,2,Percent,1990,0.018752079007567653,0.023152788599124383,0.014699608037916949
1,All Population,2,DALYs (Disability-Adjusted Life Years),367,Monaco,3,Both,228,55+ years,697,Falls,3,Rate,1990,1661.6104344383314,2207.9996211764796,1262.9082836033108
1,All Population,2,DALYs (Disability-Adjusted Life Years),86,Italy,3,Both,228,55+ years,697,Falls,1,Number,1991,385008.04466275265,487618.15030412714,305890.979477271
1,All Population,2,DALYs (Disability-Adjusted Life Years),86,Italy,3,Both,228,55+ years,697,Falls,2,Percent,1991,0.03305424260921691,0.03903581634743327,0.028134542513482023
1,All Population,2,DALYs (Disability-Adjusted Life Years),86,Italy,3,Both,228,55+ years,697,Falls,3,Rate,1991,2493.4479835508687,3157.9872433150185,1981.057945508928
1,All Population,2,DALYs (Disability-Adjusted Life Years),77,Cyprus,3,Both,228,55+ years,697,Falls,1,Number,1991,3125.1729137507427,3874.3272450310715,2482.176666296711
1,All Population,2,DALYs (Disability-Adjusted Life Years),77,Cyprus,3,Both,228,55+ years,697,Falls,2,Percent,1991,0.02465479852786687,0.029099781119201418,0.0204221919590704
1,All Population,2,DALYs (Disability-Adjusted Life Years),77,Cyprus,3,Both,228,55+ years,697,Falls,3,Rate,1991,2200.1621680117414,2727.5765105694863,1747.4844900511973
1,All Population,2,DALYs (Disability-Adjusted Life Years),79,Finland,3,Both,228,55+ years,697,Falls,1,Number,1990,39319.538162663404,49396.10835527511,31667.180486495035
1,All Population,2,DALYs (Disability-Adjusted Life Years),79,Finland,3,Both,228,55+ years,697,Falls,2,Percent,1990,0.03901121784407888,0.045818466548647324,0.03352671739422875
1,All Population,2,DALYs (Disability-Adjusted Life Years),79,Finland,3,Both,228,55+ years,697,Falls,3,Rate,1990,3328.152268763075,4181.070729024549,2680.428191843219
1,All Population,2,DALYs (Disability-Adjusted Life Years),82,Greece,3,Both,228,55+ years,697,Falls,1,Number,1991,40986.03734958327,54420.96559114327,31012.708689857856
1,All Population,2,DALYs (Disability-Adjusted Life Years),82,Greece,3,Both,228,55+ years,697,Falls,2,Percent,1991,0.020364375548337525,0.025222264661975857,0.01653371902507792
1,All Population,2,DALYs (Disability-Adjusted Life Years),82,Greece,3,Both,228,55+ years,697,Falls,3,Rate,1991,1495.693107419299,1985.9705499098068,1131.7389440258876
1,All Population,2,DALYs (Disability-Adjusted Life Years),73,Western Europe,3,Both,228,55+ years,697,Falls,1,Number,1991,2358524.2733145393,2982080.488371193,1876410.1044349067
1,All Population,2,DALYs (Disability-Adjusted Life Years),73,Western Europe,3,Both,228,55+ years,697,Falls,2,Percent,1991,0.029888323355346497,0.035445082375132914,0.025598770423335318
1,All Population,2,DALYs (Disability-Adjusted Life Years),73,Western Europe,3,Both,228,55+ years,697,Falls,3,Rate,1991,2396.599796117038,3030.2225723508036,1906.7024768843296
1,All Population,2,DALYs (Disability-Adjusted Life Years),88,Malta,3,Both,228,55+ years,697,Falls,1,Number,1991,1423.017082972068,1800.780761637926,1131.5457511451013
1,All Population,2,DALYs (Disability-Adjusted Life Years),88,Malta,3,Both,228,55+ years,697,Falls,2,Percent,1991,0.02428318267267544,0.029065544759890115,0.020501573707385215
1,All Population,2,DALYs (Disability-Adjusted Life Years),88,Malta,3,Both,228,55+ years,697,Falls,3,Rate,1991,1912.9977689280315,2420.835013552319,1521.1655034102341
1,All Population,2,DALYs (Disability-Adjusted Life Years),78,Denmark,3,Both,228,55+ years,697,Falls,1,Number,1991,44184.88522850875,54347.76033136445,35982.77274782647
1,All Population,2,DALYs (Disability-Adjusted Life Years),78,Denmark,3,Both,228,55+ years,697,Falls,2,Percent,1991,0.037221281304417576,0.04313800848386193,0.032220280254607
1,All Population,2,DALYs (Disability-Adjusted Life Years),78,Denmark,3,Both,228,55+ years,697,Falls,3,Rate,1991,3401.197764653138,4183.5003077856845,2769.827863148213
1,All Population,2,DALYs (Disability-Adjusted Life Years),93,Sweden,3,Both,228,55+ years,697,Falls,1,Number,1990,57772.53825360284,73634.5283520243,45785.23290280053
1,All Population,2,DALYs (Disability-Adjusted Life Years),93,Sweden,3,Both,228,55+ years,697,Falls,2,Percent,1990,0.030852040599095343,0.03694093934397919,0.025972704770604704
1,All Population,2,DALYs (Disability-Adjusted Life Years),93,Sweden,3,Both,228,55+ years,697,Falls,3,Rate,1990,2441.5874001188463,3111.9480305469283,1934.9789908185862
1,All Population,2,DALYs (Disability-Adjusted Life Years),81,Germany,3,Both,228,55+ years,697,Falls,1,Number,1990,494983.8728241757,616537.8234335324,395117.8148169908
1,All Population,2,DALYs (Disability-Adjusted Life Years),81,Germany,3,Both,228,55+ years,697,Falls,2,Percent,1990,0.02697187907706282,0.03167970843177666,0.022978139875520883
1,All Population,2,DALYs (Disability-Adjusted Life Years),81,Germany,3,Both,228,55+ years,697,Falls,3,Rate,1990,2351.150060472811,2928.5255953468863,1876.7909930084516
1,All Population,2,DALYs (Disability-Adjusted Life Years),89,Netherlands,3,Both,228,55+ years,697,Falls,1,Number,1991,83298.74540648612,107060.12642153083,64963.00569115891
1,All Population,2,DALYs (Disability-Adjusted Life Years),89,Netherlands,3,Both,228,55+ years,697,Falls,2,Percent,1991,0.03136604555826364,0.037697914453212536,0.026381191327629325
1,All Population,2,DALYs (Disability-Adjusted Life Years),89,Netherlands,3,Both,228,55+ years,697,Falls,3,Rate,1991,2498.0681701940807,3210.654527934291,1948.1928084907834
1,All Population,2,DALYs (Disability-Adjusted Life Years),80,France,3,Both,228,55+ years,697,Falls,1,Number,1992,450624.63965688203,569463.1632687731,359947.2050524121
1,All Population,2,DALYs (Disability-Adjusted Life Years),80,France,3,Both,228,55+ years,697,Falls,2,Percent,1992,0.04343946468200334,0.051175953884243855,0.03765022521827779
1,All Population,2,DALYs (Disability-Adjusted Life Years),80,France,3,Both,228,55+ years,697,Falls,3,Rate,1992,3143.669737451119,3972.716881003977,2511.081365779241
1,All Population,2,DALYs (Disability-Adjusted Life Years),93,Sweden,3,Both,228,55+ years,697,Falls,1,Number,1992,59818.71024919209,76169.45812332317,47145.8106146348
1,All Population,2,DALYs (Disability-Adjusted Life Years),93,Sweden,3,Both,228,55+ years,697,Falls,2,Percent,1992,0.03211549025016596,0.03834209862626989,0.026995076151793466
1,All Population,2,DALYs (Disability-Adjusted Life Years),93,Sweden,3,Both,228,55+ years,697,Falls,3,Rate,1992,2523.8118079919177,3213.666376609743,1989.1293715777372
1,All Population,2,DALYs (Disability-Adjusted Life Years),94,Switzerland,3,Both,228,55+ years,697,Falls,1,Number,1993,64550.045485613955,81430.16651459037,51928.28498927318
1,All Population,2,DALYs (Disability-Adjusted Life Years),94,Switzerland,3,Both,228,55+ years,697,Falls,2,Percent,1993,0.0517667485043803,0.06059871600478345,0.04480179424138742
1,All Population,2,DALYs (Disability-Adjusted Life Years),94,Switzerland,3,Both,228,55+ years,697,Falls,3,Rate,1993,3722.9684833886104,4696.541129447706,2994.999723967226
1,All Population,2,DALYs (Disability-Adjusted Life Years),85,Israel,3,Both,228,55+ years,697,Falls,1,Number,1990,12059.910645673472,15317.569251314912,9447.976498395692
1,All Population,2,DALYs (Disability-Adjusted Life Years),85,Israel,3,Both,228,55+ years,697,Falls,2,Percent,1990,0.020206239728978222,0.023948475653021856,0.017097888414438697
1,All Population,2,DALYs (Disability-Adjusted Life Years),85,Israel,3,Both,228,55+ years,697,Falls,3,Rate,1990,1489.260536156596,1891.5439812162167,1166.7166498156037
1,All Population,2,DALYs (Disability-Adjusted Life Years),74,Andorra,3,Both,228,55+ years,697,Falls,1,Number,1990,267.63481739845685,353.090014812688,203.89680450877762
1,All Population,2,DALYs (Disability-Adjusted Life Years),74,Andorra,3,Both,228,55+ years,697,Falls,2,Percent,1990,0.04557574290062856,0.0540941404548935,0.0370225332378567
1,All Population,2,DALYs (Disability-Adjusted Life Years),74,Andorra,3,Both,228,55+ years,697,Falls,3,Rate,1990,2678.9205577852294,3534.2938883102693,2040.9278081784812
1,All Population,2,DALYs (Disability-Adjusted Life Years),80,France,3,Both,228,55+ years,697,Falls,1,Number,1991,446408.6745830714,559043.959298993,360134.98606041714
1,All Population,2,DALYs (Disability-Adjusted Life Years),80,France,3,Both,228,55+ years,697,Falls,2,Percent,1991,0.04292179506592256,0.050023004996477966,0.037346277484313975
1,All Population,2,DALYs (Disability-Adjusted Life Years),80,France,3,Both,228,55+ years,697,Falls,3,Rate,1991,3137.6930717073947,3929.377849815737,2531.2972506562082
1,All Population,2,DALYs (Disability-Adjusted Life Years),91,Portugal,3,Both,228,55+ years,697,Falls,1,Number,1991,37431.80969511673,47687.23559489616,30196.91652883679
1,All Population,2,DALYs (Disability-Adjusted Life Years),91,Portugal,3,Both,228,55+ years,697,Falls,2,Percent,1991,0.01800429111196683,0.021555793549339872,0.015396825608712172
1,All Population,2,DALYs (Disability-Adjusted Life Years),91,Portugal,3,Both,228,55+ years,697,Falls,3,Rate,1991,1501.0972845088554,1912.3622512584864,1210.962274364494
1,All Population,2,DALYs (Disability-Adjusted Life Years),95,United Kingdom,3,Both,228,55+ years,697,Falls,1,Number,1992,273694.51543560124,351939.4866621853,209624.86451257017
1,All Population,2,DALYs (Disability-Adjusted Life Years),95,United Kingdom,3,Both,228,55+ years,697,Falls,2,Percent,1992,0.021071968347554995,0.025597932531889606,0.017154293231723784
1,All Population,2,DALYs (Disability-Adjusted Life Years),95,United Kingdom,3,Both,228,55+ years,697,Falls,3,Rate,1992,1837.8166024629556,2363.219557471342,1407.5987444508996
1,All Population,2,DALYs (Disability-Adjusted Life Years),78,Denmark,3,Both,228,55+ years,697,Falls,1,Number,1994,45590.785648871315,56216.88040260643,37169.74318678809
1,All Population,2,DALYs (Disability-Adjusted Life Years),78,Denmark,3,Both,228,55+ years,697,Falls,2,Percent,1994,0.03790609776821514,0.043992851189797205,0.032389978624359564
1,All Population,2,DALYs (Disability-Adjusted Life Years),78,Denmark,3,Both,228,55+ years,697,Falls,3,Rate,1994,3489.737345350359,4303.109590850561,2845.1503756708707
1,All Population,2,DALYs (Disability-Adjusted Life Years),74,Andorra,3,Both,228,55+ years,697,Falls,1,Number,1994,354.0923967703407,467.42445965544067,275.42790621040575
1,All Population,2,DALYs (Disability-Adjusted Life Years),74,Andorra,3,Both,228,55+ years,697,Falls,2,Percent,1994,0.04992644499090269,0.05993269091875408,0.040844343025959254
1,All Population,2,DALYs (Disability-Adjusted Life Years),74,Andorra,3,Both,228,55+ years,697,Falls,3,Rate,1994,2971.6397091883714,3922.7532079965044,2311.4659071437263
1,All Population,2,DALYs (Disability-Adjusted Life Years),82,Greece,3,Both,228,55+ years,697,Falls,1,Number,1992,41617.827126621945,55645.2781376497,31288.98636061328
1,All Population,2,DALYs (Disability-Adjusted Life Years),82,Greece,3,Both,228,55+ years,697,Falls,2,Percent,1992,0.020305824213321617,0.02508660284528102,0.016398051181131492
1,All Population,2,DALYs (Disability-Adjusted Life Years),82,Greece,3,Both,228,55+ years,697,Falls,3,Rate,1992,1494.303646634522,1997.9645209754967,1123.4427562955116
1,All Population,2,DALYs (Disability-Adjusted Life Years),73,Western Europe,3,Both,228,55+ years,697,Falls,1,Number,1992,2378738.416750921,3027291.3186207623,1886986.6708701837
1,All Population,2,DALYs (Disability-Adjusted Life Years),73,Western Europe,3,Both,228,55+ years,697,Falls,2,Percent,1992,0.030356884666431445,0.03618317922390228,0.02595024033331934
1,All Population,2,DALYs (Disability-Adjusted Life Years),73,Western Europe,3,Both,228,55+ years,697,Falls,3,Rate,1992,2393.0111229421755,3045.4554173891447,1898.3088095931666
1,All Population,2,DALYs (Disability-Adjusted Life Years),87,Luxembourg,3,Both,228,55+ years,697,Falls,1,Number,1990,2293.4934411959857,2866.9892082838924,1817.214761095132
1,All Population,2,DALYs (Disability-Adjusted Life Years),87,Luxembourg,3,Both,228,55+ years,697,Falls,2,Percent,1990,0.02940000803966694,0.03498548934987544,0.024783361984915965
1,All Population,2,DALYs (Disability-Adjusted Life Years),87,Luxembourg,3,Both,228,55+ years,697,Falls,3,Rate,1990,2454.080927073553,3067.7321363981087,1944.4538211866654
1,All Population,2,DALYs (Disability-Adjusted Life Years),396,San Marino,3,Both,228,55+ years,697,Falls,1,Number,1992,99.66187830946102,132.33456417461946,74.69987111879004
1,All Population,2,DALYs (Disability-Adjusted Life Years),396,San Marino,3,Both,228,55+ years,697,Falls,2,Percent,1992,0.026986765024536886,0.0331159493674196,0.021989372575509626
1,All Population,2,DALYs (Disability-Adjusted Life Years),396,San Marino,3,Both,228,55+ years,697,Falls,3,Rate,1992,1821.8436802882213,2419.108424553335,1365.5320411836237
1,All Population,2,DALYs (Disability-Adjusted Life Years),76,Belgium,3,Both,228,55+ years,697,Falls,1,Number,1990,61223.38819744173,78492.50585037473,48657.98142487315
1,All Population,2,DALYs (Disability-Adjusted Life Years),76,Belgium,3,Both,228,55+ years,697,Falls,2,Percent,1990,0.02865269454365428,0.03453388137757449,0.02418441304003145
1,All Population,2,DALYs (Disability-Adjusted Life Years),76,Belgium,3,Both,228,55+ years,697,Falls,3,Rate,1990,2334.6891291247885,2993.2286585584825,1855.5206371697373
1,All Population,2,DALYs (Disability-Adjusted Life Years),84,Ireland,3,Both,228,55+ years,697,Falls,1,Number,1992,12981.466390568483,16517.845316460996,10174.808822432311
1,All Population,2,DALYs (Disability-Adjusted Life Years),84,Ireland,3,Both,228,55+ years,697,Falls,2,Percent,1992,0.020680496756235574,0.024859427256015674,0.017195864400610376
1,All Population,2,DALYs (Disability-Adjusted Life Years),84,Ireland,3,Both,228,55+ years,697,Falls,3,Rate,1992,1870.9616073072896,2380.6443349876195,1466.4504067347268
1,All Population,2,DALYs (Disability-Adjusted Life Years),396,San Marino,3,Both,228,55+ years,697,Falls,1,Number,1991,97.40901681508772,129.77061123144563,72.8199585483434
1,All Population,2,DALYs (Disability-Adjusted Life Years),396,San Marino,3,Both,228,55+ years,697,Falls,2,Percent,1991,0.026467431246509607,0.03252626972008773,0.021473003037909704
1,All Population,2,DALYs (Disability-Adjusted Life Years),396,San Marino,3,Both,228,55+ years,697,Falls,3,Rate,1991,1813.3583290330712,2415.7991368187777,1355.6104216116933
1,All Population,2,DALYs (Disability-Adjusted Life Years),76,Belgium,3,Both,228,55+ years,697,Falls,1,Number,1994,68912.63419628648,89696.55848026069,54743.22915010259
1,All Population,2,DALYs (Disability-Adjusted Life Years),76,Belgium,3,Both,228,55+ years,697,Falls,2,Percent,1994,0.03244101542730393,0.03938525420880936,0.027307866098433844
1,All Population,2,DALYs (Disability-Adjusted Life Years),76,Belgium,3,Both,228,55+ years,697,Falls,3,Rate,1994,2550.708175972185,3319.9970911066557,2026.2467659349754
1,All Population,2,DALYs (Disability-Adjusted Life Years),85,Israel,3,Both,228,55+ years,697,Falls,1,Number,1994,14210.182972517949,18317.022773475597,11416.776615753284
1,All Population,2,DALYs (Disability-Adjusted Life Years),85,Israel,3,Both,228,55+ years,697,Falls,2,Percent,1994,0.020753357196796395,0.02464698639384012,0.01759030414050874
1,All Population,2,DALYs (Disability-Adjusted Life Years),85,Israel,3,Both,228,55+ years,697,Falls,3,Rate,1994,1554.5154046439245,2003.7809593056907,1248.9322026950838
1,All Population,2,DALYs (Disability-Adjusted Life Years),94,Switzerland,3,Both,228,55+ years,697,Falls,1,Number,1990,61116.136717355206,76161.5156433569,49935.85175549255
1,All Population,2,DALYs (Disability-Adjusted Life Years),94,Switzerland,3,Both,228,55+ years,697,Falls,2,Percent,1990,0.04841817051663097,0.05635037084512486,0.04246308850967894
1,All Population,2,DALYs (Disability-Adjusted Life Years),94,Switzerland,3,Both,228,55+ years,697,Falls,3,Rate,1990,3623.8924314917763,4516.0109086628045,2960.9554032141023
1,All Population,2,DALYs (Disability-Adjusted Life Years),367,Monaco,3,Both,228,55+ years,697,Falls,1,Number,1992,185.9344234171245,247.9768034748548,139.92716163048237
1,All Population,2,DALYs (Disability-Adjusted Life Years),367,Monaco,3,Both,228,55+ years,697,Falls,2,Percent,1992,0.018938861626229098,0.023454434986596835,0.015048970227747467
1,All Population,2,DALYs (Disability-Adjusted Life Years),367,Monaco,3,Both,228,55+ years,697,Falls,3,Rate,1992,1672.6972853168397,2230.840951185239,1258.8082351825662
1,All Population,2,DALYs (Disability-Adjusted Life Years),367,Monaco,3,Both,228,55+ years,697,Falls,1,Number,1991,184.41424277687582,245.56889593632283,139.68852457196374
1,All Population,2,DALYs (Disability-Adjusted Life Years),367,Monaco,3,Both,228,55+ years,697,Falls,2,Percent,1991,0.01881057570695231,0.023489781491337722,0.015000003709242678
1,All Population,2,DALYs (Disability-Adjusted Life Years),367,Monaco,3,Both,228,55+ years,697,Falls,3,Rate,1991,1668.476054583471,2221.7688636771136,1263.822982644598
1,All Population,2,DALYs (Disability-Adjusted Life Years),95,United Kingdom,3,Both,228,55+ years,697,Falls,1,Number,1993,276869.12242439616,355003.8160428671,213137.18319962165
1,All Population,2,DALYs (Disability-Adjusted Life Years),95,United Kingdom,3,Both,228,55+ years,697,Falls,2,Percent,1993,0.020959145575401354,0.025421002940327148,0.017156293924850633
1,All Population,2,DALYs (Disability-Adjusted Life Years),95,United Kingdom,3,Both,228,55+ years,697,Falls,3,Rate,1993,1853.2498580305837,2376.2518764128786,1426.6540488407031
1,All Population,2,DALYs (Disability-Adjusted Life Years),84,Ireland,3,Both,228,55+ years,697,Falls,1,Number,1993,13317.227073026612,16975.969415360705,10430.084828762927
1,All Population,2,DALYs (Disability-Adjusted Life Years),84,Ireland,3,Both,228,55+ years,697,Falls,2,Percent,1993,0.021023126855333526,0.025167776544103414,0.01754455671746228
1,All Population,2,DALYs (Disability-Adjusted Life Years),84,Ireland,3,Both,228,55+ years,697,Falls,3,Rate,1993,1907.3740590550676,2431.401335474286,1493.860030097458
1,All Population,2,DALYs (Disability-Adjusted Life Years),78,Denmark,3,Both,228,55+ years,697,Falls,1,Number,1990,44233.92125923409,54055.61534302178,36232.435252449315
1,All Population,2,DALYs (Disability-Adjusted Life Years),78,Denmark,3,Both,228,55+ years,697,Falls,2,Percent,1990,0.03698596967407383,0.042745041129872166,0.0320215525841179
1,All Population,2,DALYs (Disability-Adjusted Life Years),78,Denmark,3,Both,228,55+ years,697,Falls,3,Rate,1990,3403.6026795026646,4159.338172743771,2787.9240682149457
1,All Population,2,DALYs (Disability-Adjusted Life Years),73,Western Europe,3,Both,228,55+ years,697,Falls,1,Number,1993,2433168.491728065,3106377.086284899,1933387.2938421138
1,All Population,2,DALYs (Disability-Adjusted Life Years),73,Western Europe,3,Both,228,55+ years,697,Falls,2,Percent,1993,0.030668878067058706,0.03666872382093467,0.02619637033724857
1,All Population,2,DALYs (Disability-Adjusted Life Years),73,Western Europe,3,Both,228,55+ years,697,Falls,3,Rate,1993,2419.3299616773934,3088.709714377273,1922.391245579783
1,All Population,2,DALYs (Disability-Adjusted Life Years),80,France,3,Both,228,55+ years,697,Falls,1,Number,1993,461407.57158315205,584297.6389282552,372167.40925560164
1,All Population,2,DALYs (Disability-Adjusted Life Years),80,France,3,Both,228,55+ years,697,Falls,2,Percent,1993,0.04401286084631262,0.05218997350880943,0.03798318161684532
1,All Population,2,DALYs (Disability-Adjusted Life Years),80,France,3,Both,228,55+ years,697,Falls,3,Rate,1993,3194.016542616809,4044.7024268488076,2576.266483245193
1,All Population,2,DALYs (Disability-Adjusted Life Years),89,Netherlands,3,Both,228,55+ years,697,Falls,1,Number,1992,89338.55142029613,115083.37945563636,69462.60842123601
1,All Population,2,DALYs (Disability-Adjusted Life Years),89,Netherlands,3,Both,228,55+ years,697,Falls,2,Percent,1992,0.03336977443465955,0.04027139873947508,0.027744506843643164
1,All Population,2,DALYs (Disability-Adjusted Life Years),89,Netherlands,3,Both,228,55+ years,697,Falls,3,Rate,1992,2652.1627480287257,3416.440574165754,2062.112486792077
1,All Population,2,DALYs (Disability-Adjusted Life Years),82,Greece,3,Both,228,55+ years,697,Falls,1,Number,1993,43020.177762959196,57332.82393768075,32588.15234775729
1,All Population,2,DALYs (Disability-Adjusted Life Years),82,Greece,3,Both,228,55+ years,697,Falls,2,Percent,1993,0.020950680508484636,0.025878125095000964,0.01700221726208971
1,All Population,2,DALYs (Disability-Adjusted Life Years),82,Greece,3,Both,228,55+ years,697,Falls,3,Rate,1993,1523.8120664209966,2030.7784268025528,1154.3006642951273
1,All Population,2,DALYs (Disability-Adjusted Life Years),87,Luxembourg,3,Both,228,55+ years,697,Falls,1,Number,1994,2464.02325326046,3119.0466102189635,1948.6261319383752
1,All Population,2,DALYs (Disability-Adjusted Life Years),87,Luxembourg,3,Both,228,55+ years,697,Falls,2,Percent,1994,0.03233862613067561,0.03872949190190286,0.027216614817524323
1,All Population,2,DALYs (Disability-Adjusted Life Years),87,Luxembourg,3,Both,228,55+ years,697,Falls,3,Rate,1994,2552.993197453433,3231.6678699734175,2018.9863275989144
1,All Population,2,DALYs (Disability-Adjusted Life Years),75,Austria,3,Both,228,55+ years,697,Falls,1,Number,1993,54317.241150913585,69166.17749439759,43072.01636939121
1,All Population,2,DALYs (Disability-Adjusted Life Years),75,Austria,3,Both,228,55+ years,697,Falls,2,Percent,1993,0.033491521629822996,0.04004576640317184,0.028172588513930442
1,All Population,2,DALYs (Disability-Adjusted Life Years),75,Austria,3,Both,228,55+ years,697,Falls,3,Rate,1993,2796.39214417046,3560.8538152785018,2217.4588704588723
1,All Population,2,DALYs (Disability-Adjusted Life Years),75,Austria,3,Both,228,55+ years,697,Falls,1,Number,1992,55108.61739121871,69489.41469557314,43773.860671975344
1,All Population,2,DALYs (Disability-Adjusted Life Years),75,Austria,3,Both,228,55+ years,697,Falls,2,Percent,1992,0.033617080036822296,0.039752794530232484,0.02833814630538165
1,All Population,2,DALYs (Disability-Adjusted Life Years),75,Austria,3,Both,228,55+ years,697,Falls,3,Rate,1992,2838.493178543247,3579.2084601595816,2254.671062310186
1,All Population,2,DALYs (Disability-Adjusted Life Years),83,Iceland,3,Both,228,55+ years,697,Falls,1,Number,1991,1032.0220717964146,1325.623047239481,802.184191893544
1,All Population,2,DALYs (Disability-Adjusted Life Years),83,Iceland,3,Both,228,55+ years,697,Falls,2,Percent,1991,0.029206078782312263,0.035234610535430935,0.024387377155269056
1,All Population,2,DALYs (Disability-Adjusted Life Years),83,Iceland,3,Both,228,55+ years,697,Falls,3,Rate,1991,2147.641494050803,2758.626137487488,1669.3480725497923
1,All Population,2,DALYs (Disability-Adjusted Life Years),91,Portugal,3,Both,228,55+ years,697,Falls,1,Number,1992,37581.78435309963,48028.04077364087,30099.609570608976
1,All Population,2,DALYs (Disability-Adjusted Life Years),91,Portugal,3,Both,228,55+ years,697,Falls,2,Percent,1992,0.01822548935227528,0.021799923216305837,0.015448239896893897
1,All Population,2,DALYs (Disability-Adjusted Life Years),91,Portugal,3,Both,228,55+ years,697,Falls,3,Rate,1992,1487.3741299665078,1900.8055788015874,1191.2521283392339
1,All Population,2,DALYs (Disability-Adjusted Life Years),90,Norway,3,Both,228,55+ years,697,Falls,1,Number,1993,32931.9409354348,40919.94265760864,26488.043552348296
1,All Population,2,DALYs (Disability-Adjusted Life Years),90,Norway,3,Both,228,55+ years,697,Falls,2,Percent,1993,0.03632120332761443,0.04237536061278023,0.03114574327199765
1,All Population,2,DALYs (Disability-Adjusted Life Years),90,Norway,3,Both,228,55+ years,697,Falls,3,Rate,1993,3088.445905884017,3837.582170382076,2484.119895165468
1,All Population,2,DALYs (Disability-Adjusted Life Years),80,France,3,Both,228,55+ years,697,Falls,1,Number,1994,461165.65645183827,588503.6681697889,371822.47445809125
1,All Population,2,DALYs (Disability-Adjusted Life Years),80,France,3,Both,228,55+ years,697,Falls,2,Percent,1994,0.04462123242495233,0.0532384466089103,0.03818079595969315
1,All Population,2,DALYs (Disability-Adjusted Life Years),80,France,3,Both,228,55+ years,697,Falls,3,Rate,1994,3174.4804854496615,4051.024581045843,2559.4776469268277
1,All Population,2,DALYs (Disability-Adjusted Life Years),79,Finland,3,Both,228,55+ years,697,Falls,1,Number,1991,40200.29628861437,50748.01335271628,32231.458896022035
1,All Population,2,DALYs (Disability-Adjusted Life Years),79,Finland,3,Both,228,55+ years,697,Falls,2,Percent,1991,0.040138613647854426,0.047563835480547975,0.03450091027462724
1,All Population,2,DALYs (Disability-Adjusted Life Years),79,Finland,3,Both,228,55+ years,697,Falls,3,Rate,1991,3375.754187829067,4261.481491815699,2706.584090000924
1,All Population,2,DALYs (Disability-Adjusted Life Years),74,Andorra,3,Both,228,55+ years,697,Falls,1,Number,1993,339.5961515445891,446.0664967545439,261.36437152628355
1,All Population,2,DALYs (Disability-Adjusted Life Years),74,Andorra,3,Both,228,55+ years,697,Falls,2,Percent,1993,0.04864170421406496,0.05848376317262141,0.03967262458189439
1,All Population,2,DALYs (Disability-Adjusted Life Years),74,Andorra,3,Both,228,55+ years,697,Falls,3,Rate,1993,2891.556417965671,3798.11854658403,2225.4369564466606
1,All Population,2,DALYs (Disability-Adjusted Life Years),77,Cyprus,3,Both,228,55+ years,697,Falls,1,Number,1995,3381.4810786883713,4236.446034723729,2669.9698718331674
1,All Population,2,DALYs (Disability-Adjusted Life Years),77,Cyprus,3,Both,228,55+ years,697,Falls,2,Percent,1995,0.026011638644069537,0.03065110285374368,0.02144802375723753
1,All Population,2,DALYs (Disability-Adjusted Life Years),77,Cyprus,3,Both,228,55+ years,697,Falls,3,Rate,1995,2166.206002192601,2713.90394174354,1710.4057741118052
1,All Population,2,DALYs (Disability-Adjusted Life Years),85,Israel,3,Both,228,55+ years,697,Falls,1,Number,1993,13659.881920035345,17520.729311299816,10927.765273238898
1,All Population,2,DALYs (Disability-Adjusted Life Years),85,Israel,3,Both,228,55+ years,697,Falls,2,Percent,1993,0.020277421122901672,0.024117963104015615,0.017303521028844044
1,All Population,2,DALYs (Disability-Adjusted Life Years),85,Israel,3,Both,228,55+ years,697,Falls,3,Rate,1993,1533.0769346100665,1966.3878605936568,1226.4458057037205
1,All Population,2,DALYs (Disability-Adjusted Life Years),75,Austria,3,Both,228,55+ years,697,Falls,1,Number,1995,55156.98891037036,71210.78127853516,43255.76026239763
1,All Population,2,DALYs (Disability-Adjusted Life Years),75,Austria,3,Both,228,55+ years,697,Falls,2,Percent,1995,0.034110954101285125,0.04090859687798268,0.028623624172981692
1,All Population,2,DALYs (Disability-Adjusted Life Years),75,Austria,3,Both,228,55+ years,697,Falls,3,Rate,1995,2757.332166868407,3559.871228036134,2162.3823477324113
1,All Population,2,DALYs (Disability-Adjusted Life Years),88,Malta,3,Both,228,55+ years,697,Falls,1,Number,1995,1502.280588207056,1933.0530372288922,1183.5001786092032
1,All Population,2,DALYs (Disability-Adjusted Life Years),88,Malta,3,Both,228,55+ years,697,Falls,2,Percent,1995,0.025894731025571695,0.031203233082611602,0.02187846354687255
1,All Population,2,DALYs (Disability-Adjusted Life Years),88,Malta,3,Both,228,55+ years,697,Falls,3,Rate,1995,1875.3917136806276,2413.1521611757494,1477.438000282095
1,All Population,2,DALYs (Disability-Adjusted Life Years),89,Netherlands,3,Both,228,55+ years,697,Falls,1,Number,1993,97282.50354030977,125393.22865721372,75036.09319013607
1,All Population,2,DALYs (Disability-Adjusted Life Years),89,Netherlands,3,Both,228,55+ years,697,Falls,2,Percent,1993,0.03515995550310794,0.042588965614770685,0.02894253976899675
1,All Population,2,DALYs (Disability-Adjusted Life Years),89,Netherlands,3,Both,228,55+ years,697,Falls,3,Rate,1993,2857.575178362317,3683.299305687494,2204.109367853257
1,All Population,2,DALYs (Disability-Adjusted Life Years),87,Luxembourg,3,Both,228,55+ years,697,Falls,1,Number,1996,2580.9126267215966,3291.9050228653587,2023.5289220300167
1,All Population,2,DALYs (Disability-Adjusted Life Years),87,Luxembourg,3,Both,228,55+ years,697,Falls,2,Percent,1996,0.03358853615467469,0.040074781722108155,0.028200544795239278
1,All Population,2,DALYs (Disability-Adjusted Life Years),87,Luxembourg,3,Both,228,55+ years,697,Falls,3,Rate,1996,2621.9181940437015,3344.2068449555336,2055.6787711110865
1,All Population,2,DALYs (Disability-Adjusted Life Years),94,Switzerland,3,Both,228,55+ years,697,Falls,1,Number,1995,63036.84691602023,80964.0784654365,49840.3362363606
1,All Population,2,DALYs (Disability-Adjusted Life Years),94,Switzerland,3,Both,228,55+ years,697,Falls,2,Percent,1995,0.0501878868221708,0.060221183298468095,0.042591524619533555
1,All Population,2,DALYs (Disability-Adjusted Life Years),94,Switzerland,3,Both,228,55+ years,697,Falls,3,Rate,1995,3560.4231079335914,4572.982152247028,2815.0628326877854
1,All Population,2,DALYs (Disability-Adjusted Life Years),77,Cyprus,3,Both,228,55+ years,697,Falls,1,Number,1993,3190.8588576227357,3973.278855896796,2540.317915169814
1,All Population,2,DALYs (Disability-Adjusted Life Years),77,Cyprus,3,Both,228,55+ years,697,Falls,2,Percent,1993,0.025270608858966873,0.03044254659250282,0.020675469687073265
1,All Population,2,DALYs (Disability-Adjusted Life Years),77,Cyprus,3,Both,228,55+ years,697,Falls,3,Rate,1993,2141.033649475759,2666.0294637925285,1704.5273324301124
1,All Population,2,DALYs (Disability-Adjusted Life Years),86,Italy,3,Both,228,55+ years,697,Falls,1,Number,1993,391443.02869332646,495920.052289573,308344.2473782461
1,All Population,2,DALYs (Disability-Adjusted Life Years),86,Italy,3,Both,228,55+ years,697,Falls,2,Percent,1993,0.03363983827013824,0.0398260742358805,0.028611971149620743
1,All Population,2,DALYs (Disability-Adjusted Life Years),86,Italy,3,Both,228,55+ years,697,Falls,3,Rate,1993,2473.636382864803,3133.8554895986517,1948.512281105029
1,All Population,2,DALYs (Disability-Adjusted Life Years),81,Germany,3,Both,228,55+ years,697,Falls,1,Number,1991,510908.62730987096,638398.0518145635,406543.05284935795
1,All Population,2,DALYs (Disability-Adjusted Life Years),81,Germany,3,Both,228,55+ years,697,Falls,2,Percent,1991,0.027987533960324038,0.032861492992718566,0.023757763482102255
1,All Population,2,DALYs (Disability-Adjusted Life Years),81,Germany,3,Both,228,55+ years,697,Falls,3,Rate,1991,2391.817052247082,2988.6583722245346,1903.2299599198707
1,All Population,2,DALYs (Disability-Adjusted Life Years),76,Belgium,3,Both,228,55+ years,697,Falls,1,Number,1993,67893.73860920315,87773.17770118118,53727.81360437388
1,All Population,2,DALYs (Disability-Adjusted Life Years),76,Belgium,3,Both,228,55+ years,697,Falls,2,Percent,1993,0.03153570888114315,0.03810128850401193,0.026682519770449338
1,All Population,2,DALYs (Disability-Adjusted Life Years),76,Belgium,3,Both,228,55+ years,697,Falls,3,Rate,1993,2531.962540318483,3273.3268565944477,2003.6724181962804
1,All Population,2,DALYs (Disability-Adjusted Life Years),82,Greece,3,Both,228,55+ years,697,Falls,1,Number,1994,44230.71561032562,58731.05446057711,33472.733906129826
1,All Population,2,DALYs (Disability-Adjusted Life Years),82,Greece,3,Both,228,55+ years,697,Falls,2,Percent,1994,0.02139791409746301,0.026475958398943032,0.017344068200771365
1,All Population,2,DALYs (Disability-Adjusted Life Years),82,Greece,3,Both,228,55+ years,697,Falls,3,Rate,1994,1544.8760664511253,2051.3391913650576,1169.1247762266617
1,All Population,2,DALYs (Disability-Adjusted Life Years),73,Western Europe,3,Both,228,55+ years,697,Falls,1,Number,1994,2454407.305138938,3153203.9871456004,1943187.4977047872
1,All Population,2,DALYs (Disability-Adjusted Life Years),73,Western Europe,3,Both,228,55+ years,697,Falls,2,Percent,1994,0.031240361618385813,0.037504333467759096,0.0265734445918199
1,All Population,2,DALYs (Disability-Adjusted Life Years),73,Western Europe,3,Both,228,55+ years,697,Falls,3,Rate,1994,2413.3316985914576,3100.4337048584025,1910.6673838114705
1,All Population,2,DALYs (Disability-Adjusted Life Years),86,Italy,3,Both,228,55+ years,697,Falls,1,Number,1992,385065.08708591235,487830.22648067167,304361.38619498647
1,All Population,2,DALYs (Disability-Adjusted Life Years),86,Italy,3,Both,228,55+ years,697,Falls,2,Percent,1992,0.0333365504068703,0.03937096005638291,0.028242263783976145
1,All Population,2,DALYs (Disability-Adjusted Life Years),86,Italy,3,Both,228,55+ years,697,Falls,3,Rate,1992,2465.8823982233866,3123.970490037259,1949.0714948915604
1,All Population,2,DALYs (Disability-Adjusted Life Years),90,Norway,3,Both,228,55+ years,697,Falls,1,Number,1991,31850.099590171663,39414.6848440754,25556.586305803034
1,All Population,2,DALYs (Disability-Adjusted Life Years),90,Norway,3,Both,228,55+ years,697,Falls,2,Percent,1991,0.035140066237454894,0.04111471870273262,0.030062472431006702
1,All Population,2,DALYs (Disability-Adjusted Life Years),90,Norway,3,Both,228,55+ years,697,Falls,3,Rate,1991,2972.8494480417517,3678.918609083624,2385.4205943042857
1,All Population,2,DALYs (Disability-Adjusted Life Years),89,Netherlands,3,Both,228,55+ years,697,Falls,1,Number,1994,105477.9868627203,136976.45123146626,80682.39916752311
1,All Population,2,DALYs (Disability-Adjusted Life Years),89,Netherlands,3,Both,228,55+ years,697,Falls,2,Percent,1994,0.038436492188772244,0.046788088571842704,0.03152515328528902
1,All Population,2,DALYs (Disability-Adjusted Life Years),89,Netherlands,3,Both,228,55+ years,697,Falls,3,Rate,1994,3066.0703782868763,3981.678567588323,2345.3037121254806
1,All Population,2,DALYs (Disability-Adjusted Life Years),81,Germany,3,Both,228,55+ years,697,Falls,1,Number,1992,514680.46240103815,649018.3230093366,408495.5620458783
1,All Population,2,DALYs (Disability-Adjusted Life Years),81,Germany,3,Both,228,55+ years,697,Falls,2,Percent,1992,0.028604930650933766,0.03382473603280961,0.024296265022696252
1,All Population,2,DALYs (Disability-Adjusted Life Years),81,Germany,3,Both,228,55+ years,697,Falls,3,Rate,1992,2374.0808893436515,2993.7448767770125,1884.2788449955697
1,All Population,2,DALYs (Disability-Adjusted Life Years),79,Finland,3,Both,228,55+ years,697,Falls,1,Number,1994,43513.9287430374,55438.88077781595,34328.73119469182
1,All Population,2,DALYs (Disability-Adjusted Life Years),79,Finland,3,Both,228,55+ years,697,Falls,2,Percent,1994,0.044057735483528725,0.05276132075643758,0.03746812572259873
1,All Population,2,DALYs (Disability-Adjusted Life Years),79,Finland,3,Both,228,55+ years,697,Falls,3,Rate,1994,3528.5658481496703,4495.5660640857095,2783.733668803276
1,All Population,2,DALYs (Disability-Adjusted Life Years),85,Israel,3,Both,228,55+ years,697,Falls,1,Number,1992,13066.580565541686,16755.5262132089,10358.538872362959
1,All Population,2,DALYs (Disability-Adjusted Life Years),85,Israel,3,Both,228,55+ years,697,Falls,2,Percent,1992,0.01957761336765563,0.023467656440730615,0.01653640902691817
1,All Population,2,DALYs (Disability-Adjusted Life Years),85,Israel,3,Both,228,55+ years,697,Falls,3,Rate,1992,1503.1724697776242,1927.5468125725995,1191.6407955360019
1,All Population,2,DALYs (Disability-Adjusted Life Years),75,Austria,3,Both,228,55+ years,697,Falls,1,Number,1996,56570.490722909635,73316.29959942175,44027.81653536703
1,All Population,2,DALYs (Disability-Adjusted Life Years),75,Austria,3,Both,228,55+ years,697,Falls,2,Percent,1996,0.03479623929428459,0.042003703574359064,0.029212421008749795
1,All Population,2,DALYs (Disability-Adjusted Life Years),75,Austria,3,Both,228,55+ years,697,Falls,3,Rate,1996,2772.623155892568,3593.365858701861,2157.8837671265246
1,All Population,2,DALYs (Disability-Adjusted Life Years),79,Finland,3,Both,228,55+ years,697,Falls,1,Number,1992,41189.44170930497,52388.7728645582,32861.55756980261
1,All Population,2,DALYs (Disability-Adjusted Life Years),79,Finland,3,Both,228,55+ years,697,Falls,2,Percent,1992,0.04088102277987957,0.048555055669938736,0.03504107244440296
1,All Population,2,DALYs (Disability-Adjusted Life Years),79,Finland,3,Both,228,55+ years,697,Falls,3,Rate,1992,3425.254692585756,4356.574953347801,2732.719833058952
1,All Population,2,DALYs (Disability-Adjusted Life Years),77,Cyprus,3,Both,228,55+ years,697,Falls,1,Number,1992,3338.91624517859,4172.701216006189,2676.263139964234
1,All Population,2,DALYs (Disability-Adjusted Life Years),77,Cyprus,3,Both,228,55+ years,697,Falls,2,Percent,1992,0.024980798798187716,0.03051938845916062,0.02051744939841856
1,All Population,2,DALYs (Disability-Adjusted Life Years),77,Cyprus,3,Both,228,55+ years,697,Falls,3,Rate,1992,2193.7202396377925,2741.5300173318365,1758.3467765068517
1,All Population,2,DALYs (Disability-Adjusted Life Years),79,Finland,3,Both,228,55+ years,697,Falls,1,Number,1993,42626.886931563684,54172.63868834508,33765.33106355215
1,All Population,2,DALYs (Disability-Adjusted Life Years),79,Finland,3,Both,228,55+ years,697,Falls,2,Percent,1993,0.042086819658047295,0.050269838805462576,0.03608625675869176
1,All Population,2,DALYs (Disability-Adjusted Life Years),79,Finland,3,Both,228,55+ years,697,Falls,3,Rate,1993,3498.6059815885837,4446.224704557117,2771.2929029727065
1,All Population,2,DALYs (Disability-Adjusted Life Years),92,Spain,3,Both,228,55+ years,697,Falls,1,Number,1991,184689.90075397468,243818.45620248545,140262.37367582077
1,All Population,2,DALYs (Disability-Adjusted Life Years),92,Spain,3,Both,228,55+ years,697,Falls,2,Percent,1991,0.02619716543323691,0.03229157354024971,0.021484372643525134
1,All Population,2,DALYs (Disability-Adjusted Life Years),92,Spain,3,Both,228,55+ years,697,Falls,3,Rate,1991,1897.6739339404753,2505.2151041296534,1441.1846524937584
1,All Population,2,DALYs (Disability-Adjusted Life Years),87,Luxembourg,3,Both,228,55+ years,697,Falls,1,Number,1993,2439.205349193113,3083.642095252795,1930.305492563195
1,All Population,2,DALYs (Disability-Adjusted Life Years),87,Luxembourg,3,Both,228,55+ years,697,Falls,2,Percent,1993,0.031758262882632324,0.03782880937952428,0.026920375638669496
1,All Population,2,DALYs (Disability-Adjusted Life Years),87,Luxembourg,3,Both,228,55+ years,697,Falls,3,Rate,1993,2551.5122037476804,3225.620360594189,2019.1813792411594
1,All Population,2,DALYs (Disability-Adjusted Life Years),74,Andorra,3,Both,228,55+ years,697,Falls,1,Number,1992,312.7411497332187,411.60554964647764,239.78132699753917
1,All Population,2,DALYs (Disability-Adjusted Life Years),74,Andorra,3,Both,228,55+ years,697,Falls,2,Percent,1992,0.047617265968458854,0.05700885961416099,0.038763166132462015
1,All Population,2,DALYs (Disability-Adjusted Life Years),74,Andorra,3,Both,228,55+ years,697,Falls,3,Rate,1992,2817.423381621968,3708.0732758340014,2160.1427178210974
1,All Population,2,DALYs (Disability-Adjusted Life Years),94,Switzerland,3,Both,228,55+ years,697,Falls,1,Number,1992,63114.88067608803,79266.48304958573,51200.2380398804
1,All Population,2,DALYs (Disability-Adjusted Life Years),94,Switzerland,3,Both,228,55+ years,697,Falls,2,Percent,1992,0.050607313037388114,0.059248248408784544,0.04386071571343939
1,All Population,2,DALYs (Disability-Adjusted Life Years),94,Switzerland,3,Both,228,55+ years,697,Falls,3,Rate,1992,3677.283673568766,4618.329954157552,2983.0968134622235
1,All Population,2,DALYs (Disability-Adjusted Life Years),81,Germany,3,Both,228,55+ years,697,Falls,1,Number,1994,526629.2492712422,673169.3587827329,417016.9442163686
1,All Population,2,DALYs (Disability-Adjusted Life Years),81,Germany,3,Both,228,55+ years,697,Falls,2,Percent,1994,0.028838218589135954,0.03432185217078653,0.024452559053228334
1,All Population,2,DALYs (Disability-Adjusted Life Years),81,Germany,3,Both,228,55+ years,697,Falls,3,Rate,1994,2325.151956348322,2972.1498638622784,1841.1961831153023
1,All Population,2,DALYs (Disability-Adjusted Life Years),91,Portugal,3,Both,228,55+ years,697,Falls,1,Number,1993,38453.075482383196,49148.898423959414,30685.392777125053
1,All Population,2,DALYs (Disability-Adjusted Life Years),91,Portugal,3,Both,228,55+ years,697,Falls,2,Percent,1993,0.01826251021274594,0.02200563333394276,0.015459030675488927
1,All Population,2,DALYs (Disability-Adjusted Life Years),91,Portugal,3,Both,228,55+ years,697,Falls,3,Rate,1993,1500.4496959588246,1917.803680767395,1197.3525572462438
1,All Population,2,DALYs (Disability-Adjusted Life Years),92,Spain,3,Both,228,55+ years,697,Falls,1,Number,1993,192638.1946948961,256933.60606712368,144986.59284867297
1,All Population,2,DALYs (Disability-Adjusted Life Years),92,Spain,3,Both,228,55+ years,697,Falls,2,Percent,1993,0.027122346440257638,0.03360028464344177,0.022199407714189726
1,All Population,2,DALYs (Disability-Adjusted Life Years),92,Spain,3,Both,228,55+ years,697,Falls,3,Rate,1993,1920.6727584481573,2561.7213589681232,1445.5689831692498
1,All Population,2,DALYs (Disability-Adjusted Life Years),94,Switzerland,3,Both,228,55+ years,697,Falls,1,Number,1996,63653.197341031235,82023.80804284253,49815.46533273721
1,All Population,2,DALYs (Disability-Adjusted Life Years),94,Switzerland,3,Both,228,55+ years,697,Falls,2,Percent,1996,0.05055005672194666,0.06065052568970041,0.04251502681235772
1,All Population,2,DALYs (Disability-Adjusted Life Years),94,Switzerland,3,Both,228,55+ years,697,Falls,3,Rate,1996,3549.3058540467296,4573.652137188147,2777.713141105218
1,All Population,2,DALYs (Disability-Adjusted Life Years),86,Italy,3,Both,228,55+ years,697,Falls,1,Number,1996,410250.69075677486,522994.64319084794,324298.77981371555
1,All Population,2,DALYs (Disability-Adjusted Life Years),86,Italy,3,Both,228,55+ years,697,Falls,2,Percent,1996,0.03502446532368208,0.04170146833841189,0.029783710191173075
1,All Population,2,DALYs (Disability-Adjusted Life Years),86,Italy,3,Both,228,55+ years,697,Falls,3,Rate,1996,2484.102899334069,3166.777140801482,1963.6567526545919
1,All Population,2,DALYs (Disability-Adjusted Life Years),78,Denmark,3,Both,228,55+ years,697,Falls,1,Number,1993,46065.38643547357,56526.75919481742,37742.10104909989
1,All Population,2,DALYs (Disability-Adjusted Life Years),78,Denmark,3,Both,228,55+ years,697,Falls,2,Percent,1993,0.03783720042738513,0.043869203588448376,0.032329091567184554
1,All Population,2,DALYs (Disability-Adjusted Life Years),78,Denmark,3,Both,228,55+ years,697,Falls,3,Rate,1993,3532.1229203282574,4334.262169786968,2893.9242779088718
1,All Population,2,DALYs (Disability-Adjusted Life Years),88,Malta,3,Both,228,55+ years,697,Falls,1,Number,1993,1447.9731404282234,1857.423414165527,1154.7794059667372
1,All Population,2,DALYs (Disability-Adjusted Life Years),88,Malta,3,Both,228,55+ years,697,Falls,2,Percent,1993,0.02508980347423523,0.03002799978509938,0.021375426807676998
1,All Population,2,DALYs (Disability-Adjusted Life Years),88,Malta,3,Both,228,55+ years,697,Falls,3,Rate,1993,1873.3064903405004,2403.030304856112,1493.9888701728792
1,All Population,2,DALYs (Disability-Adjusted Life Years),83,Iceland,3,Both,228,55+ years,697,Falls,1,Number,1992,1057.2514000855597,1353.2691688501084,819.4656995780412
1,All Population,2,DALYs (Disability-Adjusted Life Years),83,Iceland,3,Both,228,55+ years,697,Falls,2,Percent,1992,0.02973492535449286,0.03599989163821748,0.02491027308455854
1,All Population,2,DALYs (Disability-Adjusted Life Years),83,Iceland,3,Both,228,55+ years,697,Falls,3,Rate,1992,2175.9904402677835,2785.2417828802677,1686.5898955204639
1,All Population,2,DALYs (Disability-Adjusted Life Years),81,Germany,3,Both,228,55+ years,697,Falls,1,Number,1993,524829.4238709426,664304.8743895267,415983.0995799623
1,All Population,2,DALYs (Disability-Adjusted Life Years),81,Germany,3,Both,228,55+ years,697,Falls,2,Percent,1993,0.02872808934731919,0.034059865013752605,0.024385950011511736
1,All Population,2,DALYs (Disability-Adjusted Life Years),81,Germany,3,Both,228,55+ years,697,Falls,3,Rate,1993,2370.0387148436494,2999.8856755212787,1878.5075795742869
1,All Population,2,DALYs (Disability-Adjusted Life Years),396,San Marino,3,Both,228,55+ years,697,Falls,1,Number,1994,106.6846086932402,141.58471550699463,80.83534188642437
1,All Population,2,DALYs (Disability-Adjusted Life Years),396,San Marino,3,Both,228,55+ years,697,Falls,2,Percent,1994,0.02810560872700429,0.03452482971052626,0.022808150842554123
1,All Population,2,DALYs (Disability-Adjusted Life Years),396,San Marino,3,Both,228,55+ years,697,Falls,3,Rate,1994,1870.7940608617819,2482.7934237534864,1417.5079176012064
1,All Population,2,DALYs (Disability-Adjusted Life Years),367,Monaco,3,Both,228,55+ years,697,Falls,1,Number,1994,189.83019257503838,251.6906793201949,143.05792544060756
1,All Population,2,DALYs (Disability-Adjusted Life Years),367,Monaco,3,Both,228,55+ years,697,Falls,2,Percent,1994,0.019219119366082824,0.023552025573679778,0.0152782833629183
1,All Population,2,DALYs (Disability-Adjusted Life Years),367,Monaco,3,Both,228,55+ years,697,Falls,3,Rate,1994,1682.5538561393412,2230.8523070012934,1267.9893584696263
1,All Population,2,DALYs (Disability-Adjusted Life Years),396,San Marino,3,Both,228,55+ years,697,Falls,1,Number,1993,103.18333003620094,136.9363386314952,77.04704560392813
1,All Population,2,DALYs (Disability-Adjusted Life Years),396,San Marino,3,Both,228,55+ years,697,Falls,2,Percent,1993,0.02758635615211535,0.034080521705000304,0.022473875601184752
1,All Population,2,DALYs (Disability-Adjusted Life Years),396,San Marino,3,Both,228,55+ years,697,Falls,3,Rate,1993,1845.3990705149884,2449.060249767367,1377.9604350192171
1,All Population,2,DALYs (Disability-Adjusted Life Years),91,Portugal,3,Both,228,55+ years,697,Falls,1,Number,1994,38347.23162595936,49168.86655350954,30456.332824868623
1,All Population,2,DALYs (Disability-Adjusted Life Years),91,Portugal,3,Both,228,55+ years,697,Falls,2,Percent,1994,0.01866230065795951,0.022559945929880268,0.0157290272501968
1,All Population,2,DALYs (Disability-Adjusted Life Years),91,Portugal,3,Both,228,55+ years,697,Falls,3,Rate,1994,1475.7383550887496,1892.193495400443,1172.0684023141057
1,All Population,2,DALYs (Disability-Adjusted Life Years),83,Iceland,3,Both,228,55+ years,697,Falls,1,Number,1994,1102.3351383515237,1412.858759551565,857.1022161406299
1,All Population,2,DALYs (Disability-Adjusted Life Years),83,Iceland,3,Both,228,55+ years,697,Falls,2,Percent,1994,0.03045109995008971,0.03670554365835176,0.025541051041095844
1,All Population,2,DALYs (Disability-Adjusted Life Years),83,Iceland,3,Both,228,55+ years,697,Falls,3,Rate,1994,2226.805124000374,2854.087668803821,1731.4150119066576
1,All Population,2,DALYs (Disability-Adjusted Life Years),95,United Kingdom,3,Both,228,55+ years,697,Falls,1,Number,1995,278439.79740001116,357865.377018262,215440.34123847372
1,All Population,2,DALYs (Disability-Adjusted Life Years),95,United Kingdom,3,Both,228,55+ years,697,Falls,2,Percent,1995,0.021626206357032114,0.026202152244647843,0.017785848557164547
1,All Population,2,DALYs (Disability-Adjusted Life Years),95,United Kingdom,3,Both,228,55+ years,697,Falls,3,Rate,1995,1854.9050785107047,2384.020931823503,1435.2164698109639
1,All Population,2,DALYs (Disability-Adjusted Life Years),84,Ireland,3,Both,228,55+ years,697,Falls,1,Number,1995,13555.550373783355,17273.09394580201,10519.302745331846
1,All Population,2,DALYs (Disability-Adjusted Life Years),84,Ireland,3,Both,228,55+ years,697,Falls,2,Percent,1995,0.021484717932211142,0.026023883086389477,0.01775735612403992
1,All Population,2,DALYs (Disability-Adjusted Life Years),84,Ireland,3,Both,228,55+ years,697,Falls,3,Rate,1995,1909.146350632405,2432.7204253201216,1481.525123929187
1,All Population,2,DALYs (Disability-Adjusted Life Years),92,Spain,3,Both,228,55+ years,697,Falls,1,Number,1992,188174.7754769965,248962.66266382707,141292.9701678408
1,All Population,2,DALYs (Disability-Adjusted Life Years),92,Spain,3,Both,228,55+ years,697,Falls,2,Percent,1992,0.02688008937183747,0.03304202420735413,0.02197324045224494
1,All Population,2,DALYs (Disability-Adjusted Life Years),92,Spain,3,Both,228,55+ years,697,Falls,3,Rate,1992,1900.7920187307286,2514.8229402893726,1427.2292836115103
1,All Population,2,DALYs (Disability-Adjusted Life Years),75,Austria,3,Both,228,55+ years,697,Falls,1,Number,1994,54309.37855294615,69961.40216143984,42701.25216824929
1,All Population,2,DALYs (Disability-Adjusted Life Years),75,Austria,3,Both,228,55+ years,697,Falls,2,Percent,1994,0.03395288448456156,0.04079927332290763,0.028634276496646592
1,All Population,2,DALYs (Disability-Adjusted Life Years),75,Austria,3,Both,228,55+ years,697,Falls,3,Rate,1994,2778.1531674422354,3578.8200158471604,2184.3486728414423
1,All Population,2,DALYs (Disability-Adjusted Life Years),87,Luxembourg,3,Both,228,55+ years,697,Falls,1,Number,1992,2398.70626102396,3015.9752067180143,1875.8394744513591
1,All Population,2,DALYs (Disability-Adjusted Life Years),87,Luxembourg,3,Both,228,55+ years,697,Falls,2,Percent,1992,0.031168999904448682,0.037170700204058944,0.02641985526340684
1,All Population,2,DALYs (Disability-Adjusted Life Years),87,Luxembourg,3,Both,228,55+ years,697,Falls,3,Rate,1992,2529.00388413131,3179.802852966917,1977.7349957260726
1,All Population,2,DALYs (Disability-Adjusted Life Years),77,Cyprus,3,Both,228,55+ years,697,Falls,1,Number,1996,3532.296486234545,4404.432037705525,2754.8738009060867
1,All Population,2,DALYs (Disability-Adjusted Life Years),77,Cyprus,3,Both,228,55+ years,697,Falls,2,Percent,1996,0.026266092555610854,0.030753570835921836,0.021839575125041946
1,All Population,2,DALYs (Disability-Adjusted Life Years),77,Cyprus,3,Both,228,55+ years,697,Falls,3,Rate,1996,2166.678277225566,2701.638227935332,1689.8143301906023
1,All Population,2,DALYs (Disability-Adjusted Life Years),84,Ireland,3,Both,228,55+ years,697,Falls,1,Number,1994,13438.450738327401,17113.291449352662,10506.021289531865
1,All Population,2,DALYs (Disability-Adjusted Life Years),84,Ireland,3,Both,228,55+ years,697,Falls,2,Percent,1994,0.021376096080686156,0.025714976630605985,0.017817747446988913
1,All Population,2,DALYs (Disability-Adjusted Life Years),84,Ireland,3,Both,228,55+ years,697,Falls,3,Rate,1994,1910.8429575792372,2433.3766654910255,1493.8743449066787
1,All Population,2,DALYs (Disability-Adjusted Life Years),83,Iceland,3,Both,228,55+ years,697,Falls,1,Number,1993,1078.0465435052492,1376.239521943176,834.635098666183
1,All Population,2,DALYs (Disability-Adjusted Life Years),83,Iceland,3,Both,228,55+ years,697,Falls,2,Percent,1993,0.0302837091858089,0.03644723699820967,0.025458087399667623
1,All Population,2,DALYs (Disability-Adjusted Life Years),83,Iceland,3,Both,228,55+ years,697,Falls,3,Rate,1993,2196.0435297037693,2803.479975603859,1700.2002549258336
1,All Population,2,DALYs (Disability-Adjusted Life Years),367,Monaco,3,Both,228,55+ years,697,Falls,1,Number,1993,187.80091561060902,250.55682244109067,141.74516810949535
1,All Population,2,DALYs (Disability-Adjusted Life Years),367,Monaco,3,Both,228,55+ years,697,Falls,2,Percent,1993,0.01905311711671252,0.023392812040622983,0.015174915125482647
1,All Population,2,DALYs (Disability-Adjusted Life Years),367,Monaco,3,Both,228,55+ years,697,Falls,3,Rate,1993,1676.8795363409945,2237.22875299099,1265.6465012708359
1,All Population,2,DALYs (Disability-Adjusted Life Years),76,Belgium,3,Both,228,55+ years,697,Falls,1,Number,1992,65482.166271898954,84354.34829609453,51451.99617988572
1,All Population,2,DALYs (Disability-Adjusted Life Years),76,Belgium,3,Both,228,55+ years,697,Falls,2,Percent,1992,0.0307662053342811,0.03720010661591111,0.025986397114590894
1,All Population,2,DALYs (Disability-Adjusted Life Years),76,Belgium,3,Both,228,55+ years,697,Falls,3,Rate,1992,2463.1207741947032,3173.0005207682107,1935.373978591924
1,All Population,2,DALYs (Disability-Adjusted Life Years),90,Norway,3,Both,228,55+ years,697,Falls,1,Number,1995,33193.08346485268,41690.19871354859,26709.69344036078
1,All Population,2,DALYs (Disability-Adjusted Life Years),90,Norway,3,Both,228,55+ years,697,Falls,2,Percent,1995,0.037683433506022476,0.04435725535318189,0.03214555731693326
1,All Population,2,DALYs (Disability-Adjusted Life Years),90,Norway,3,Both,228,55+ years,697,Falls,3,Rate,1995,3118.814327064604,3917.201280310844,2509.6365229674325
1,All Population,2,DALYs (Disability-Adjusted Life Years),76,Belgium,3,Both,228,55+ years,697,Falls,1,Number,1995,70079.90090268051,91462.68747569437,55685.74613920899
1,All Population,2,DALYs (Disability-Adjusted Life Years),76,Belgium,3,Both,228,55+ years,697,Falls,2,Percent,1995,0.032920037680660375,0.04009157650208206,0.027531400673228026
1,All Population,2,DALYs (Disability-Adjusted Life Years),76,Belgium,3,Both,228,55+ years,697,Falls,3,Rate,1995,2578.921906727393,3365.8028242189935,2049.220800273326
1,All Population,2,DALYs (Disability-Adjusted Life Years),88,Malta,3,Both,228,55+ years,697,Falls,1,Number,1992,1442.2502976982635,1840.6990168412622,1143.9462522505396
1,All Population,2,DALYs (Disability-Adjusted Life Years),88,Malta,3,Both,228,55+ years,697,Falls,2,Percent,1992,0.02464674257095341,0.029282543082568297,0.020939954805781785
1,All Population,2,DALYs (Disability-Adjusted Life Years),88,Malta,3,Both,228,55+ years,697,Falls,3,Rate,1992,1901.8140937731434,2427.2259386667606,1508.4573797773635
1,All Population,2,DALYs (Disability-Adjusted Life Years),88,Malta,3,Both,228,55+ years,697,Falls,1,Number,1996,1536.7992534998727,1980.9977397199418,1210.8719832774382
1,All Population,2,DALYs (Disability-Adjusted Life Years),88,Malta,3,Both,228,55+ years,697,Falls,2,Percent,1996,0.026087022839292446,0.031302971878685755,0.022021484012735498
1,All Population,2,DALYs (Disability-Adjusted Life Years),88,Malta,3,Both,228,55+ years,697,Falls,3,Rate,1996,1894.836172396752,2442.522122592808,1492.9757603868297
1,All Population,2,DALYs (Disability-Adjusted Life Years),89,Netherlands,3,Both,228,55+ years,697,Falls,1,Number,1995,115075.85566066887,150091.46206682076,87405.44920647473
1,All Population,2,DALYs (Disability-Adjusted Life Years),89,Netherlands,3,Both,228,55+ years,697,Falls,2,Percent,1995,0.04144174074102682,0.05063332543422424,0.03398888773975077
1,All Population,2,DALYs (Disability-Adjusted Life Years),89,Netherlands,3,Both,228,55+ years,697,Falls,3,Rate,1995,3305.353859971416,4311.116268856736,2510.5695478734565
1,All Population,2,DALYs (Disability-Adjusted Life Years),93,Sweden,3,Both,228,55+ years,697,Falls,1,Number,1994,61433.01910573637,78550.02085484593,48262.439991906824
1,All Population,2,DALYs (Disability-Adjusted Life Years),93,Sweden,3,Both,228,55+ years,697,Falls,2,Percent,1994,0.03382432121822484,0.04053730255558348,0.028306722787767753
1,All Population,2,DALYs (Disability-Adjusted Life Years),93,Sweden,3,Both,228,55+ years,697,Falls,3,Rate,1994,2573.4856400971826,3290.5325774621497,2021.7579745096173
1,All Population,2,DALYs (Disability-Adjusted Life Years),90,Norway,3,Both,228,55+ years,697,Falls,1,Number,1996,34669.9214671288,43388.788789013954,27996.835144149212
1,All Population,2,DALYs (Disability-Adjusted Life Years),90,Norway,3,Both,228,55+ years,697,Falls,2,Percent,1996,0.03986641487826404,0.04683345405510685,0.03432215314593702
1,All Population,2,DALYs (Disability-Adjusted Life Years),90,Norway,3,Both,228,55+ years,697,Falls,3,Rate,1996,3253.973750846842,4072.2901531331754,2627.665792442663
1,All Population,2,DALYs (Disability-Adjusted Life Years),74,Andorra,3,Both,228,55+ years,697,Falls,1,Number,1998,443.08295354525694,575.3337381719823,338.32902488425873
1,All Population,2,DALYs (Disability-Adjusted Life Years),74,Andorra,3,Both,228,55+ years,697,Falls,2,Percent,1998,0.05517385507488165,0.06647638488829803,0.045548422685107406
1,All Population,2,DALYs (Disability-Adjusted Life Years),74,Andorra,3,Both,228,55+ years,697,Falls,3,Rate,1998,3318.808058749815,4309.40127901084,2534.1735341216545
1,All Population,2,DALYs (Disability-Adjusted Life Years),73,Western Europe,3,Both,228,55+ years,697,Falls,1,Number,1995,2501711.963488585,3218355.3307878766,1979995.1248748305
1,All Population,2,DALYs (Disability-Adjusted Life Years),73,Western Europe,3,Both,228,55+ years,697,Falls,2,Percent,1995,0.03156901688706078,0.037948966994111384,0.026769182041292625
1,All Population,2,DALYs (Disability-Adjusted Life Years),73,Western Europe,3,Both,228,55+ years,697,Falls,3,Rate,1995,2429.801424145463,3125.845213311343,1923.0810918428435
1,All Population,2,DALYs (Disability-Adjusted Life Years),77,Cyprus,3,Both,228,55+ years,697,Falls,1,Number,1994,3284.464670658745,4073.870128585556,2593.4720154971715
1,All Population,2,DALYs (Disability-Adjusted Life Years),77,Cyprus,3,Both,228,55+ years,697,Falls,2,Percent,1994,0.025793235453719036,0.030941100523893875,0.02117325929657858
1,All Population,2,DALYs (Disability-Adjusted Life Years),77,Cyprus,3,Both,228,55+ years,697,Falls,3,Rate,1994,2157.566376882574,2676.1271910589917,1703.6529788278426
1,All Population,2,DALYs (Disability-Adjusted Life Years),74,Andorra,3,Both,228,55+ years,697,Falls,1,Number,1995,372.44190351703554,492.1813639208374,289.276638818594
1,All Population,2,DALYs (Disability-Adjusted Life Years),74,Andorra,3,Both,228,55+ years,697,Falls,2,Percent,1995,0.051144127595602384,0.06172567870909143,0.041969952630191515
1,All Population,2,DALYs (Disability-Adjusted Life Years),74,Andorra,3,Both,228,55+ years,697,Falls,3,Rate,1995,3048.1113663684782,4028.0741654334943,2367.476383514655
1,All Population,2,DALYs (Disability-Adjusted Life Years),90,Norway,3,Both,228,55+ years,697,Falls,1,Number,1992,31835.60688182418,39593.01311742479,25524.816775041818
1,All Population,2,DALYs (Disability-Adjusted Life Years),90,Norway,3,Both,228,55+ years,697,Falls,2,Percent,1992,0.03534773882660086,0.041324876809860744,0.030286180487438863
1,All Population,2,DALYs (Disability-Adjusted Life Years),90,Norway,3,Both,228,55+ years,697,Falls,3,Rate,1992,2983.1925238200156,3710.109286304945,2391.832606107912
1,All Population,2,DALYs (Disability-Adjusted Life Years),80,France,3,Both,228,55+ years,697,Falls,1,Number,1995,470667.2871827787,602926.5176416608,381530.9038481534
1,All Population,2,DALYs (Disability-Adjusted Life Years),80,France,3,Both,228,55+ years,697,Falls,2,Percent,1995,0.04496998708349908,0.05373179598019151,0.038363410369300806
1,All Population,2,DALYs (Disability-Adjusted Life Years),80,France,3,Both,228,55+ years,697,Falls,3,Rate,1995,3218.4231291332744,4122.811808656974,2608.9084983447524
1,All Population,2,DALYs (Disability-Adjusted Life Years),91,Portugal,3,Both,228,55+ years,697,Falls,1,Number,1995,38969.0287552271,50308.59752700871,30843.451408999255
1,All Population,2,DALYs (Disability-Adjusted Life Years),91,Portugal,3,Both,228,55+ years,697,Falls,2,Percent,1995,0.018679941222884466,0.022640367425608918,0.015677129152433814
1,All Population,2,DALYs (Disability-Adjusted Life Years),91,Portugal,3,Both,228,55+ years,697,Falls,3,Rate,1995,1477.0715393253406,1906.883490919705,1169.0818505371649
1,All Population,2,DALYs (Disability-Adjusted Life Years),92,Spain,3,Both,228,55+ years,697,Falls,1,Number,1996,206991.97777768565,275514.6290804441,155976.6549710735
1,All Population,2,DALYs (Disability-Adjusted Life Years),92,Spain,3,Both,228,55+ years,697,Falls,2,Percent,1996,0.02851015214676838,0.035209084684683034,0.023306612840415204
1,All Population,2,DALYs (Disability-Adjusted Life Years),92,Spain,3,Both,228,55+ years,697,Falls,3,Rate,1996,2002.3190366947097,2665.1669915834123,1508.8267133906838
1,All Population,2,DALYs (Disability-Adjusted Life Years),92,Spain,3,Both,228,55+ years,697,Falls,1,Number,1995,200428.88575044283,267430.76944717485,150986.6562427878
1,All Population,2,DALYs (Disability-Adjusted Life Years),92,Spain,3,Both,228,55+ years,697,Falls,2,Percent,1995,0.027997724190651514,0.03461515139041332,0.022833994001844885
1,All Population,2,DALYs (Disability-Adjusted Life Years),92,Spain,3,Both,228,55+ years,697,Falls,3,Rate,1995,1973.2353150663869,2632.873184085827,1486.4733747660403
1,All Population,2,DALYs (Disability-Adjusted Life Years),84,Ireland,3,Both,228,55+ years,697,Falls,1,Number,1998,14862.646759837227,19037.78483554535,11775.924716867226
1,All Population,2,DALYs (Disability-Adjusted Life Years),84,Ireland,3,Both,228,55+ years,697,Falls,2,Percent,1998,0.023881072764572013,0.02874975237965788,0.019994119181195067
1,All Population,2,DALYs (Disability-Adjusted Life Years),84,Ireland,3,Both,228,55+ years,697,Falls,3,Rate,1998,2026.6319746773718,2595.942976926859,1605.7345604880716
1,All Population,2,DALYs (Disability-Adjusted Life Years),86,Italy,3,Both,228,55+ years,697,Falls,1,Number,1994,396860.79747006396,504556.87098092766,313033.6740890828
1,All Population,2,DALYs (Disability-Adjusted Life Years),86,Italy,3,Both,228,55+ years,697,Falls,2,Percent,1994,0.03389298336745371,0.040258208105900084,0.028835001266313907
1,All Population,2,DALYs (Disability-Adjusted Life Years),86,Italy,3,Both,228,55+ years,697,Falls,3,Rate,1994,2471.4323638182486,3142.104708448043,1949.402808341256
1,All Population,2,DALYs (Disability-Adjusted Life Years),75,Austria,3,Both,228,55+ years,697,Falls,1,Number,1998,57969.92594333777,75332.78420875437,45300.30620991737
1,All Population,2,DALYs (Disability-Adjusted Life Years),75,Austria,3,Both,228,55+ years,697,Falls,2,Percent,1998,0.036037718380205724,0.04361450137002836,0.030322313117564698
1,All Population,2,DALYs (Disability-Adjusted Life Years),75,Austria,3,Both,228,55+ years,697,Falls,3,Rate,1998,2766.048920641057,3594.521867307271,2161.5149762159012
1,All Population,2,DALYs (Disability-Adjusted Life Years),86,Italy,3,Both,228,55+ years,697,Falls,1,Number,1995,405038.7083645849,514986.848327518,320111.39829589473
1,All Population,2,DALYs (Disability-Adjusted Life Years),86,Italy,3,Both,228,55+ years,697,Falls,2,Percent,1995,0.03457914123148617,0.04111269702162401,0.02938659347967503
1,All Population,2,DALYs (Disability-Adjusted Life Years),86,Italy,3,Both,228,55+ years,697,Falls,3,Rate,1995,2485.799219189609,3160.571765188342,1964.5842422087014
1,All Population,2,DALYs (Disability-Adjusted Life Years),84,Ireland,3,Both,228,55+ years,697,Falls,1,Number,1996,13813.677110662054,17692.99776825974,10826.49599282016
1,All Population,2,DALYs (Disability-Adjusted Life Years),84,Ireland,3,Both,228,55+ years,697,Falls,2,Percent,1996,0.021994217565661243,0.026716804230461515,0.01828471685456757
1,All Population,2,DALYs (Disability-Adjusted Life Years),84,Ireland,3,Both,228,55+ years,697,Falls,3,Rate,1996,1929.5018756164177,2471.3674791764483,1512.2508045577847
1,All Population,2,DALYs (Disability-Adjusted Life Years),75,Austria,3,Both,228,55+ years,697,Falls,1,Number,1997,56915.60644109897,73912.18472714351,44334.534905555425
1,All Population,2,DALYs (Disability-Adjusted Life Years),75,Austria,3,Both,228,55+ years,697,Falls,2,Percent,1997,0.03515389108628564,0.042556671779655844,0.029401711559592834
1,All Population,2,DALYs (Disability-Adjusted Life Years),75,Austria,3,Both,228,55+ years,697,Falls,3,Rate,1997,2743.773776189571,3563.1407073750174,2137.2685254493663
1,All Population,2,DALYs (Disability-Adjusted Life Years),93,Sweden,3,Both,228,55+ years,697,Falls,1,Number,1993,61081.90759076082,77772.65918342434,47988.456256219455
1,All Population,2,DALYs (Disability-Adjusted Life Years),93,Sweden,3,Both,228,55+ years,697,Falls,2,Percent,1993,0.032761742037855104,0.03905787730950736,0.02752215457084463
1,All Population,2,DALYs (Disability-Adjusted Life Years),93,Sweden,3,Both,228,55+ years,697,Falls,3,Rate,1993,2566.9338357236884,3268.3535637046084,2016.6886881389478
1,All Population,2,DALYs (Disability-Adjusted Life Years),367,Monaco,3,Both,228,55+ years,697,Falls,1,Number,1995,191.79679354018592,253.9813222427715,143.99172963784352
1,All Population,2,DALYs (Disability-Adjusted Life Years),367,Monaco,3,Both,228,55+ years,697,Falls,2,Percent,1995,0.019344701753072593,0.023691681284219935,0.015433093455328988
1,All Population,2,DALYs (Disability-Adjusted Life Years),367,Monaco,3,Both,228,55+ years,697,Falls,3,Rate,1995,1689.3671683211296,2237.09530928017,1268.294928554047
1,All Population,2,DALYs (Disability-Adjusted Life Years),78,Denmark,3,Both,228,55+ years,697,Falls,1,Number,1992,44571.1817003716,54771.951217692505,36107.89021936609
1,All Population,2,DALYs (Disability-Adjusted Life Years),78,Denmark,3,Both,228,55+ years,697,Falls,2,Percent,1992,0.03724137086931518,0.04324188022658629,0.03206423465056957
1,All Population,2,DALYs (Disability-Adjusted Life Years),78,Denmark,3,Both,228,55+ years,697,Falls,3,Rate,1992,3424.2745576160714,4207.970080007311,2774.0644311061346
1,All Population,2,DALYs (Disability-Adjusted Life Years),80,France,3,Both,228,55+ years,697,Falls,1,Number,1996,475881.58320265455,608455.8224524346,384631.8554007938
1,All Population,2,DALYs (Disability-Adjusted Life Years),80,France,3,Both,228,55+ years,697,Falls,2,Percent,1996,0.0451482297910622,0.053943329479482646,0.03859477961087393
1,All Population,2,DALYs (Disability-Adjusted Life Years),80,France,3,Both,228,55+ years,697,Falls,3,Rate,1996,3236.7540085736273,4138.470350352266,2616.1102756175883
1,All Population,2,DALYs (Disability-Adjusted Life Years),74,Andorra,3,Both,228,55+ years,697,Falls,1,Number,1997,418.6179132053178,544.4173368661594,318.12739553300435
1,All Population,2,DALYs (Disability-Adjusted Life Years),74,Andorra,3,Both,228,55+ years,697,Falls,2,Percent,1997,0.05383626398853196,0.06479118217185716,0.04444185136327772
1,All Population,2,DALYs (Disability-Adjusted Life Years),74,Andorra,3,Both,228,55+ years,697,Falls,3,Rate,1997,3246.302353423161,4221.852974184988,2467.0174883334494
1,All Population,2,DALYs (Disability-Adjusted Life Years),78,Denmark,3,Both,228,55+ years,697,Falls,1,Number,1995,46484.19199533014,57493.17956896093,37959.47491586186
1,All Population,2,DALYs (Disability-Adjusted Life Years),78,Denmark,3,Both,228,55+ years,697,Falls,2,Percent,1995,0.03832710679067882,0.04426900178811975,0.03302922291675137
1,All Population,2,DALYs (Disability-Adjusted Life Years),78,Denmark,3,Both,228,55+ years,697,Falls,3,Rate,1995,3545.2399197473587,4384.869491580286,2895.079811603086
1,All Population,2,DALYs (Disability-Adjusted Life Years),79,Finland,3,Both,228,55+ years,697,Falls,1,Number,1995,44823.90394970119,57051.29144485606,35224.9846027161
1,All Population,2,DALYs (Disability-Adjusted Life Years),79,Finland,3,Both,228,55+ years,697,Falls,2,Percent,1995,0.045145661991613684,0.053910214088041,0.03849933193945478
1,All Population,2,DALYs (Disability-Adjusted Life Years),79,Finland,3,Both,228,55+ years,697,Falls,3,Rate,1995,3609.6431238800774,4594.3075842633225,2836.6476869720163
1,All Population,2,DALYs (Disability-Adjusted Life Years),73,Western Europe,3,Both,228,55+ years,697,Falls,1,Number,1996,2556260.7909961096,3291681.875726956,2018724.689648379
1,All Population,2,DALYs (Disability-Adjusted Life Years),73,Western Europe,3,Both,228,55+ years,697,Falls,2,Percent,1996,0.03216483003758537,0.038690285426739315,0.027187746820030396
1,All Population,2,DALYs (Disability-Adjusted Life Years),73,Western Europe,3,Both,228,55+ years,697,Falls,3,Rate,1996,2453.1740515761817,3158.937692124262,1937.3152549086403
1,All Population,2,DALYs (Disability-Adjusted Life Years),90,Norway,3,Both,228,55+ years,697,Falls,1,Number,1994,32761.215915377812,40889.94437355595,26398.414073151664
1,All Population,2,DALYs (Disability-Adjusted Life Years),90,Norway,3,Both,228,55+ years,697,Falls,2,Percent,1994,0.03697359323243452,0.04355241253165992,0.031489592626274425
1,All Population,2,DALYs (Disability-Adjusted Life Years),90,Norway,3,Both,228,55+ years,697,Falls,3,Rate,1994,3080.708242056562,3845.095034757819,2482.3807523641585
1,All Population,2,DALYs (Disability-Adjusted Life Years),76,Belgium,3,Both,228,55+ years,697,Falls,1,Number,1998,76960.75022240044,99226.57130161705,60883.869052601236
1,All Population,2,DALYs (Disability-Adjusted Life Years),76,Belgium,3,Both,228,55+ years,697,Falls,2,Percent,1998,0.036363099990059856,0.04382262219334278,0.03088550614630538
1,All Population,2,DALYs (Disability-Adjusted Life Years),76,Belgium,3,Both,228,55+ years,697,Falls,3,Rate,1998,2819.5341406408706,3635.2647893265103,2230.5415021558897
1,All Population,2,DALYs (Disability-Adjusted Life Years),90,Norway,3,Both,228,55+ years,697,Falls,1,Number,1997,35586.367028343564,44555.0181784359,28694.82836149473
1,All Population,2,DALYs (Disability-Adjusted Life Years),90,Norway,3,Both,228,55+ years,697,Falls,2,Percent,1997,0.04119387121354531,0.04806579202859371,0.0354083029675255
1,All Population,2,DALYs (Disability-Adjusted Life Years),90,Norway,3,Both,228,55+ years,697,Falls,3,Rate,1997,3336.07022260317,4176.8430391963375,2690.0178476562874
1,All Population,2,DALYs (Disability-Adjusted Life Years),86,Italy,3,Both,228,55+ years,697,Falls,1,Number,1997,413764.64033118694,528139.3726386594,327996.55280735216
1,All Population,2,DALYs (Disability-Adjusted Life Years),86,Italy,3,Both,228,55+ years,697,Falls,2,Percent,1997,0.03497576789687048,0.04166084284896146,0.029699852365065497
1,All Population,2,DALYs (Disability-Adjusted Life Years),86,Italy,3,Both,228,55+ years,697,Falls,3,Rate,1997,2480.1707188212176,3165.7509603202334,1966.0632322180982
1,All Population,2,DALYs (Disability-Adjusted Life Years),95,United Kingdom,3,Both,228,55+ years,697,Falls,1,Number,1996,282416.9564052306,362848.57631742454,219092.6886004091
1,All Population,2,DALYs (Disability-Adjusted Life Years),95,United Kingdom,3,Both,228,55+ years,697,Falls,2,Percent,1996,0.022186463039955723,0.026822442038250724,0.018306385555384427
1,All Population,2,DALYs (Disability-Adjusted Life Years),95,United Kingdom,3,Both,228,55+ years,697,Falls,3,Rate,1996,1877.3909778408024,2412.067080431492,1456.437467936944
1,All Population,2,DALYs (Disability-Adjusted Life Years),74,Andorra,3,Both,228,55+ years,697,Falls,1,Number,1999,467.45150789923196,607.5671546867891,357.02317684560984
1,All Population,2,DALYs (Disability-Adjusted Life Years),74,Andorra,3,Both,228,55+ years,697,Falls,2,Percent,1999,0.05656789999403937,0.06827378666099351,0.046748110350955344
1,All Population,2,DALYs (Disability-Adjusted Life Years),74,Andorra,3,Both,228,55+ years,697,Falls,3,Rate,1999,3393.564153058292,4410.763644739752,2591.886076481396
1,All Population,2,DALYs (Disability-Adjusted Life Years),85,Israel,3,Both,228,55+ years,697,Falls,1,Number,1999,16691.288865970368,21563.216780575836,13216.605143309935
1,All Population,2,DALYs (Disability-Adjusted Life Years),85,Israel,3,Both,228,55+ years,697,Falls,2,Percent,1999,0.0224873927196852,0.02717343132129805,0.019072075955822873
1,All Population,2,DALYs (Disability-Adjusted Life Years),85,Israel,3,Both,228,55+ years,697,Falls,3,Rate,1999,1622.8617463527037,2096.549878353134,1285.0249657745119
1,All Population,2,DALYs (Disability-Adjusted Life Years),79,Finland,3,Both,228,55+ years,697,Falls,1,Number,1997,49044.00247754566,62491.538991607355,38897.61620556556
1,All Population,2,DALYs (Disability-Adjusted Life Years),79,Finland,3,Both,228,55+ years,697,Falls,2,Percent,1997,0.04929065345125286,0.058814329318861935,0.04212929959366597
1,All Population,2,DALYs (Disability-Adjusted Life Years),79,Finland,3,Both,228,55+ years,697,Falls,3,Rate,1997,3845.5683506504397,4899.997398042489,3049.9843862530574
1,All Population,2,DALYs (Disability-Adjusted Life Years),82,Greece,3,Both,228,55+ years,697,Falls,1,Number,1995,44668.758932413606,59497.94841482825,33549.73993756437
1,All Population,2,DALYs (Disability-Adjusted Life Years),82,Greece,3,Both,228,55+ years,697,Falls,2,Percent,1995,0.021307287914578123,0.026368065739304614,0.017171398945840927
1,All Population,2,DALYs (Disability-Adjusted Life Years),82,Greece,3,Both,228,55+ years,697,Falls,3,Rate,1995,1537.4144018689778,2047.807124281611,1154.7187473243557
1,All Population,2,DALYs (Disability-Adjusted Life Years),81,Germany,3,Both,228,55+ years,697,Falls,1,Number,1995,533389.3382282135,684523.7474518161,420932.0713303305
1,All Population,2,DALYs (Disability-Adjusted Life Years),81,Germany,3,Both,228,55+ years,697,Falls,2,Percent,1995,0.028927787633307576,0.034571619024898276,0.024434876760872755
1,All Population,2,DALYs (Disability-Adjusted Life Years),81,Germany,3,Both,228,55+ years,697,Falls,3,Rate,1995,2300.0401122307585,2951.7501833530564,1815.1106128220101
1,All Population,2,DALYs (Disability-Adjusted Life Years),93,Sweden,3,Both,228,55+ years,697,Falls,1,Number,1995,62782.27305905463,80128.61934887736,49624.43853002363
1,All Population,2,DALYs (Disability-Adjusted Life Years),93,Sweden,3,Both,228,55+ years,697,Falls,2,Percent,1995,0.03445815601301152,0.041252856726988155,0.02901217703858776
1,All Population,2,DALYs (Disability-Adjusted Life Years),93,Sweden,3,Both,228,55+ years,697,Falls,3,Rate,1995,2616.5194844691396,3339.4473244499895,2068.152425725555
1,All Population,2,DALYs (Disability-Adjusted Life Years),82,Greece,3,Both,228,55+ years,697,Falls,1,Number,1996,44824.83686052213,59965.884019492085,33233.606373160495
1,All Population,2,DALYs (Disability-Adjusted Life Years),82,Greece,3,Both,228,55+ years,697,Falls,2,Percent,1996,0.021236273921352074,0.026415889971101298,0.016879625974830656
1,All Population,2,DALYs (Disability-Adjusted Life Years),82,Greece,3,Both,228,55+ years,697,Falls,3,Rate,1996,1520.4481767925217,2034.0290208058227,1127.2762994217317
1,All Population,2,DALYs (Disability-Adjusted Life Years),396,San Marino,3,Both,228,55+ years,697,Falls,1,Number,1995,110.34136577567956,144.65415344127032,84.43988414748053
1,All Population,2,DALYs (Disability-Adjusted Life Years),396,San Marino,3,Both,228,55+ years,697,Falls,2,Percent,1995,0.028552191651821636,0.034598244939473846,0.023425971787206835
1,All Population,2,DALYs (Disability-Adjusted Life Years),396,San Marino,3,Both,228,55+ years,697,Falls,3,Rate,1995,1899.1300280755863,2489.7013423294097,1453.3291157344863
1,All Population,2,DALYs (Disability-Adjusted Life Years),78,Denmark,3,Both,228,55+ years,697,Falls,1,Number,1998,48023.916452704274,59626.858699506774,39457.82585271506
1,All Population,2,DALYs (Disability-Adjusted Life Years),78,Denmark,3,Both,228,55+ years,697,Falls,2,Percent,1998,0.04138769895503294,0.04802905588202577,0.035883595737259265
1,All Population,2,DALYs (Disability-Adjusted Life Years),78,Denmark,3,Both,228,55+ years,697,Falls,3,Rate,1998,3587.8150013250847,4454.65830207055,2947.8516116748765
1,All Population,2,DALYs (Disability-Adjusted Life Years),83,Iceland,3,Both,228,55+ years,697,Falls,1,Number,1998,1218.9695489643232,1585.2687415728083,940.4100218454092
1,All Population,2,DALYs (Disability-Adjusted Life Years),83,Iceland,3,Both,228,55+ years,697,Falls,2,Percent,1998,0.032599985185348096,0.03954226680044228,0.026986862314006155
1,All Population,2,DALYs (Disability-Adjusted Life Years),83,Iceland,3,Both,228,55+ years,697,Falls,3,Rate,1998,2348.500406429248,3054.22254973187,1811.8199264210834
1,All Population,2,DALYs (Disability-Adjusted Life Years),92,Spain,3,Both,228,55+ years,697,Falls,1,Number,1997,211339.27611028252,282767.0347515583,158383.46219609547
1,All Population,2,DALYs (Disability-Adjusted Life Years),92,Spain,3,Both,228,55+ years,697,Falls,2,Percent,1997,0.029091455406264195,0.036037987934140314,0.023763128677650833
1,All Population,2,DALYs (Disability-Adjusted Life Years),92,Spain,3,Both,228,55+ years,697,Falls,3,Rate,1997,2025.9442057425629,2710.666214882777,1518.2982710425495
1,All Population,2,DALYs (Disability-Adjusted Life Years),87,Luxembourg,3,Both,228,55+ years,697,Falls,1,Number,1999,2807.517313431964,3574.627848801779,2206.279428498097
1,All Population,2,DALYs (Disability-Adjusted Life Years),87,Luxembourg,3,Both,228,55+ years,697,Falls,2,Percent,1999,0.03729187295919455,0.04448040045319463,0.031755607918423315
1,All Population,2,DALYs (Disability-Adjusted Life Years),87,Luxembourg,3,Both,228,55+ years,697,Falls,3,Rate,1999,2765.7242554738364,3521.415486352946,2173.4364737686988
1,All Population,2,DALYs (Disability-Adjusted Life Years),76,Belgium,3,Both,228,55+ years,697,Falls,1,Number,1997,73288.60862651265,95731.66087814223,57776.09552616329
1,All Population,2,DALYs (Disability-Adjusted Life Years),76,Belgium,3,Both,228,55+ years,697,Falls,2,Percent,1997,0.03477149878874929,0.04225275623362773,0.02932319373700891
1,All Population,2,DALYs (Disability-Adjusted Life Years),76,Belgium,3,Both,228,55+ years,697,Falls,3,Rate,1997,2693.2533910210514,3518.004027093264,2123.1903308299943
1,All Population,2,DALYs (Disability-Adjusted Life Years),76,Belgium,3,Both,228,55+ years,697,Falls,1,Number,1999,80086.76695804147,103038.8166011446,63338.12805447016
1,All Population,2,DALYs (Disability-Adjusted Life Years),76,Belgium,3,Both,228,55+ years,697,Falls,2,Percent,1999,0.03762978262859516,0.04531591571386869,0.03187868009627135
1,All Population,2,DALYs (Disability-Adjusted Life Years),76,Belgium,3,Both,228,55+ years,697,Falls,3,Rate,1999,2910.83984083733,3745.0568165959244,2302.092512756829
1,All Population,2,DALYs (Disability-Adjusted Life Years),79,Finland,3,Both,228,55+ years,697,Falls,1,Number,1996,46985.80081597342,59897.60717108863,37069.987271525475
1,All Population,2,DALYs (Disability-Adjusted Life Years),79,Finland,3,Both,228,55+ years,697,Falls,2,Percent,1996,0.04707745504912375,0.05607544875932171,0.04005251406016345
1,All Population,2,DALYs (Disability-Adjusted Life Years),79,Finland,3,Both,228,55+ years,697,Falls,3,Rate,1996,3700.435081569687,4717.323170591244,2919.500763861838
1,All Population,2,DALYs (Disability-Adjusted Life Years),85,Israel,3,Both,228,55+ years,697,Falls,1,Number,1995,14677.647568847367,19042.96012269687,11717.95127208592
1,All Population,2,DALYs (Disability-Adjusted Life Years),85,Israel,3,Both,228,55+ years,697,Falls,2,Percent,1995,0.02072682734238719,0.024809045847068258,0.017551350381443773
1,All Population,2,DALYs (Disability-Adjusted Life Years),85,Israel,3,Both,228,55+ years,697,Falls,3,Rate,1995,1553.0085651450586,2014.8923754671182,1239.8498196759037
1,All Population,2,DALYs (Disability-Adjusted Life Years),367,Monaco,3,Both,228,55+ years,697,Falls,1,Number,1996,194.23119966295954,255.65386317646127,146.941895913067
1,All Population,2,DALYs (Disability-Adjusted Life Years),367,Monaco,3,Both,228,55+ years,697,Falls,2,Percent,1996,0.019502818139318853,0.024111973639598928,0.015492310865889411
1,All Population,2,DALYs (Disability-Adjusted Life Years),367,Monaco,3,Both,228,55+ years,697,Falls,3,Rate,1996,1703.6678040688955,2242.42684200767,1288.8772636442486
1,All Population,2,DALYs (Disability-Adjusted Life Years),94,Switzerland,3,Both,228,55+ years,697,Falls,1,Number,1999,68306.80028870062,88713.56072394905,53166.50749674416
1,All Population,2,DALYs (Disability-Adjusted Life Years),94,Switzerland,3,Both,228,55+ years,697,Falls,2,Percent,1999,0.05349235293094873,0.0644774021663046,0.04489967712960831
1,All Population,2,DALYs (Disability-Adjusted Life Years),94,Switzerland,3,Both,228,55+ years,697,Falls,3,Rate,1999,3629.4785775010023,4713.790820541044,2824.999841661447
1,All Population,2,DALYs (Disability-Adjusted Life Years),92,Spain,3,Both,228,55+ years,697,Falls,1,Number,1994,196224.08741870348,262214.1843150626,147925.91260682466
1,All Population,2,DALYs (Disability-Adjusted Life Years),92,Spain,3,Both,228,55+ years,697,Falls,2,Percent,1994,0.02770786567552197,0.03439289621118953,0.022703954521813313
1,All Population,2,DALYs (Disability-Adjusted Life Years),92,Spain,3,Both,228,55+ years,697,Falls,3,Rate,1994,1941.2311698807237,2594.0665821067314,1463.4207051893716
1,All Population,2,DALYs (Disability-Adjusted Life Years),81,Germany,3,Both,228,55+ years,697,Falls,1,Number,1997,533617.4481425401,688851.667053967,414837.7493616147
1,All Population,2,DALYs (Disability-Adjusted Life Years),81,Germany,3,Both,228,55+ years,697,Falls,2,Percent,1997,0.02922091563100434,0.03500088485334015,0.024449200886469492
1,All Population,2,DALYs (Disability-Adjusted Life Years),81,Germany,3,Both,228,55+ years,697,Falls,3,Rate,1997,2239.598002708762,2891.1176406746104,1741.078366444827
1,All Population,2,DALYs (Disability-Adjusted Life Years),77,Cyprus,3,Both,228,55+ years,697,Falls,1,Number,1998,3950.5219458319057,4852.320336892859,3092.872405339788
1,All Population,2,DALYs (Disability-Adjusted Life Years),77,Cyprus,3,Both,228,55+ years,697,Falls,2,Percent,1998,0.026760260502963405,0.031053639426970616,0.022191482906384036
1,All Population,2,DALYs (Disability-Adjusted Life Years),77,Cyprus,3,Both,228,55+ years,697,Falls,3,Rate,1998,2225.8594540323256,2733.9635734112817,1742.6303101048993
1,All Population,2,DALYs (Disability-Adjusted Life Years),95,United Kingdom,3,Both,228,55+ years,697,Falls,1,Number,1998,292273.61589763034,375961.42248084134,225095.1511007346
1,All Population,2,DALYs (Disability-Adjusted Life Years),95,United Kingdom,3,Both,228,55+ years,697,Falls,2,Percent,1998,0.023146601505317273,0.02802400032844823,0.019162416853077412
1,All Population,2,DALYs (Disability-Adjusted Life Years),95,United Kingdom,3,Both,228,55+ years,697,Falls,3,Rate,1998,1920.8516730538704,2470.856375995904,1479.348028936011
1,All Population,2,DALYs (Disability-Adjusted Life Years),83,Iceland,3,Both,228,55+ years,697,Falls,1,Number,1995,1126.7085069647155,1454.9122670627037,881.281609119033
1,All Population,2,DALYs (Disability-Adjusted Life Years),83,Iceland,3,Both,228,55+ years,697,Falls,2,Percent,1995,0.030688566664749152,0.03710765848656847,0.02540564275922925
1,All Population,2,DALYs (Disability-Adjusted Life Years),83,Iceland,3,Both,228,55+ years,697,Falls,3,Rate,1995,2252.524278412616,2908.671749845687,1761.8649441166644
1,All Population,2,DALYs (Disability-Adjusted Life Years),89,Netherlands,3,Both,228,55+ years,697,Falls,1,Number,1996,129782.95520073264,169566.3748040548,98452.30520160377
1,All Population,2,DALYs (Disability-Adjusted Life Years),89,Netherlands,3,Both,228,55+ years,697,Falls,2,Percent,1996,0.046088781215639384,0.05655458478080849,0.03757779235709946
1,All Population,2,DALYs (Disability-Adjusted Life Years),89,Netherlands,3,Both,228,55+ years,697,Falls,3,Rate,1996,3680.849219605536,4809.169720349541,2792.2625911021273
1,All Population,2,DALYs (Disability-Adjusted Life Years),95,United Kingdom,3,Both,228,55+ years,697,Falls,1,Number,1999,302422.3204714832,389469.9588979506,234285.21945308277
1,All Population,2,DALYs (Disability-Adjusted Life Years),95,United Kingdom,3,Both,228,55+ years,697,Falls,2,Percent,1999,0.023897393582346556,0.028875548478997374,0.01994167293247087
1,All Population,2,DALYs (Disability-Adjusted Life Years),95,United Kingdom,3,Both,228,55+ years,697,Falls,3,Rate,1999,1968.4152021733125,2534.9934048827286,1524.922455779664
1,All Population,2,DALYs (Disability-Adjusted Life Years),86,Italy,3,Both,228,55+ years,697,Falls,1,Number,1998,414019.0400248296,528988.9489922238,327346.70360184787
1,All Population,2,DALYs (Disability-Adjusted Life Years),86,Italy,3,Both,228,55+ years,697,Falls,2,Percent,1998,0.03443095472712558,0.040964028711874274,0.029133164001081464
1,All Population,2,DALYs (Disability-Adjusted Life Years),86,Italy,3,Both,228,55+ years,697,Falls,3,Rate,1998,2459.0077852107574,3141.8553692224473,1944.229648403966
1,All Population,2,DALYs (Disability-Adjusted Life Years),84,Ireland,3,Both,228,55+ years,697,Falls,1,Number,1999,15479.15637356443,19705.82282557871,12203.119749943504
1,All Population,2,DALYs (Disability-Adjusted Life Years),84,Ireland,3,Both,228,55+ years,697,Falls,2,Percent,1999,0.024726215617391925,0.029717399622975656,0.020751881775990508
1,All Population,2,DALYs (Disability-Adjusted Life Years),84,Ireland,3,Both,228,55+ years,697,Falls,3,Rate,1999,2074.992221980778,2641.5799481578183,1635.8371188934475
1,All Population,2,DALYs (Disability-Adjusted Life Years),88,Malta,3,Both,228,55+ years,697,Falls,1,Number,1994,1478.0811181116285,1899.607031687673,1171.7859475138732
1,All Population,2,DALYs (Disability-Adjusted Life Years),88,Malta,3,Both,228,55+ years,697,Falls,2,Percent,1994,0.02573452511499576,0.03089370081637318,0.021778234884648827
1,All Population,2,DALYs (Disability-Adjusted Life Years),88,Malta,3,Both,228,55+ years,697,Falls,3,Rate,1994,1873.2074282693245,2407.4172648224394,1485.0322586008594
1,All Population,2,DALYs (Disability-Adjusted Life Years),81,Germany,3,Both,228,55+ years,697,Falls,1,Number,1996,542031.6449895826,695904.1462221269,425427.5052098754
1,All Population,2,DALYs (Disability-Adjusted Life Years),81,Germany,3,Both,228,55+ years,697,Falls,2,Percent,1996,0.029230529094595118,0.03495226353525667,0.024577041142567167
1,All Population,2,DALYs (Disability-Adjusted Life Years),81,Germany,3,Both,228,55+ years,697,Falls,3,Rate,1996,2291.9654658246372,2942.6109811281367,1798.908161850412
1,All Population,2,DALYs (Disability-Adjusted Life Years),89,Netherlands,3,Both,228,55+ years,697,Falls,1,Number,1997,149272.2589724867,195825.6164670186,111822.44663724105
1,All Population,2,DALYs (Disability-Adjusted Life Years),89,Netherlands,3,Both,228,55+ years,697,Falls,2,Percent,1997,0.05298144299689513,0.06500273168010523,0.04304181915368126
1,All Population,2,DALYs (Disability-Adjusted Life Years),89,Netherlands,3,Both,228,55+ years,697,Falls,3,Rate,1997,4187.1868976269825,5493.039772658353,3136.6945649717077
1,All Population,2,DALYs (Disability-Adjusted Life Years),367,Monaco,3,Both,228,55+ years,697,Falls,1,Number,1997,197.24796654180574,258.4915183307514,150.11038979678096
1,All Population,2,DALYs (Disability-Adjusted Life Years),367,Monaco,3,Both,228,55+ years,697,Falls,2,Percent,1997,0.019787012810701728,0.023998288307630494,0.01569731111864714
1,All Population,2,DALYs (Disability-Adjusted Life Years),367,Monaco,3,Both,228,55+ years,697,Falls,3,Rate,1997,1720.0910426845517,2254.1623778738326,1309.0301584863457
1,All Population,2,DALYs (Disability-Adjusted Life Years),75,Austria,3,Both,228,55+ years,697,Falls,1,Number,1999,59003.06710794821,76652.77698996369,46229.781885852615
1,All Population,2,DALYs (Disability-Adjusted Life Years),75,Austria,3,Both,228,55+ years,697,Falls,2,Percent,1999,0.036767372599756765,0.044621860357947615,0.030880093271554023
1,All Population,2,DALYs (Disability-Adjusted Life Years),75,Austria,3,Both,228,55+ years,697,Falls,3,Rate,1999,2782.891417051776,3615.343500504537,2180.4368743567265
1,All Population,2,DALYs (Disability-Adjusted Life Years),396,San Marino,3,Both,228,55+ years,697,Falls,1,Number,1996,113.18790435589194,149.0265502604734,85.75112259531002
1,All Population,2,DALYs (Disability-Adjusted Life Years),396,San Marino,3,Both,228,55+ years,697,Falls,2,Percent,1996,0.02920289124041005,0.035121809430508584,0.02395695165345641
1,All Population,2,DALYs (Disability-Adjusted Life Years),396,San Marino,3,Both,228,55+ years,697,Falls,3,Rate,1996,1918.9305137774893,2526.52079994916,1453.7811851470076
1,All Population,2,DALYs (Disability-Adjusted Life Years),83,Iceland,3,Both,228,55+ years,697,Falls,1,Number,1997,1177.3305503890663,1531.66970070682,910.6552796473945
1,All Population,2,DALYs (Disability-Adjusted Life Years),83,Iceland,3,Both,228,55+ years,697,Falls,2,Percent,1997,0.031665932167275763,0.03848248150849694,0.025957044371595028
1,All Population,2,DALYs (Disability-Adjusted Life Years),83,Iceland,3,Both,228,55+ years,697,Falls,3,Rate,1997,2309.6036792283244,3004.7211252149887,1786.4590226485416
1,All Population,2,DALYs (Disability-Adjusted Life Years),91,Portugal,3,Both,228,55+ years,697,Falls,1,Number,1996,39690.65507152641,50950.07399954216,31419.547735261567
1,All Population,2,DALYs (Disability-Adjusted Life Years),91,Portugal,3,Both,228,55+ years,697,Falls,2,Percent,1996,0.01856357892675241,0.022514061054197145,0.015650570276611805
1,All Population,2,DALYs (Disability-Adjusted Life Years),91,Portugal,3,Both,228,55+ years,697,Falls,3,Rate,1996,1485.527594253717,1906.9410852300653,1175.9595571196999
1,All Population,2,DALYs (Disability-Adjusted Life Years),78,Denmark,3,Both,228,55+ years,697,Falls,1,Number,1999,48007.1712578697,59444.57871100976,39461.65236613264
1,All Population,2,DALYs (Disability-Adjusted Life Years),78,Denmark,3,Both,228,55+ years,697,Falls,2,Percent,1999,0.041361589846560624,0.048284326757597015,0.03588874641012195
1,All Population,2,DALYs (Disability-Adjusted Life Years),78,Denmark,3,Both,228,55+ years,697,Falls,3,Rate,1999,3538.2989058527255,4381.276428103704,2908.4638342930716
1,All Population,2,DALYs (Disability-Adjusted Life Years),79,Finland,3,Both,228,55+ years,697,Falls,1,Number,1998,51344.04318430151,65272.75376988264,40866.37869966331
1,All Population,2,DALYs (Disability-Adjusted Life Years),79,Finland,3,Both,228,55+ years,697,Falls,2,Percent,1998,0.051301766909604626,0.06120085609762671,0.04415494432295491
1,All Population,2,DALYs (Disability-Adjusted Life Years),79,Finland,3,Both,228,55+ years,697,Falls,3,Rate,1998,3974.5093610596227,5052.721889262091,3163.440091996508
1,All Population,2,DALYs (Disability-Adjusted Life Years),87,Luxembourg,3,Both,228,55+ years,697,Falls,1,Number,1995,2518.369701517234,3206.090201160247,1984.3425637908883
1,All Population,2,DALYs (Disability-Adjusted Life Years),87,Luxembourg,3,Both,228,55+ years,697,Falls,2,Percent,1995,0.03304596110801059,0.039712705738708415,0.02767979833485778
1,All Population,2,DALYs (Disability-Adjusted Life Years),87,Luxembourg,3,Both,228,55+ years,697,Falls,3,Rate,1995,2581.78618161167,3286.8245569223723,2034.3114069759758
1,All Population,2,DALYs (Disability-Adjusted Life Years),77,Cyprus,3,Both,228,55+ years,697,Falls,1,Number,1997,3705.242079661846,4574.339805707326,2909.4305296990506
1,All Population,2,DALYs (Disability-Adjusted Life Years),77,Cyprus,3,Both,228,55+ years,697,Falls,2,Percent,1997,0.026578015866391653,0.03098054449362264,0.021805787720651188
1,All Population,2,DALYs (Disability-Adjusted Life Years),77,Cyprus,3,Both,228,55+ years,697,Falls,3,Rate,1997,2215.9882414759113,2735.7681371490185,1740.038492651614
1,All Population,2,DALYs (Disability-Adjusted Life Years),83,Iceland,3,Both,228,55+ years,697,Falls,1,Number,1996,1159.8635667071976,1500.7944982697254,900.358577931447
1,All Population,2,DALYs (Disability-Adjusted Life Years),83,Iceland,3,Both,228,55+ years,697,Falls,2,Percent,1996,0.031200327582418023,0.037774618662879234,0.025815337262264385
1,All Population,2,DALYs (Disability-Adjusted Life Years),83,Iceland,3,Both,228,55+ years,697,Falls,3,Rate,1996,2297.003659896483,2972.1861727796895,1783.0777757758608
1,All Population,2,DALYs (Disability-Adjusted Life Years),85,Israel,3,Both,228,55+ years,697,Falls,1,Number,2000,17103.398001058267,22233.692895729044,13493.856576135171
1,All Population,2,DALYs (Disability-Adjusted Life Years),85,Israel,3,Both,228,55+ years,697,Falls,2,Percent,2000,0.022972475267845724,0.02780084079138434,0.01939115053588317
1,All Population,2,DALYs (Disability-Adjusted Life Years),85,Israel,3,Both,228,55+ years,697,Falls,3,Rate,2000,1627.1229541028652,2115.1909148624195,1283.731090923739
1,All Population,2,DALYs (Disability-Adjusted Life Years),90,Norway,3,Both,228,55+ years,697,Falls,1,Number,1998,36153.12410307997,45212.680405222505,29206.444029854996
1,All Population,2,DALYs (Disability-Adjusted Life Years),90,Norway,3,Both,228,55+ years,697,Falls,2,Percent,1998,0.04203074108036425,0.04915054538441999,0.03607644901097435
1,All Population,2,DALYs (Disability-Adjusted Life Years),90,Norway,3,Both,228,55+ years,697,Falls,3,Rate,1998,3374.1586102802744,4219.683877060439,2725.8273536202823
1,All Population,2,DALYs (Disability-Adjusted Life Years),396,San Marino,3,Both,228,55+ years,697,Falls,1,Number,1997,118.34820889961462,157.67882732105605,89.21195863229838
1,All Population,2,DALYs (Disability-Adjusted Life Years),396,San Marino,3,Both,228,55+ years,697,Falls,2,Percent,1997,0.029898282892296315,0.036017960480891786,0.024832964181692233
1,All Population,2,DALYs (Disability-Adjusted Life Years),396,San Marino,3,Both,228,55+ years,697,Falls,3,Rate,1997,1970.3098449265663,2625.1022190853323,1485.237520810266
1,All Population,2,DALYs (Disability-Adjusted Life Years),83,Iceland,3,Both,228,55+ years,697,Falls,1,Number,1999,1255.1406592752126,1634.637676931703,964.8659800400254
1,All Population,2,DALYs (Disability-Adjusted Life Years),83,Iceland,3,Both,228,55+ years,697,Falls,2,Percent,1999,0.033542269236996713,0.04052708530615809,0.027660959199725648
1,All Population,2,DALYs (Disability-Adjusted Life Years),83,Iceland,3,Both,228,55+ years,697,Falls,3,Rate,1999,2372.0716990493074,3089.2774789787018,1823.4858919717062
1,All Population,2,DALYs (Disability-Adjusted Life Years),88,Malta,3,Both,228,55+ years,697,Falls,1,Number,1997,1588.6449031706436,2042.4809111318596,1256.0741577328997
1,All Population,2,DALYs (Disability-Adjusted Life Years),88,Malta,3,Both,228,55+ years,697,Falls,2,Percent,1997,0.026521022784083616,0.03189805979228038,0.02243436508844119
1,All Population,2,DALYs (Disability-Adjusted Life Years),88,Malta,3,Both,228,55+ years,697,Falls,3,Rate,1997,1940.03095108171,2494.2491406865065,1533.9002051322245
1,All Population,2,DALYs (Disability-Adjusted Life Years),86,Italy,3,Both,228,55+ years,697,Falls,1,Number,1999,415830.2362490276,529630.4718966851,328419.4029572816
1,All Population,2,DALYs (Disability-Adjusted Life Years),86,Italy,3,Both,228,55+ years,697,Falls,2,Percent,1999,0.03487528735958271,0.041346017272038835,0.029525541884881355
1,All Population,2,DALYs (Disability-Adjusted Life Years),86,Italy,3,Both,228,55+ years,697,Falls,3,Rate,1999,2448.4909242657614,3118.5692876768467,1933.798597108543
1,All Population,2,DALYs (Disability-Adjusted Life Years),91,Portugal,3,Both,228,55+ years,697,Falls,1,Number,1997,40050.80886368723,51744.78961993878,31632.96668333757
1,All Population,2,DALYs (Disability-Adjusted Life Years),91,Portugal,3,Both,228,55+ years,697,Falls,2,Percent,1997,0.01890597421112971,0.022967242878343123,0.016017361388267898
1,All Population,2,DALYs (Disability-Adjusted Life Years),91,Portugal,3,Both,228,55+ years,697,Falls,3,Rate,1997,1483.912621826829,1917.183413002662,1172.025231425269
1,All Population,2,DALYs (Disability-Adjusted Life Years),77,Cyprus,3,Both,228,55+ years,697,Falls,1,Number,1999,3908.552387930723,4809.400059717393,3110.7507777580654
1,All Population,2,DALYs (Disability-Adjusted Life Years),77,Cyprus,3,Both,228,55+ years,697,Falls,2,Percent,1999,0.027730096828341495,0.032479641389903335,0.022724533657090075
1,All Population,2,DALYs (Disability-Adjusted Life Years),77,Cyprus,3,Both,228,55+ years,697,Falls,3,Rate,1999,2189.497896268049,2694.1359019720267,1742.5843656969298
1,All Population,2,DALYs (Disability-Adjusted Life Years),88,Malta,3,Both,228,55+ years,697,Falls,1,Number,1998,1649.918428638944,2119.6352208098083,1312.4299116437846
1,All Population,2,DALYs (Disability-Adjusted Life Years),88,Malta,3,Both,228,55+ years,697,Falls,2,Percent,1998,0.027031710779471994,0.03248779619962503,0.022818893837561006
1,All Population,2,DALYs (Disability-Adjusted Life Years),88,Malta,3,Both,228,55+ years,697,Falls,3,Rate,1998,1971.0616878221433,2532.2050492781723,1567.8837643669701
1,All Population,2,DALYs (Disability-Adjusted Life Years),93,Sweden,3,Both,228,55+ years,697,Falls,1,Number,1996,64580.375241878144,82286.96731579388,51242.38409416441
1,All Population,2,DALYs (Disability-Adjusted Life Years),93,Sweden,3,Both,228,55+ years,697,Falls,2,Percent,1996,0.03534700199307971,0.042190157011671635,0.029918585147444485
1,All Population,2,DALYs (Disability-Adjusted Life Years),93,Sweden,3,Both,228,55+ years,697,Falls,3,Rate,1996,2674.2771006590638,3407.508109872491,2121.9501102764852
1,All Population,2,DALYs (Disability-Adjusted Life Years),78,Denmark,3,Both,228,55+ years,697,Falls,1,Number,1997,47585.6914271885,59130.85939817475,38820.2855405005
1,All Population,2,DALYs (Disability-Adjusted Life Years),78,Denmark,3,Both,228,55+ years,697,Falls,2,Percent,1997,0.04062716955408926,0.04696303441661188,0.035277190811963476
1,All Population,2,DALYs (Disability-Adjusted Life Years),78,Denmark,3,Both,228,55+ years,697,Falls,3,Rate,1997,3595.488415394341,4467.820338047578,2933.190267009991
1,All Population,2,DALYs (Disability-Adjusted Life Years),94,Switzerland,3,Both,228,55+ years,697,Falls,1,Number,2000,70040.57997383086,91153.16295804596,54449.82455675243
1,All Population,2,DALYs (Disability-Adjusted Life Years),94,Switzerland,3,Both,228,55+ years,697,Falls,2,Percent,2000,0.05493338769667572,0.06614472262610832,0.04636269230279351
1,All Population,2,DALYs (Disability-Adjusted Life Years),94,Switzerland,3,Both,228,55+ years,697,Falls,3,Rate,2000,3660.217617529882,4763.530128923395,2845.4676872821406
1,All Population,2,DALYs (Disability-Adjusted Life Years),74,Andorra,3,Both,228,55+ years,697,Falls,1,Number,2000,493.7950710440672,642.6434732494643,381.6242987296359
1,All Population,2,DALYs (Disability-Adjusted Life Years),74,Andorra,3,Both,228,55+ years,697,Falls,2,Percent,2000,0.057712171074634576,0.06948727418126102,0.04783388636437963
1,All Population,2,DALYs (Disability-Adjusted Life Years),74,Andorra,3,Both,228,55+ years,697,Falls,3,Rate,2000,3464.212785490054,4508.456781140801,2677.2802169078345
1,All Population,2,DALYs (Disability-Adjusted Life Years),81,Germany,3,Both,228,55+ years,697,Falls,1,Number,1998,533993.431422421,694736.8358479769,414040.37188596453
1,All Population,2,DALYs (Disability-Adjusted Life Years),81,Germany,3,Both,228,55+ years,697,Falls,2,Percent,1998,0.029375508405357426,0.03546912911129518,0.024557151390680744
1,All Population,2,DALYs (Disability-Adjusted Life Years),81,Germany,3,Both,228,55+ years,697,Falls,3,Rate,1998,2219.290786034923,2887.3446147257882,1720.7627066223363
1,All Population,2,DALYs (Disability-Adjusted Life Years),85,Israel,3,Both,228,55+ years,697,Falls,1,Number,1998,16900.788810510512,21813.556862303863,13380.064109155224
1,All Population,2,DALYs (Disability-Adjusted Life Years),85,Israel,3,Both,228,55+ years,697,Falls,2,Percent,1998,0.02154647277353163,0.026074840656812894,0.01813207459403221
1,All Population,2,DALYs (Disability-Adjusted Life Years),85,Israel,3,Both,228,55+ years,697,Falls,3,Rate,1998,1636.520786958567,2112.229177164936,1295.605388066462
1,All Population,2,DALYs (Disability-Adjusted Life Years),92,Spain,3,Both,228,55+ years,697,Falls,1,Number,1998,218427.1213126587,291600.21299409634,163468.37501738186
1,All Population,2,DALYs (Disability-Adjusted Life Years),92,Spain,3,Both,228,55+ years,697,Falls,2,Percent,1998,0.02937277567951583,0.03627329501425353,0.023886383442969387
1,All Population,2,DALYs (Disability-Adjusted Life Years),92,Spain,3,Both,228,55+ years,697,Falls,3,Rate,1998,2068.311551697891,2761.1959787262076,1547.9008575211185
1,All Population,2,DALYs (Disability-Adjusted Life Years),88,Malta,3,Both,228,55+ years,697,Falls,1,Number,1999,1699.7625379154367,2202.6681459537003,1346.669135816676
1,All Population,2,DALYs (Disability-Adjusted Life Years),88,Malta,3,Both,228,55+ years,697,Falls,2,Percent,1999,0.027039128562817222,0.03233377446288692,0.022713370439287183
1,All Population,2,DALYs (Disability-Adjusted Life Years),88,Malta,3,Both,228,55+ years,697,Falls,3,Rate,1999,1950.58626695782,2527.7026292342503,1545.3889963249956
1,All Population,2,DALYs (Disability-Adjusted Life Years),73,Western Europe,3,Both,228,55+ years,697,Falls,1,Number,1997,2594239.6365266023,3350395.994543202,2037079.420873502
1,All Population,2,DALYs (Disability-Adjusted Life Years),73,Western Europe,3,Both,228,55+ years,697,Falls,2,Percent,1997,0.032803660604156175,0.039543724091799556,0.027697357160399214
1,All Population,2,DALYs (Disability-Adjusted Life Years),73,Western Europe,3,Both,228,55+ years,697,Falls,3,Rate,1997,2470.4126850486186,3190.4765652017427,1939.8465627158687
1,All Population,2,DALYs (Disability-Adjusted Life Years),79,Finland,3,Both,228,55+ years,697,Falls,1,Number,1999,52268.60094395536,66956.67737172698,41469.50889208409
1,All Population,2,DALYs (Disability-Adjusted Life Years),79,Finland,3,Both,228,55+ years,697,Falls,2,Percent,1999,0.05216254818949081,0.0618437646371824,0.044658964244139746
1,All Population,2,DALYs (Disability-Adjusted Life Years),79,Finland,3,Both,228,55+ years,697,Falls,3,Rate,1999,3985.3528819039902,5105.282756893605,3161.9485463446963
1,All Population,2,DALYs (Disability-Adjusted Life Years),76,Belgium,3,Both,228,55+ years,697,Falls,1,Number,1996,71664.25799507921,93407.54612765253,56561.4428925042
1,All Population,2,DALYs (Disability-Adjusted Life Years),76,Belgium,3,Both,228,55+ years,697,Falls,2,Percent,1996,0.0337078157849456,0.041004302807915664,0.028384148232832324
1,All Population,2,DALYs (Disability-Adjusted Life Years),76,Belgium,3,Both,228,55+ years,697,Falls,3,Rate,1996,2633.1020905988817,3431.9982075768016,2078.191523838402
1,All Population,2,DALYs (Disability-Adjusted Life Years),85,Israel,3,Both,228,55+ years,697,Falls,1,Number,1997,14693.0803649837,19273.69683287731,11498.705453325354
1,All Population,2,DALYs (Disability-Adjusted Life Years),85,Israel,3,Both,228,55+ years,697,Falls,2,Percent,1997,0.0203699047970195,0.024882937918477396,0.017047137918327217
1,All Population,2,DALYs (Disability-Adjusted Life Years),85,Israel,3,Both,228,55+ years,697,Falls,3,Rate,1997,1491.1323322614676,1955.9977755379755,1166.950091790621
1,All Population,2,DALYs (Disability-Adjusted Life Years),93,Sweden,3,Both,228,55+ years,697,Falls,1,Number,1997,65656.84862299406,84009.28608039083,51877.68843746991
1,All Population,2,DALYs (Disability-Adjusted Life Years),93,Sweden,3,Both,228,55+ years,697,Falls,2,Percent,1997,0.03598814471350308,0.043157101595007526,0.030264676363784312
1,All Population,2,DALYs (Disability-Adjusted Life Years),93,Sweden,3,Both,228,55+ years,697,Falls,3,Rate,1997,2690.3349294083787,3442.338788364921,2125.724279910251
1,All Population,2,DALYs (Disability-Adjusted Life Years),74,Andorra,3,Both,228,55+ years,697,Falls,1,Number,1996,394.19732870385485,517.9353968736198,300.5855837917312
1,All Population,2,DALYs (Disability-Adjusted Life Years),74,Andorra,3,Both,228,55+ years,697,Falls,2,Percent,1996,0.052385678673444895,0.06311498067984093,0.043112496792766734
1,All Population,2,DALYs (Disability-Adjusted Life Years),74,Andorra,3,Both,228,55+ years,697,Falls,3,Rate,1996,3153.477526207518,4143.350335322447,2404.607576377827
1,All Population,2,DALYs (Disability-Adjusted Life Years),84,Ireland,3,Both,228,55+ years,697,Falls,1,Number,1997,14257.502885176948,18223.045153553536,11232.381098216549
1,All Population,2,DALYs (Disability-Adjusted Life Years),84,Ireland,3,Both,228,55+ years,697,Falls,2,Percent,1997,0.023012392119542934,0.027793120210875284,0.019073304943472907
1,All Population,2,DALYs (Disability-Adjusted Life Years),84,Ireland,3,Both,228,55+ years,697,Falls,3,Rate,1997,1972.8935225796981,2521.628649467177,1554.2898423578358
1,All Population,2,DALYs (Disability-Adjusted Life Years),87,Luxembourg,3,Both,228,55+ years,697,Falls,1,Number,2000,2883.8370455758786,3666.2635847251568,2280.8564075159215
1,All Population,2,DALYs (Disability-Adjusted Life Years),87,Luxembourg,3,Both,228,55+ years,697,Falls,2,Percent,2000,0.03852340850101142,0.04609479313121241,0.032686863083513575
1,All Population,2,DALYs (Disability-Adjusted Life Years),87,Luxembourg,3,Both,228,55+ years,697,Falls,3,Rate,2000,2811.528692939039,3574.336934240313,2223.6669870243363
1,All Population,2,DALYs (Disability-Adjusted Life Years),95,United Kingdom,3,Both,228,55+ years,697,Falls,1,Number,1994,275625.2823694368,353918.7677400579,212385.64290513637
1,All Population,2,DALYs (Disability-Adjusted Life Years),95,United Kingdom,3,Both,228,55+ years,697,Falls,2,Percent,1994,0.021604705278910355,0.026123230137764557,0.01771597552277089
1,All Population,2,DALYs (Disability-Adjusted Life Years),95,United Kingdom,3,Both,228,55+ years,697,Falls,3,Rate,1994,1843.2275793403642,2366.810576796959,1420.316275391473
1,All Population,2,DALYs (Disability-Adjusted Life Years),81,Germany,3,Both,228,55+ years,697,Falls,1,Number,1999,540053.9038676138,701599.9472402276,418305.5539178879
1,All Population,2,DALYs (Disability-Adjusted Life Years),81,Germany,3,Both,228,55+ years,697,Falls,2,Percent,1999,0.02974239894158608,0.03598411699534662,0.02486795953395785
1,All Population,2,DALYs (Disability-Adjusted Life Years),81,Germany,3,Both,228,55+ years,697,Falls,3,Rate,1999,2224.3433259892367,2889.709988173253,1722.8931416253076
1,All Population,2,DALYs (Disability-Adjusted Life Years),87,Luxembourg,3,Both,228,55+ years,697,Falls,1,Number,1998,2732.319829307959,3482.209307870268,2149.277697692118
1,All Population,2,DALYs (Disability-Adjusted Life Years),87,Luxembourg,3,Both,228,55+ years,697,Falls,2,Percent,1998,0.03603322858716748,0.04303025970613841,0.030488041907793226
1,All Population,2,DALYs (Disability-Adjusted Life Years),87,Luxembourg,3,Both,228,55+ years,697,Falls,3,Rate,1998,2722.7244149858534,3469.98041698169,2141.7298221537562
1,All Population,2,DALYs (Disability-Adjusted Life Years),90,Norway,3,Both,228,55+ years,697,Falls,1,Number,1999,37617.637333389255,46759.85741040346,30355.39226874533
1,All Population,2,DALYs (Disability-Adjusted Life Years),90,Norway,3,Both,228,55+ years,697,Falls,2,Percent,1999,0.04351201942226734,0.0506294263756254,0.037473143663479605
1,All Population,2,DALYs (Disability-Adjusted Life Years),90,Norway,3,Both,228,55+ years,697,Falls,3,Rate,1999,3475.1593839757093,4319.727893407523,2804.265067528889
1,All Population,2,DALYs (Disability-Adjusted Life Years),80,France,3,Both,228,55+ years,697,Falls,1,Number,1997,479323.6172530492,614465.5046583543,386879.06084417773
1,All Population,2,DALYs (Disability-Adjusted Life Years),80,France,3,Both,228,55+ years,697,Falls,2,Percent,1997,0.04563803021389955,0.05453154128886589,0.03899441142124107
1,All Population,2,DALYs (Disability-Adjusted Life Years),80,France,3,Both,228,55+ years,697,Falls,3,Rate,1997,3241.5701164421885,4155.5077734330425,2616.386001375834
1,All Population,2,DALYs (Disability-Adjusted Life Years),95,United Kingdom,3,Both,228,55+ years,697,Falls,1,Number,1997,287236.8445002191,369611.8615673811,221731.989526842
1,All Population,2,DALYs (Disability-Adjusted Life Years),95,United Kingdom,3,Both,228,55+ years,697,Falls,2,Percent,1997,0.022795673175296727,0.02756777820998557,0.018888819005407582
1,All Population,2,DALYs (Disability-Adjusted Life Years),95,United Kingdom,3,Both,228,55+ years,697,Falls,3,Rate,1997,1901.780800690718,2447.1816742711244,1468.0764277118417
1,All Population,2,DALYs (Disability-Adjusted Life Years),76,Belgium,3,Both,228,55+ years,697,Falls,1,Number,2000,83745.90862854775,107145.56941384776,66649.80217980164
1,All Population,2,DALYs (Disability-Adjusted Life Years),76,Belgium,3,Both,228,55+ years,697,Falls,2,Percent,2000,0.03963202440504483,0.047355371479334454,0.03356170187671144
1,All Population,2,DALYs (Disability-Adjusted Life Years),76,Belgium,3,Both,228,55+ years,697,Falls,3,Rate,2000,3018.7416910117436,3862.216109343369,2402.4879523400023
1,All Population,2,DALYs (Disability-Adjusted Life Years),78,Denmark,3,Both,228,55+ years,697,Falls,1,Number,1996,46658.20157062374,57714.81602491174,38149.59897662677
1,All Population,2,DALYs (Disability-Adjusted Life Years),78,Denmark,3,Both,228,55+ years,697,Falls,2,Percent,1996,0.0391537013151814,0.045213335982102074,0.03393188054589224
1,All Population,2,DALYs (Disability-Adjusted Life Years),78,Denmark,3,Both,228,55+ years,697,Falls,3,Rate,1996,3546.737129422941,4387.208979830217,2899.953161679242
1,All Population,2,DALYs (Disability-Adjusted Life Years),87,Luxembourg,3,Both,228,55+ years,697,Falls,1,Number,1997,2631.713930790085,3365.5849991582127,2066.342499868085
1,All Population,2,DALYs (Disability-Adjusted Life Years),87,Luxembourg,3,Both,228,55+ years,697,Falls,2,Percent,1997,0.03443924314305274,0.041029957183327866,0.029012253861001598
1,All Population,2,DALYs (Disability-Adjusted Life Years),87,Luxembourg,3,Both,228,55+ years,697,Falls,3,Rate,1997,2651.364158652139,3390.714824763051,2081.7712668356517
1,All Population,2,DALYs (Disability-Adjusted Life Years),85,Israel,3,Both,228,55+ years,697,Falls,1,Number,1996,14191.253779720286,18629.646463548197,11133.501064119042
1,All Population,2,DALYs (Disability-Adjusted Life Years),85,Israel,3,Both,228,55+ years,697,Falls,2,Percent,1996,0.02013621668464992,0.024485850470988987,0.016939873567242955
1,All Population,2,DALYs (Disability-Adjusted Life Years),85,Israel,3,Both,228,55+ years,697,Falls,3,Rate,1996,1472.1582942664165,1932.5838989473764,1154.9561575164712
1,All Population,2,DALYs (Disability-Adjusted Life Years),92,Spain,3,Both,228,55+ years,697,Falls,1,Number,1999,226270.31741766277,302293.38903163146,168936.19173699903
1,All Population,2,DALYs (Disability-Adjusted Life Years),92,Spain,3,Both,228,55+ years,697,Falls,2,Percent,1999,0.02979562278248299,0.036967738072866047,0.024127318924348756
1,All Population,2,DALYs (Disability-Adjusted Life Years),92,Spain,3,Both,228,55+ years,697,Falls,3,Rate,1999,2107.037326212788,2814.9669007680936,1573.1398877257745
1,All Population,2,DALYs (Disability-Adjusted Life Years),82,Greece,3,Both,228,55+ years,697,Falls,1,Number,1997,45643.12602567351,61147.867977675305,33764.10537835217
1,All Population,2,DALYs (Disability-Adjusted Life Years),82,Greece,3,Both,228,55+ years,697,Falls,2,Percent,1997,0.021671477131473126,0.027062559670580046,0.01728047356832872
1,All Population,2,DALYs (Disability-Adjusted Life Years),82,Greece,3,Both,228,55+ years,697,Falls,3,Rate,1997,1536.1428914708165,2057.962959628726,1136.348339389665
1,All Population,2,DALYs (Disability-Adjusted Life Years),94,Switzerland,3,Both,228,55+ years,697,Falls,1,Number,1998,66373.76651740429,86182.01203946293,51403.036210631224
1,All Population,2,DALYs (Disability-Adjusted Life Years),94,Switzerland,3,Both,228,55+ years,697,Falls,2,Percent,1998,0.05234518265039608,0.06295003924085846,0.04376383883242265
1,All Population,2,DALYs (Disability-Adjusted Life Years),94,Switzerland,3,Both,228,55+ years,697,Falls,3,Rate,1998,3590.098879791903,4661.509525754542,2780.345193598433
1,All Population,2,DALYs (Disability-Adjusted Life Years),78,Denmark,3,Both,228,55+ years,697,Falls,1,Number,2000,47051.66296868434,58494.98303542905,38187.48992116266
1,All Population,2,DALYs (Disability-Adjusted Life Years),78,Denmark,3,Both,228,55+ years,697,Falls,2,Percent,2000,0.04087241556561397,0.048104607958064566,0.03530671549806526
1,All Population,2,DALYs (Disability-Adjusted Life Years),78,Denmark,3,Both,228,55+ years,697,Falls,3,Rate,2000,3398.559278739685,4225.114582816981,2758.2967320352413
1,All Population,2,DALYs (Disability-Adjusted Life Years),94,Switzerland,3,Both,228,55+ years,697,Falls,1,Number,1997,64995.49988722532,84293.39428524242,50578.56242079971
1,All Population,2,DALYs (Disability-Adjusted Life Years),94,Switzerland,3,Both,228,55+ years,697,Falls,2,Percent,1997,0.05149833516359245,0.0618822529712502,0.043092897792657466
1,All Population,2,DALYs (Disability-Adjusted Life Years),94,Switzerland,3,Both,228,55+ years,697,Falls,3,Rate,1997,3570.7855117318913,4630.991862062849,2778.73388480417
1,All Population,2,DALYs (Disability-Adjusted Life Years),94,Switzerland,3,Both,228,55+ years,697,Falls,1,Number,1994,64692.686889659344,82080.82741674228,51788.69903109432
1,All Population,2,DALYs (Disability-Adjusted Life Years),94,Switzerland,3,Both,228,55+ years,697,Falls,2,Percent,1994,0.052016056296266766,0.061134502336308585,0.044815252461540916
1,All Population,2,DALYs (Disability-Adjusted Life Years),94,Switzerland,3,Both,228,55+ years,697,Falls,3,Rate,1994,3694.7805914143546,4687.866011561289,2957.7976929765196
1,All Population,2,DALYs (Disability-Adjusted Life Years),75,Austria,3,Both,228,55+ years,697,Falls,1,Number,2000,60387.07885179353,78185.7675844949,46874.6362364201
1,All Population,2,DALYs (Disability-Adjusted Life Years),75,Austria,3,Both,228,55+ years,697,Falls,2,Percent,2000,0.03810062060013851,0.04597512852077565,0.031979710017804114
1,All Population,2,DALYs (Disability-Adjusted Life Years),75,Austria,3,Both,228,55+ years,697,Falls,3,Rate,2000,2819.601039206272,3650.659639845029,2188.6763784186696
1,All Population,2,DALYs (Disability-Adjusted Life Years),77,Cyprus,3,Both,228,55+ years,697,Falls,1,Number,2000,4159.364066368299,5214.5855089602455,3322.357269747661
1,All Population,2,DALYs (Disability-Adjusted Life Years),77,Cyprus,3,Both,228,55+ years,697,Falls,2,Percent,2000,0.02830385245074409,0.03365702073223313,0.023156242112687464
1,All Population,2,DALYs (Disability-Adjusted Life Years),77,Cyprus,3,Both,228,55+ years,697,Falls,3,Rate,2000,2261.472681250137,2835.2032869421428,1806.3867656209727
1,All Population,2,DALYs (Disability-Adjusted Life Years),73,Western Europe,3,Both,228,55+ years,697,Falls,1,Number,1998,2653841.0079745036,3431549.486608891,2077493.1595994895
1,All Population,2,DALYs (Disability-Adjusted Life Years),73,Western Europe,3,Both,228,55+ years,697,Falls,2,Percent,1998,0.0333179834644494,0.04022452979173731,0.028064675513199955
1,All Population,2,DALYs (Disability-Adjusted Life Years),73,Western Europe,3,Both,228,55+ years,697,Falls,3,Rate,1998,2503.031910340362,3236.5457618162895,1959.436023622297
1,All Population,2,DALYs (Disability-Adjusted Life Years),80,France,3,Both,228,55+ years,697,Falls,1,Number,1998,487790.73095259635,624401.6203619916,393881.6984663452
1,All Population,2,DALYs (Disability-Adjusted Life Years),80,France,3,Both,228,55+ years,697,Falls,2,Percent,1998,0.04604077914627362,0.054910877659886365,0.03945573160210043
1,All Population,2,DALYs (Disability-Adjusted Life Years),80,France,3,Both,228,55+ years,697,Falls,3,Rate,1998,3282.5160936060497,4201.819013061797,2650.5690496983
1,All Population,2,DALYs (Disability-Adjusted Life Years),82,Greece,3,Both,228,55+ years,697,Falls,1,Number,1998,47183.76419331455,63003.340646440374,35192.306283118305
1,All Population,2,DALYs (Disability-Adjusted Life Years),82,Greece,3,Both,228,55+ years,697,Falls,2,Percent,1998,0.02211182479882414,0.02753807397839176,0.017783959367175473
1,All Population,2,DALYs (Disability-Adjusted Life Years),82,Greece,3,Both,228,55+ years,697,Falls,3,Rate,1998,1577.0323648188426,2105.7732249607384,1176.2394745300705
1,All Population,2,DALYs (Disability-Adjusted Life Years),89,Netherlands,3,Both,228,55+ years,697,Falls,1,Number,1998,171750.67907397292,226363.66812725132,128936.23365159467
1,All Population,2,DALYs (Disability-Adjusted Life Years),89,Netherlands,3,Both,228,55+ years,697,Falls,2,Percent,1998,0.060095274584382415,0.0739377812204771,0.04861855442152352
1,All Population,2,DALYs (Disability-Adjusted Life Years),89,Netherlands,3,Both,228,55+ years,697,Falls,3,Rate,1998,4754.761290821754,6266.672205682008,3569.4823220285875
1,All Population,2,DALYs (Disability-Adjusted Life Years),91,Portugal,3,Both,228,55+ years,697,Falls,1,Number,1998,40781.65048014213,52544.77669706252,32236.62458466432
1,All Population,2,DALYs (Disability-Adjusted Life Years),91,Portugal,3,Both,228,55+ years,697,Falls,2,Percent,1998,0.019085501315266394,0.023137633197514978,0.016112916971249554
1,All Population,2,DALYs (Disability-Adjusted Life Years),91,Portugal,3,Both,228,55+ years,697,Falls,3,Rate,1998,1490.62055128649,1920.5775902949167,1178.2891213146534
1,All Population,2,DALYs (Disability-Adjusted Life Years),93,Sweden,3,Both,228,55+ years,697,Falls,1,Number,1998,66518.35624298878,85358.93978636336,52244.95324447038
1,All Population,2,DALYs (Disability-Adjusted Life Years),93,Sweden,3,Both,228,55+ years,697,Falls,2,Percent,1998,0.03629995725145885,0.04366474198891522,0.03038729393921321
1,All Population,2,DALYs (Disability-Adjusted Life Years),93,Sweden,3,Both,228,55+ years,697,Falls,3,Rate,1998,2686.7194112366924,3447.7027605560997,2110.2074367008604
1,All Population,2,DALYs (Disability-Adjusted Life Years),84,Ireland,3,Both,228,55+ years,697,Falls,1,Number,2000,15898.24481175057,20304.237870542802,12578.205708416292
1,All Population,2,DALYs (Disability-Adjusted Life Years),84,Ireland,3,Both,228,55+ years,697,Falls,2,Percent,2000,0.025937618938389164,0.03131577971954971,0.021694928863402484
1,All Population,2,DALYs (Disability-Adjusted Life Years),84,Ireland,3,Both,228,55+ years,697,Falls,3,Rate,2000,2093.7314873125447,2673.9821067554885,1656.4964030583315
1,All Population,2,DALYs (Disability-Adjusted Life Years),95,United Kingdom,3,Both,228,55+ years,697,Falls,1,Number,2000,310420.20744203887,399891.68543160916,241287.22332389152
1,All Population,2,DALYs (Disability-Adjusted Life Years),95,United Kingdom,3,Both,228,55+ years,697,Falls,2,Percent,2000,0.02518636748571028,0.03034138467765683,0.021214677924482724
1,All Population,2,DALYs (Disability-Adjusted Life Years),95,United Kingdom,3,Both,228,55+ years,697,Falls,3,Rate,2000,2000.2980458203592,2576.8379046586856,1554.8161805359273
1,All Population,2,DALYs (Disability-Adjusted Life Years),86,Italy,3,Both,228,55+ years,697,Falls,1,Number,2000,417329.70399481547,530910.8317708,328978.0778300838
1,All Population,2,DALYs (Disability-Adjusted Life Years),86,Italy,3,Both,228,55+ years,697,Falls,2,Percent,2000,0.03541880947952916,0.04189688931098955,0.030096930504613467
1,All Population,2,DALYs (Disability-Adjusted Life Years),86,Italy,3,Both,228,55+ years,697,Falls,3,Rate,2000,2438.1754679468727,3101.7532500080906,1921.9966160558552
1,All Population,2,DALYs (Disability-Adjusted Life Years),88,Malta,3,Both,228,55+ years,697,Falls,1,Number,2000,1777.4763593682135,2311.175453562011,1399.401542687462
1,All Population,2,DALYs (Disability-Adjusted Life Years),88,Malta,3,Both,228,55+ years,697,Falls,2,Percent,2000,0.028023175453167577,0.03352069620025468,0.02361782703997029
1,All Population,2,DALYs (Disability-Adjusted Life Years),88,Malta,3,Both,228,55+ years,697,Falls,3,Rate,2000,1962.1479013841893,2551.2958538302155,1544.792866417632
1,All Population,2,DALYs (Disability-Adjusted Life Years),75,Austria,3,Both,228,55+ years,697,Falls,1,Number,2001,61693.3776877486,79957.0920093131,47926.0694511635
1,All Population,2,DALYs (Disability-Adjusted Life Years),75,Austria,3,Both,228,55+ years,697,Falls,2,Percent,2001,0.039442254562145604,0.04774203754084286,0.033166042340014766
1,All Population,2,DALYs (Disability-Adjusted Life Years),75,Austria,3,Both,228,55+ years,697,Falls,3,Rate,2001,2876.554805180467,3728.130406342159,2234.6315040639215
1,All Population,2,DALYs (Disability-Adjusted Life Years),95,United Kingdom,3,Both,228,55+ years,697,Falls,1,Number,2001,318581.9274223606,410094.7510186684,248393.72443563695
1,All Population,2,DALYs (Disability-Adjusted Life Years),95,United Kingdom,3,Both,228,55+ years,697,Falls,2,Percent,2001,0.026156433804573703,0.031524698565330835,0.022131972149679324
1,All Population,2,DALYs (Disability-Adjusted Life Years),95,United Kingdom,3,Both,228,55+ years,697,Falls,3,Rate,2001,2033.4249521233003,2617.527322416541,1585.4320466478916
1,All Population,2,DALYs (Disability-Adjusted Life Years),84,Ireland,3,Both,228,55+ years,697,Falls,1,Number,2001,16612.736153473874,21175.34194237241,12989.420731978742
1,All Population,2,DALYs (Disability-Adjusted Life Years),84,Ireland,3,Both,228,55+ years,697,Falls,2,Percent,2001,0.027750175569061893,0.03317052678918426,0.02328580206277819
1,All Population,2,DALYs (Disability-Adjusted Life Years),84,Ireland,3,Both,228,55+ years,697,Falls,3,Rate,2001,2138.3936954527458,2725.692943673013,1672.0000332418588
1,All Population,2,DALYs (Disability-Adjusted Life Years),74,Andorra,3,Both,228,55+ years,697,Falls,1,Number,2001,522.3864792775463,679.5420846638625,403.36609614827927
1,All Population,2,DALYs (Disability-Adjusted Life Years),74,Andorra,3,Both,228,55+ years,697,Falls,2,Percent,2001,0.05956149707321246,0.07162611683914412,0.04938802898938295
1,All Population,2,DALYs (Disability-Adjusted Life Years),74,Andorra,3,Both,228,55+ years,697,Falls,3,Rate,2001,3528.3420442995025,4589.814253053342,2724.4456216654266
1,All Population,2,DALYs (Disability-Adjusted Life Years),94,Switzerland,3,Both,228,55+ years,697,Falls,1,Number,2001,70938.08602562318,92226.56867808949,55183.33636695062
1,All Population,2,DALYs (Disability-Adjusted Life Years),94,Switzerland,3,Both,228,55+ years,697,Falls,2,Percent,2001,0.05569714058581095,0.06681296062501277,0.04680202799204126
1,All Population,2,DALYs (Disability-Adjusted Life Years),94,Switzerland,3,Both,228,55+ years,697,Falls,3,Rate,2001,3638.8375119380216,4730.85075317567,2830.682439520884
1,All Population,2,DALYs (Disability-Adjusted Life Years),85,Israel,3,Both,228,55+ years,697,Falls,1,Number,2001,17550.02940068265,22842.73412286005,13758.063522721532
1,All Population,2,DALYs (Disability-Adjusted Life Years),85,Israel,3,Both,228,55+ years,697,Falls,2,Percent,2001,0.023485787480810066,0.028540804874032724,0.019814211961890676
1,All Population,2,DALYs (Disability-Adjusted Life Years),85,Israel,3,Both,228,55+ years,697,Falls,3,Rate,2001,1617.6880776466774,2105.5473929842096,1268.1605725028887
1,All Population,2,DALYs (Disability-Adjusted Life Years),77,Cyprus,3,Both,228,55+ years,697,Falls,1,Number,2001,4071.32009875656,5135.486034240031,3244.4470560742416
1,All Population,2,DALYs (Disability-Adjusted Life Years),77,Cyprus,3,Both,228,55+ years,697,Falls,2,Percent,2001,0.029109607366369628,0.03426267517158696,0.023867376839069164
1,All Population,2,DALYs (Disability-Adjusted Life Years),77,Cyprus,3,Both,228,55+ years,697,Falls,3,Rate,2001,2179.7025737924523,2749.4355282766746,1737.0114427549522
1,All Population,2,DALYs (Disability-Adjusted Life Years),86,Italy,3,Both,228,55+ years,697,Falls,1,Number,2001,423001.6014747859,536852.4816202159,333818.56886415125
1,All Population,2,DALYs (Disability-Adjusted Life Years),86,Italy,3,Both,228,55+ years,697,Falls,2,Percent,2001,0.036036054727004004,0.04246074157293328,0.030733319369253685
1,All Population,2,DALYs (Disability-Adjusted Life Years),86,Italy,3,Both,228,55+ years,697,Falls,3,Rate,2001,2449.6463404653623,3108.968647838793,1933.1781079467037
1,All Population,2,DALYs (Disability-Adjusted Life Years),76,Belgium,3,Both,228,55+ years,697,Falls,1,Number,2001,86687.96123118812,110472.10169378282,69330.35232987712
1,All Population,2,DALYs (Disability-Adjusted Life Years),76,Belgium,3,Both,228,55+ years,697,Falls,2,Percent,2001,0.04118833557146007,0.049029859489520565,0.0351502616905635
1,All Population,2,DALYs (Disability-Adjusted Life Years),76,Belgium,3,Both,228,55+ years,697,Falls,3,Rate,2001,3090.214872854252,3938.0616044154303,2471.4583532382317
1,All Population,2,DALYs (Disability-Adjusted Life Years),88,Malta,3,Both,228,55+ years,697,Falls,1,Number,2001,1898.0656364216552,2444.9183663783365,1501.524811005213
1,All Population,2,DALYs (Disability-Adjusted Life Years),88,Malta,3,Both,228,55+ years,697,Falls,2,Percent,2001,0.029704751188269776,0.03558900470233827,0.025151820889482753
1,All Population,2,DALYs (Disability-Adjusted Life Years),88,Malta,3,Both,228,55+ years,697,Falls,3,Rate,2001,2011.205963713138,2590.6556153253755,1591.0280427657779
1,All Population,2,DALYs (Disability-Adjusted Life Years),396,San Marino,3,Both,228,55+ years,697,Falls,1,Number,1998,124.5001809139407,164.4463036313657,94.41719566078166
1,All Population,2,DALYs (Disability-Adjusted Life Years),396,San Marino,3,Both,228,55+ years,697,Falls,2,Percent,1998,0.030720465495837866,0.03697710540458776,0.02534321318197415
1,All Population,2,DALYs (Disability-Adjusted Life Years),396,San Marino,3,Both,228,55+ years,697,Falls,3,Rate,1998,2018.7832750128944,2666.5137750938015,1530.9845662422088
1,All Population,2,DALYs (Disability-Adjusted Life Years),87,Luxembourg,3,Both,228,55+ years,697,Falls,1,Number,2001,2974.036963732675,3775.4810974467396,2344.8907954998417
1,All Population,2,DALYs (Disability-Adjusted Life Years),87,Luxembourg,3,Both,228,55+ years,697,Falls,2,Percent,2001,0.03976557382941807,0.04736748973925864,0.03385985941793143
1,All Population,2,DALYs (Disability-Adjusted Life Years),87,Luxembourg,3,Both,228,55+ years,697,Falls,3,Rate,2001,2866.313256603266,3638.727982077414,2259.955627448724
1,All Population,2,DALYs (Disability-Adjusted Life Years),78,Denmark,3,Both,228,55+ years,697,Falls,1,Number,2001,45754.98854795812,57062.81304896837,36877.55727692899
1,All Population,2,DALYs (Disability-Adjusted Life Years),78,Denmark,3,Both,228,55+ years,697,Falls,2,Percent,2001,0.03948975950068124,0.04648279013458154,0.03384125903654233
1,All Population,2,DALYs (Disability-Adjusted Life Years),78,Denmark,3,Both,228,55+ years,697,Falls,3,Rate,2001,3233.2182037047055,4032.2712726972395,2605.9057881952094
1,All Population,2,DALYs (Disability-Adjusted Life Years),367,Monaco,3,Both,228,55+ years,697,Falls,1,Number,1998,201.67469483502566,263.7224329172706,153.8242499751898
1,All Population,2,DALYs (Disability-Adjusted Life Years),367,Monaco,3,Both,228,55+ years,697,Falls,2,Percent,1998,0.02009130412611567,0.024671424538104607,0.01599931528870112
1,All Population,2,DALYs (Disability-Adjusted Life Years),367,Monaco,3,Both,228,55+ years,697,Falls,3,Rate,1998,1739.9897768047072,2275.319358065649,1327.1502535329373
1,All Population,2,DALYs (Disability-Adjusted Life Years),78,Denmark,3,Both,228,55+ years,697,Falls,1,Number,2002,44556.512168290494,56170.90147425652,35509.20047536058
1,All Population,2,DALYs (Disability-Adjusted Life Years),78,Denmark,3,Both,228,55+ years,697,Falls,2,Percent,2002,0.038199358789677534,0.04493203512188096,0.032491147945535995
1,All Population,2,DALYs (Disability-Adjusted Life Years),78,Denmark,3,Both,228,55+ years,697,Falls,3,Rate,2002,3077.855467428106,3880.1492262211536,2452.88918518333
1,All Population,2,DALYs (Disability-Adjusted Life Years),74,Andorra,3,Both,228,55+ years,697,Falls,1,Number,2002,558.8055586314669,726.4269867645612,434.29076565774193
1,All Population,2,DALYs (Disability-Adjusted Life Years),74,Andorra,3,Both,228,55+ years,697,Falls,2,Percent,2002,0.06125661449905384,0.07347762849936211,0.0509168574742213
1,All Population,2,DALYs (Disability-Adjusted Life Years),74,Andorra,3,Both,228,55+ years,697,Falls,3,Rate,2002,3616.6416104194523,4701.503101899152,2810.7702757025954
1,All Population,2,DALYs (Disability-Adjusted Life Years),76,Belgium,3,Both,228,55+ years,697,Falls,1,Number,2002,90000.87889946697,114688.44351241854,71383.05915382219
1,All Population,2,DALYs (Disability-Adjusted Life Years),76,Belgium,3,Both,228,55+ years,697,Falls,2,Percent,2002,0.04201401275661172,0.04987083652911008,0.03563720603394778
1,All Population,2,DALYs (Disability-Adjusted Life Years),76,Belgium,3,Both,228,55+ years,697,Falls,3,Rate,2002,3156.0807022171302,4021.804984162297,2503.2055043846503
1,All Population,2,DALYs (Disability-Adjusted Life Years),85,Israel,3,Both,228,55+ years,697,Falls,1,Number,2002,18504.697759347284,24004.917751353005,14448.501263562184
1,All Population,2,DALYs (Disability-Adjusted Life Years),85,Israel,3,Both,228,55+ years,697,Falls,2,Percent,2002,0.02419414455819058,0.02917734634185951,0.020329982285531005
1,All Population,2,DALYs (Disability-Adjusted Life Years),85,Israel,3,Both,228,55+ years,697,Falls,3,Rate,2002,1635.630159800481,2121.794582557283,1277.1029680103932
1,All Population,2,DALYs (Disability-Adjusted Life Years),94,Switzerland,3,Both,228,55+ years,697,Falls,1,Number,2002,71625.67234055877,93148.16914351661,55854.8425952737
1,All Population,2,DALYs (Disability-Adjusted Life Years),94,Switzerland,3,Both,228,55+ years,697,Falls,2,Percent,2002,0.055853349617509734,0.06690054713041185,0.04724156181243214
1,All Population,2,DALYs (Disability-Adjusted Life Years),94,Switzerland,3,Both,228,55+ years,697,Falls,3,Rate,2002,3607.028550672523,4690.889377568625,2812.8184399658016
1,All Population,2,DALYs (Disability-Adjusted Life Years),87,Luxembourg,3,Both,228,55+ years,697,Falls,1,Number,2002,3058.7217879579093,3893.9920761884687,2416.2853741816457
1,All Population,2,DALYs (Disability-Adjusted Life Years),87,Luxembourg,3,Both,228,55+ years,697,Falls,2,Percent,2002,0.04051840527466367,0.04825258752028673,0.03454293243633886
1,All Population,2,DALYs (Disability-Adjusted Life Years),87,Luxembourg,3,Both,228,55+ years,697,Falls,3,Rate,2002,2900.3102978878906,3692.32185906104,2291.1457266120456
1,All Population,2,DALYs (Disability-Adjusted Life Years),75,Austria,3,Both,228,55+ years,697,Falls,1,Number,2002,63854.0513452832,82442.51546108365,49758.044396889076
1,All Population,2,DALYs (Disability-Adjusted Life Years),75,Austria,3,Both,228,55+ years,697,Falls,2,Percent,2002,0.04024011206274124,0.04845933107036082,0.033871420232059454
1,All Population,2,DALYs (Disability-Adjusted Life Years),75,Austria,3,Both,228,55+ years,697,Falls,3,Rate,2002,2942.8979747302833,3799.6009128716782,2293.2428717846906
1,All Population,2,DALYs (Disability-Adjusted Life Years),84,Ireland,3,Both,228,55+ years,697,Falls,1,Number,2002,17354.52531739954,22283.78208618122,13507.469774026642
1,All Population,2,DALYs (Disability-Adjusted Life Years),84,Ireland,3,Both,228,55+ years,697,Falls,2,Percent,2002,0.029240860465338428,0.03505330866039709,0.02448562674866743
1,All Population,2,DALYs (Disability-Adjusted Life Years),84,Ireland,3,Both,228,55+ years,697,Falls,3,Rate,2002,2177.805330722611,2796.3737715886064,1695.0414454123288
1,All Population,2,DALYs (Disability-Adjusted Life Years),77,Cyprus,3,Both,228,55+ years,697,Falls,1,Number,2002,4463.408830895688,5645.371252174386,3565.6008143354256
1,All Population,2,DALYs (Disability-Adjusted Life Years),77,Cyprus,3,Both,228,55+ years,697,Falls,2,Percent,2002,0.029675653804805868,0.03527743376977496,0.024639721696688037
1,All Population,2,DALYs (Disability-Adjusted Life Years),77,Cyprus,3,Both,228,55+ years,697,Falls,3,Rate,2002,2243.5602054081523,2837.680966722461,1792.271422693885
1,All Population,2,DALYs (Disability-Adjusted Life Years),95,United Kingdom,3,Both,228,55+ years,697,Falls,1,Number,2002,327726.448281659,421845.4352498208,255203.63196824858
1,All Population,2,DALYs (Disability-Adjusted Life Years),95,United Kingdom,3,Both,228,55+ years,697,Falls,2,Percent,2002,0.026750587272648407,0.03233507018099647,0.022605383910799644
1,All Population,2,DALYs (Disability-Adjusted Life Years),95,United Kingdom,3,Both,228,55+ years,697,Falls,3,Rate,2002,2052.6454318351484,2642.1398399370887,1598.4140800780149
1,All Population,2,DALYs (Disability-Adjusted Life Years),86,Italy,3,Both,228,55+ years,697,Falls,1,Number,2002,426636.21560836217,542269.2217526264,335623.73022722633
1,All Population,2,DALYs (Disability-Adjusted Life Years),86,Italy,3,Both,228,55+ years,697,Falls,2,Percent,2002,0.03601284602403017,0.042497502256543966,0.03077956691958249
1,All Population,2,DALYs (Disability-Adjusted Life Years),86,Italy,3,Both,228,55+ years,697,Falls,3,Rate,2002,2432.735604856103,3092.0901576396027,1913.770487566621
1,All Population,2,DALYs (Disability-Adjusted Life Years),88,Malta,3,Both,228,55+ years,697,Falls,1,Number,2002,2007.8358375066157,2560.085816506693,1588.3032340805971
1,All Population,2,DALYs (Disability-Adjusted Life Years),88,Malta,3,Both,228,55+ years,697,Falls,2,Percent,2002,0.030940648874497746,0.03689909754851304,0.026105027594313837
1,All Population,2,DALYs (Disability-Adjusted Life Years),88,Malta,3,Both,228,55+ years,697,Falls,3,Rate,2002,2040.4085584751133,2601.6175789141384,1614.0699611658729
1,All Population,2,DALYs (Disability-Adjusted Life Years),73,Western Europe,3,Both,228,55+ years,697,Falls,1,Number,1999,2727183.9656020454,3524526.8364468575,2130076.8421797175
1,All Population,2,DALYs (Disability-Adjusted Life Years),73,Western Europe,3,Both,228,55+ years,697,Falls,2,Percent,1999,0.034141951165396325,0.04118080501020879,0.028734708504839123
1,All Population,2,DALYs (Disability-Adjusted Life Years),73,Western Europe,3,Both,228,55+ years,697,Falls,3,Rate,1999,2544.7539118682903,3288.759969132823,1987.589192766566
1,All Population,2,DALYs (Disability-Adjusted Life Years),93,Sweden,3,Both,228,55+ years,697,Falls,1,Number,1999,68546.50532346475,87883.09662540816,53857.684321756824
1,All Population,2,DALYs (Disability-Adjusted Life Years),93,Sweden,3,Both,228,55+ years,697,Falls,2,Percent,1999,0.037093235313436855,0.04473117717921243,0.03100155398609824
1,All Population,2,DALYs (Disability-Adjusted Life Years),93,Sweden,3,Both,228,55+ years,697,Falls,3,Rate,1999,2719.3121010406317,3486.4150550442105,2136.5910927051323
1,All Population,2,DALYs (Disability-Adjusted Life Years),82,Greece,3,Both,228,55+ years,697,Falls,1,Number,1999,48644.14678451281,64895.88238997281,36446.03816748357
1,All Population,2,DALYs (Disability-Adjusted Life Years),82,Greece,3,Both,228,55+ years,697,Falls,2,Percent,1999,0.022545451311573823,0.027969035419219662,0.018083516559270468
1,All Population,2,DALYs (Disability-Adjusted Life Years),82,Greece,3,Both,228,55+ years,697,Falls,3,Rate,1999,1611.1030833255575,2149.36355399095,1207.099483659323
1,All Population,2,DALYs (Disability-Adjusted Life Years),74,Andorra,3,Both,228,55+ years,697,Falls,1,Number,2003,592.9357707363962,768.2320700211889,458.86165185935863
1,All Population,2,DALYs (Disability-Adjusted Life Years),74,Andorra,3,Both,228,55+ years,697,Falls,2,Percent,2003,0.06276285243189758,0.07529912069485654,0.05218989171142194
1,All Population,2,DALYs (Disability-Adjusted Life Years),74,Andorra,3,Both,228,55+ years,697,Falls,3,Rate,2003,3659.0642139182864,4740.834697673525,2831.6798080385215
1,All Population,2,DALYs (Disability-Adjusted Life Years),76,Belgium,3,Both,228,55+ years,697,Falls,1,Number,2003,93386.4449275401,118721.43038660873,74218.05419073359
1,All Population,2,DALYs (Disability-Adjusted Life Years),76,Belgium,3,Both,228,55+ years,697,Falls,2,Percent,2003,0.04326597644470678,0.05143666332805139,0.036759019946244115
1,All Population,2,DALYs (Disability-Adjusted Life Years),76,Belgium,3,Both,228,55+ years,697,Falls,3,Rate,2003,3227.886979227601,4103.586549392217,2565.3347328058317
1,All Population,2,DALYs (Disability-Adjusted Life Years),94,Switzerland,3,Both,228,55+ years,697,Falls,1,Number,2003,72640.79084234504,93949.7927332088,56709.07821602142
1,All Population,2,DALYs (Disability-Adjusted Life Years),94,Switzerland,3,Both,228,55+ years,697,Falls,2,Percent,2003,0.055912018685037645,0.06703853800672194,0.047473189670804924
1,All Population,2,DALYs (Disability-Adjusted Life Years),94,Switzerland,3,Both,228,55+ years,697,Falls,3,Rate,2003,3588.9861182744753,4641.806594122232,2801.8430435203695
1,All Population,2,DALYs (Disability-Adjusted Life Years),77,Cyprus,3,Both,228,55+ years,697,Falls,1,Number,2003,4602.420878670047,5829.141306326895,3649.5451837297837
1,All Population,2,DALYs (Disability-Adjusted Life Years),77,Cyprus,3,Both,228,55+ years,697,Falls,2,Percent,2003,0.030474861760390402,0.036637146946637084,0.025394934407371415
1,All Population,2,DALYs (Disability-Adjusted Life Years),77,Cyprus,3,Both,228,55+ years,697,Falls,3,Rate,2003,2242.032303624474,2839.6192907401414,1777.846574914665
1,All Population,2,DALYs (Disability-Adjusted Life Years),89,Netherlands,3,Both,228,55+ years,697,Falls,1,Number,1999,193234.46399564686,254850.55857311044,144107.33811814064
1,All Population,2,DALYs (Disability-Adjusted Life Years),89,Netherlands,3,Both,228,55+ years,697,Falls,2,Percent,1999,0.06627058101019515,0.08126148657302443,0.05387700509206239
1,All Population,2,DALYs (Disability-Adjusted Life Years),89,Netherlands,3,Both,228,55+ years,697,Falls,3,Rate,1999,5261.947775208081,6939.809296774952,3924.172073253926
1,All Population,2,DALYs (Disability-Adjusted Life Years),80,France,3,Both,228,55+ years,697,Falls,1,Number,1999,500662.6631508054,635943.3292361555,404927.01739709603
1,All Population,2,DALYs (Disability-Adjusted Life Years),80,France,3,Both,228,55+ years,697,Falls,2,Percent,1999,0.04698086827774043,0.05567249523777339,0.04026845747437731
1,All Population,2,DALYs (Disability-Adjusted Life Years),80,France,3,Both,228,55+ years,697,Falls,3,Rate,1999,3338.7273089738933,4240.862194353367,2700.302999662288
1,All Population,2,DALYs (Disability-Adjusted Life Years),88,Malta,3,Both,228,55+ years,697,Falls,1,Number,2003,2137.5256047839375,2730.3015089648716,1680.5932487495204
1,All Population,2,DALYs (Disability-Adjusted Life Years),88,Malta,3,Both,228,55+ years,697,Falls,2,Percent,2003,0.03217734211196946,0.038417634818981666,0.027332246292603325
1,All Population,2,DALYs (Disability-Adjusted Life Years),88,Malta,3,Both,228,55+ years,697,Falls,3,Rate,2003,2082.3971061952075,2659.884844693385,1637.249401857318
1,All Population,2,DALYs (Disability-Adjusted Life Years),78,Denmark,3,Both,228,55+ years,697,Falls,1,Number,2003,44587.651452295155,56561.706248930685,35458.95504481372
1,All Population,2,DALYs (Disability-Adjusted Life Years),78,Denmark,3,Both,228,55+ years,697,Falls,2,Percent,2003,0.038495528758992224,0.04548596008048078,0.03279578207071205
1,All Population,2,DALYs (Disability-Adjusted Life Years),78,Denmark,3,Both,228,55+ years,697,Falls,3,Rate,2003,3020.5031966444512,3831.6621075085854,2402.097521936615
1,All Population,2,DALYs (Disability-Adjusted Life Years),84,Ireland,3,Both,228,55+ years,697,Falls,1,Number,2003,18177.779304991996,23353.931242028364,14156.487814239601
1,All Population,2,DALYs (Disability-Adjusted Life Years),84,Ireland,3,Both,228,55+ years,697,Falls,2,Percent,2003,0.030839036899333632,0.036785758299943294,0.02579520205337856
1,All Population,2,DALYs (Disability-Adjusted Life Years),84,Ireland,3,Both,228,55+ years,697,Falls,3,Rate,2003,2221.822464582101,2854.4899901823946,1730.3105135962664
1,All Population,2,DALYs (Disability-Adjusted Life Years),91,Portugal,3,Both,228,55+ years,697,Falls,1,Number,1999,41319.435869222696,53437.88088559896,32589.79586985735
1,All Population,2,DALYs (Disability-Adjusted Life Years),91,Portugal,3,Both,228,55+ years,697,Falls,2,Percent,1999,0.01913344368541361,0.023276435263542443,0.016181024902112928
1,All Population,2,DALYs (Disability-Adjusted Life Years),91,Portugal,3,Both,228,55+ years,697,Falls,3,Rate,1999,1488.2763505525727,1924.768155049317,1173.8452242174103
1,All Population,2,DALYs (Disability-Adjusted Life Years),85,Israel,3,Both,228,55+ years,697,Falls,1,Number,2003,19431.767271904282,25209.425376362393,15101.835161463207
1,All Population,2,DALYs (Disability-Adjusted Life Years),85,Israel,3,Both,228,55+ years,697,Falls,2,Percent,2003,0.024989656326842906,0.03017465065999647,0.020925709201073766
1,All Population,2,DALYs (Disability-Adjusted Life Years),85,Israel,3,Both,228,55+ years,697,Falls,3,Rate,2003,1654.490417936426,2146.4209684715725,1285.8244552991562
1,All Population,2,DALYs (Disability-Adjusted Life Years),87,Luxembourg,3,Both,228,55+ years,697,Falls,1,Number,2003,3205.7567446986236,4084.6465416302485,2539.530882722718
1,All Population,2,DALYs (Disability-Adjusted Life Years),87,Luxembourg,3,Both,228,55+ years,697,Falls,2,Percent,2003,0.041745926207243794,0.0496805328453359,0.03547247359019738
1,All Population,2,DALYs (Disability-Adjusted Life Years),87,Luxembourg,3,Both,228,55+ years,697,Falls,3,Rate,2003,2975.5117227182345,3791.2775783378725,2357.1357758951913
1,All Population,2,DALYs (Disability-Adjusted Life Years),95,United Kingdom,3,Both,228,55+ years,697,Falls,1,Number,2003,340423.55778573384,438215.3347292226,266342.63098242925
1,All Population,2,DALYs (Disability-Adjusted Life Years),95,United Kingdom,3,Both,228,55+ years,697,Falls,2,Percent,2003,0.027650720716007555,0.033409590929246114,0.023403878265945366
1,All Population,2,DALYs (Disability-Adjusted Life Years),95,United Kingdom,3,Both,228,55+ years,697,Falls,3,Rate,2003,2093.3758558858585,2694.7294933639178,1637.8279949787272
1,All Population,2,DALYs (Disability-Adjusted Life Years),86,Italy,3,Both,228,55+ years,697,Falls,1,Number,2003,428026.0613249452,545280.8307778428,336958.4113205632
1,All Population,2,DALYs (Disability-Adjusted Life Years),86,Italy,3,Both,228,55+ years,697,Falls,2,Percent,2003,0.03505829570488197,0.0415001245079936,0.029965114456534006
1,All Population,2,DALYs (Disability-Adjusted Life Years),86,Italy,3,Both,228,55+ years,697,Falls,3,Rate,2003,2404.2958491640275,3062.936013778361,1892.7532290233466
1,All Population,2,DALYs (Disability-Adjusted Life Years),367,Monaco,3,Both,228,55+ years,697,Falls,1,Number,1999,206.5428631127931,268.793119070232,156.35625011752137
1,All Population,2,DALYs (Disability-Adjusted Life Years),367,Monaco,3,Both,228,55+ years,697,Falls,2,Percent,1999,0.02046898083730495,0.025528860370712825,0.016295858873189552
1,All Population,2,DALYs (Disability-Adjusted Life Years),367,Monaco,3,Both,228,55+ years,697,Falls,3,Rate,1999,1759.748908066553,2290.122208295977,1332.1580628202614
1,All Population,2,DALYs (Disability-Adjusted Life Years),396,San Marino,3,Both,228,55+ years,697,Falls,1,Number,1999,130.72704436985472,172.75223994736905,100.66498838155516
1,All Population,2,DALYs (Disability-Adjusted Life Years),396,San Marino,3,Both,228,55+ years,697,Falls,2,Percent,1999,0.0316721634442336,0.03867704233810782,0.025781140188588094
1,All Population,2,DALYs (Disability-Adjusted Life Years),396,San Marino,3,Both,228,55+ years,697,Falls,3,Rate,1999,2068.3197403977797,2733.2283828752384,1592.6879066233662
1,All Population,2,DALYs (Disability-Adjusted Life Years),73,Western Europe,3,Both,228,55+ years,697,Falls,1,Number,2000,2793216.033033851,3609023.616731364,2186527.0476906784
1,All Population,2,DALYs (Disability-Adjusted Life Years),73,Western Europe,3,Both,228,55+ years,697,Falls,2,Percent,2000,0.035330780213570626,0.042492314297677324,0.02980318816021337
1,All Population,2,DALYs (Disability-Adjusted Life Years),73,Western Europe,3,Both,228,55+ years,697,Falls,3,Rate,2000,2580.895055259149,3334.690584823298,2020.3223735064626
1,All Population,2,DALYs (Disability-Adjusted Life Years),80,France,3,Both,228,55+ years,697,Falls,1,Number,2000,513045.34150751017,647958.22007977,413882.62884975574
1,All Population,2,DALYs (Disability-Adjusted Life Years),80,France,3,Both,228,55+ years,697,Falls,2,Percent,2000,0.04842536539218632,0.05700933688519778,0.04176531524272676
1,All Population,2,DALYs (Disability-Adjusted Life Years),80,France,3,Both,228,55+ years,697,Falls,3,Rate,2000,3377.969620527404,4266.2568114721535,2725.0670332770737
1,All Population,2,DALYs (Disability-Adjusted Life Years),74,Andorra,3,Both,228,55+ years,697,Falls,1,Number,2004,617.0280755494947,798.2053354598858,478.9873728500512
1,All Population,2,DALYs (Disability-Adjusted Life Years),74,Andorra,3,Both,228,55+ years,697,Falls,2,Percent,2004,0.064065587664514,0.07703733953996736,0.0531580175986815
1,All Population,2,DALYs (Disability-Adjusted Life Years),74,Andorra,3,Both,228,55+ years,697,Falls,3,Rate,2004,3688.507333585009,4771.559593829705,2863.319364971606
1,All Population,2,DALYs (Disability-Adjusted Life Years),93,Sweden,3,Both,228,55+ years,697,Falls,1,Number,2000,70479.60213978567,90553.32027509589,55438.52487928821
1,All Population,2,DALYs (Disability-Adjusted Life Years),93,Sweden,3,Both,228,55+ years,697,Falls,2,Percent,2000,0.03832603215214358,0.04606810979003364,0.032010289318825706
1,All Population,2,DALYs (Disability-Adjusted Life Years),93,Sweden,3,Both,228,55+ years,697,Falls,3,Rate,2000,2747.9852021208026,3530.6553465686993,2161.536691049107
1,All Population,2,DALYs (Disability-Adjusted Life Years),76,Belgium,3,Both,228,55+ years,697,Falls,1,Number,2004,94620.76412898785,120447.29531186455,74429.29327732489
1,All Population,2,DALYs (Disability-Adjusted Life Years),76,Belgium,3,Both,228,55+ years,697,Falls,2,Percent,2004,0.04467499963899919,0.0532008500100975,0.03800339045228673
1,All Population,2,DALYs (Disability-Adjusted Life Years),76,Belgium,3,Both,228,55+ years,697,Falls,3,Rate,2004,3231.8049772474237,4113.91909659732,2542.1582956015773
1,All Population,2,DALYs (Disability-Adjusted Life Years),75,Austria,3,Both,228,55+ years,697,Falls,1,Number,2003,66575.4672443591,85909.23950160529,51877.93530648995
1,All Population,2,DALYs (Disability-Adjusted Life Years),75,Austria,3,Both,228,55+ years,697,Falls,2,Percent,2003,0.04147011652219372,0.049895525162562154,0.03511643636222769
1,All Population,2,DALYs (Disability-Adjusted Life Years),75,Austria,3,Both,228,55+ years,697,Falls,3,Rate,2003,3020.543102604595,3897.7204602130173,2353.712953935936
1,All Population,2,DALYs (Disability-Adjusted Life Years),82,Greece,3,Both,228,55+ years,697,Falls,1,Number,2000,50538.8283771031,67452.60160676851,38138.096338147065
1,All Population,2,DALYs (Disability-Adjusted Life Years),82,Greece,3,Both,228,55+ years,697,Falls,2,Percent,2000,0.023134939240214855,0.028756990846121648,0.018683200755983863
1,All Population,2,DALYs (Disability-Adjusted Life Years),82,Greece,3,Both,228,55+ years,697,Falls,3,Rate,2000,1651.8777800311666,2204.709871153179,1246.5558845882438
1,All Population,2,DALYs (Disability-Adjusted Life Years),78,Denmark,3,Both,228,55+ years,697,Falls,1,Number,2004,44544.72212981618,56606.72609170592,35238.765542709254
1,All Population,2,DALYs (Disability-Adjusted Life Years),78,Denmark,3,Both,228,55+ years,697,Falls,2,Percent,2004,0.039132061366201495,0.046529374760195245,0.033441676329775134
1,All Population,2,DALYs (Disability-Adjusted Life Years),78,Denmark,3,Both,228,55+ years,697,Falls,3,Rate,2004,2970.7084924182786,3775.12921594961,2350.0898659774634
1,All Population,2,DALYs (Disability-Adjusted Life Years),87,Luxembourg,3,Both,228,55+ years,697,Falls,1,Number,2004,3230.2691453500197,4139.352107990318,2544.5841151556738
1,All Population,2,DALYs (Disability-Adjusted Life Years),87,Luxembourg,3,Both,228,55+ years,697,Falls,2,Percent,2004,0.04266150869227805,0.051080074527199294,0.03651904666695273
1,All Population,2,DALYs (Disability-Adjusted Life Years),87,Luxembourg,3,Both,228,55+ years,697,Falls,3,Rate,2004,2947.3001162450287,3776.74812844025,2321.6805538291887
1,All Population,2,DALYs (Disability-Adjusted Life Years),86,Italy,3,Both,228,55+ years,697,Falls,1,Number,2004,416535.8806232826,533962.8485349142,326631.24726965616
1,All Population,2,DALYs (Disability-Adjusted Life Years),86,Italy,3,Both,228,55+ years,697,Falls,2,Percent,2004,0.0355351227098656,0.042166686180626196,0.030442092949112546
1,All Population,2,DALYs (Disability-Adjusted Life Years),86,Italy,3,Both,228,55+ years,697,Falls,3,Rate,2004,2310.0977756689854,2961.3448590422176,1811.4888845891253
1,All Population,2,DALYs (Disability-Adjusted Life Years),94,Switzerland,3,Both,228,55+ years,697,Falls,1,Number,2004,72458.54082809547,93870.5987208592,56608.58511938738
1,All Population,2,DALYs (Disability-Adjusted Life Years),94,Switzerland,3,Both,228,55+ years,697,Falls,2,Percent,2004,0.05665030094956074,0.06770909464758165,0.04829465194783536
1,All Population,2,DALYs (Disability-Adjusted Life Years),94,Switzerland,3,Both,228,55+ years,697,Falls,3,Rate,2004,3524.1061120035997,4565.5066595178705,2753.224927402293
1,All Population,2,DALYs (Disability-Adjusted Life Years),85,Israel,3,Both,228,55+ years,697,Falls,1,Number,2004,20172.686431016704,26146.010575752232,15627.900296206772
1,All Population,2,DALYs (Disability-Adjusted Life Years),85,Israel,3,Both,228,55+ years,697,Falls,2,Percent,2004,0.025850305795156587,0.031176079991084057,0.021644275586808412
1,All Population,2,DALYs (Disability-Adjusted Life Years),85,Israel,3,Both,228,55+ years,697,Falls,3,Rate,2004,1666.168236639606,2159.536484401003,1290.7904541099874
1,All Population,2,DALYs (Disability-Adjusted Life Years),89,Netherlands,3,Both,228,55+ years,697,Falls,1,Number,2000,207145.31279066962,272510.4085354572,155403.00185738585
1,All Population,2,DALYs (Disability-Adjusted Life Years),89,Netherlands,3,Both,228,55+ years,697,Falls,2,Percent,2000,0.0706145137270852,0.08633846754208771,0.05731096561653098
1,All Population,2,DALYs (Disability-Adjusted Life Years),89,Netherlands,3,Both,228,55+ years,697,Falls,3,Rate,2000,5544.381267945958,7293.921277046364,4159.46410214632
1,All Population,2,DALYs (Disability-Adjusted Life Years),75,Austria,3,Both,228,55+ years,697,Falls,1,Number,2004,68788.07737523675,88959.1387217961,53731.63165814124
1,All Population,2,DALYs (Disability-Adjusted Life Years),75,Austria,3,Both,228,55+ years,697,Falls,2,Percent,2004,0.04326743125978103,0.051709642117977836,0.03673398542704658
1,All Population,2,DALYs (Disability-Adjusted Life Years),75,Austria,3,Both,228,55+ years,697,Falls,3,Rate,2004,3077.989865191245,3980.5637524679832,2404.274461427023
1,All Population,2,DALYs (Disability-Adjusted Life Years),88,Malta,3,Both,228,55+ years,697,Falls,1,Number,2004,2225.0627107823293,2853.6055575693445,1743.1151599287875
1,All Population,2,DALYs (Disability-Adjusted Life Years),88,Malta,3,Both,228,55+ years,697,Falls,2,Percent,2004,0.03313979161542472,0.03966191951760166,0.028216918985434197
1,All Population,2,DALYs (Disability-Adjusted Life Years),88,Malta,3,Both,228,55+ years,697,Falls,3,Rate,2004,2091.7689446471736,2682.658541114743,1638.6927616978187
1,All Population,2,DALYs (Disability-Adjusted Life Years),77,Cyprus,3,Both,228,55+ years,697,Falls,1,Number,2004,4770.247815112875,6086.908904293539,3787.3313855223214
1,All Population,2,DALYs (Disability-Adjusted Life Years),77,Cyprus,3,Both,228,55+ years,697,Falls,2,Percent,2004,0.031322111845164126,0.03792760976824956,0.025870578059015676
1,All Population,2,DALYs (Disability-Adjusted Life Years),77,Cyprus,3,Both,228,55+ years,697,Falls,3,Rate,2004,2288.4494441066763,2920.096363595093,1816.911141678548
1,All Population,2,DALYs (Disability-Adjusted Life Years),91,Portugal,3,Both,228,55+ years,697,Falls,1,Number,2000,42576.46903542211,54952.21686184053,33569.761439503796
1,All Population,2,DALYs (Disability-Adjusted Life Years),91,Portugal,3,Both,228,55+ years,697,Falls,2,Percent,2000,0.019945836289296054,0.024131627538080312,0.016944209085996947
1,All Population,2,DALYs (Disability-Adjusted Life Years),91,Portugal,3,Both,228,55+ years,697,Falls,3,Rate,2000,1510.938862038646,1950.1250783068142,1191.3119687335718
1,All Population,2,DALYs (Disability-Adjusted Life Years),95,United Kingdom,3,Both,228,55+ years,697,Falls,1,Number,2004,348330.7871860823,448840.0403643894,273051.95051315066
1,All Population,2,DALYs (Disability-Adjusted Life Years),95,United Kingdom,3,Both,228,55+ years,697,Falls,2,Percent,2004,0.029112155405437417,0.03519072780588157,0.024694418665067924
1,All Population,2,DALYs (Disability-Adjusted Life Years),95,United Kingdom,3,Both,228,55+ years,697,Falls,3,Rate,2004,2114.169166490933,2724.202995924135,1657.269572088449
1,All Population,2,DALYs (Disability-Adjusted Life Years),367,Monaco,3,Both,228,55+ years,697,Falls,1,Number,2000,210.92047096199377,277.33131587919036,159.48888640686752
1,All Population,2,DALYs (Disability-Adjusted Life Years),367,Monaco,3,Both,228,55+ years,697,Falls,2,Percent,2000,0.020877548412579654,0.026095536308310085,0.0164064457491951
1,All Population,2,DALYs (Disability-Adjusted Life Years),367,Monaco,3,Both,228,55+ years,697,Falls,3,Rate,2000,1776.1759791901422,2335.4263305744853,1343.0670228055203
1,All Population,2,DALYs (Disability-Adjusted Life Years),396,San Marino,3,Both,228,55+ years,697,Falls,1,Number,2000,133.93256756288017,175.92938623611911,102.83867604344043
1,All Population,2,DALYs (Disability-Adjusted Life Years),396,San Marino,3,Both,228,55+ years,697,Falls,2,Percent,2000,0.032543707855684875,0.040103303521903,0.026580128199577925
1,All Population,2,DALYs (Disability-Adjusted Life Years),396,San Marino,3,Both,228,55+ years,697,Falls,3,Rate,2000,2088.8341842193468,2743.8234229788977,1603.8887769290677
1,All Population,2,DALYs (Disability-Adjusted Life Years),84,Ireland,3,Both,228,55+ years,697,Falls,1,Number,2004,18778.19683316529,24279.212411962326,14481.725037670492
1,All Population,2,DALYs (Disability-Adjusted Life Years),84,Ireland,3,Both,228,55+ years,697,Falls,2,Percent,2004,0.03193940939738178,0.03838193218654336,0.026670650431218437
1,All Population,2,DALYs (Disability-Adjusted Life Years),84,Ireland,3,Both,228,55+ years,697,Falls,3,Rate,2004,2234.91266907978,2889.6235297171083,1723.562227213277
1,All Population,2,DALYs (Disability-Adjusted Life Years),73,Western Europe,3,Both,228,55+ years,697,Falls,1,Number,2001,2864938.9895530157,3700810.5876973514,2245844.686306102
1,All Population,2,DALYs (Disability-Adjusted Life Years),73,Western Europe,3,Both,228,55+ years,697,Falls,2,Percent,2001,0.03638517696370144,0.04371071465314674,0.030683041278746572
1,All Population,2,DALYs (Disability-Adjusted Life Years),73,Western Europe,3,Both,228,55+ years,697,Falls,3,Rate,2001,2616.393503999056,3379.7497316663516,2051.0082307752214
1,All Population,2,DALYs (Disability-Adjusted Life Years),91,Portugal,3,Both,228,55+ years,697,Falls,1,Number,2001,44255.10317121337,57393.83677791072,34926.84623998267
1,All Population,2,DALYs (Disability-Adjusted Life Years),91,Portugal,3,Both,228,55+ years,697,Falls,2,Percent,2001,0.020724283644323348,0.025238695595365693,0.01752917987237633
1,All Population,2,DALYs (Disability-Adjusted Life Years),91,Portugal,3,Both,228,55+ years,697,Falls,3,Rate,2001,1543.9058865183813,2002.270384693853,1218.4756026624163
1,All Population,2,DALYs (Disability-Adjusted Life Years),80,France,3,Both,228,55+ years,697,Falls,1,Number,2001,529271.8746059135,667482.4464539206,427033.23816373217
1,All Population,2,DALYs (Disability-Adjusted Life Years),80,France,3,Both,228,55+ years,697,Falls,2,Percent,2001,0.049767018347247054,0.05851392271584286,0.04322154885971119
1,All Population,2,DALYs (Disability-Adjusted Life Years),80,France,3,Both,228,55+ years,697,Falls,3,Rate,2001,3426.3728874896415,4321.1133391659305,2764.505690748396
1,All Population,2,DALYs (Disability-Adjusted Life Years),93,Sweden,3,Both,228,55+ years,697,Falls,1,Number,2001,73338.24439311931,94069.27897210173,57899.33114404038
1,All Population,2,DALYs (Disability-Adjusted Life Years),93,Sweden,3,Both,228,55+ years,697,Falls,2,Percent,2001,0.03968645153250347,0.04751395028198488,0.03331476893272046
1,All Population,2,DALYs (Disability-Adjusted Life Years),93,Sweden,3,Both,228,55+ years,697,Falls,3,Rate,2001,2807.787112226786,3601.483937064545,2216.701492353146
1,All Population,2,DALYs (Disability-Adjusted Life Years),82,Greece,3,Both,228,55+ years,697,Falls,1,Number,2001,52136.59961024099,69556.3411194136,39212.15358223408
1,All Population,2,DALYs (Disability-Adjusted Life Years),82,Greece,3,Both,228,55+ years,697,Falls,2,Percent,2001,0.02403237719184847,0.029792774134207826,0.019370711493071138
1,All Population,2,DALYs (Disability-Adjusted Life Years),82,Greece,3,Both,228,55+ years,697,Falls,3,Rate,2001,1680.1423208817125,2241.5069888343146,1263.6420330236485
1,All Population,2,DALYs (Disability-Adjusted Life Years),89,Netherlands,3,Both,228,55+ years,697,Falls,1,Number,2001,216119.94802888777,284002.8277210568,162418.9171379044
1,All Population,2,DALYs (Disability-Adjusted Life Years),89,Netherlands,3,Both,228,55+ years,697,Falls,2,Percent,2001,0.07321815513187749,0.08901842609616532,0.05930450819114076
1,All Population,2,DALYs (Disability-Adjusted Life Years),89,Netherlands,3,Both,228,55+ years,697,Falls,3,Rate,2001,5698.613658554514,7488.537767476196,4282.63410227167
1,All Population,2,DALYs (Disability-Adjusted Life Years),396,San Marino,3,Both,228,55+ years,697,Falls,1,Number,2001,140.55201236845377,185.13142847808896,107.07747510665031
1,All Population,2,DALYs (Disability-Adjusted Life Years),396,San Marino,3,Both,228,55+ years,697,Falls,2,Percent,2001,0.03330198560465679,0.04077313359451679,0.02724270368652253
1,All Population,2,DALYs (Disability-Adjusted Life Years),396,San Marino,3,Both,228,55+ years,697,Falls,3,Rate,2001,2125.944615806339,2800.2385519587665,1619.619511959499
1,All Population,2,DALYs (Disability-Adjusted Life Years),367,Monaco,3,Both,228,55+ years,697,Falls,1,Number,2001,215.54470345466183,282.801922723865,162.75493795619272
1,All Population,2,DALYs (Disability-Adjusted Life Years),367,Monaco,3,Both,228,55+ years,697,Falls,2,Percent,2001,0.021296764504272862,0.02677314197235383,0.016747990007520662
1,All Population,2,DALYs (Disability-Adjusted Life Years),367,Monaco,3,Both,228,55+ years,697,Falls,3,Rate,2001,1789.9735430374076,2348.5056764677347,1351.5852084092533
1,All Population,2,DALYs (Disability-Adjusted Life Years),73,Western Europe,3,Both,228,55+ years,697,Falls,1,Number,2002,2949855.0903829336,3808510.037492768,2314413.761477391
1,All Population,2,DALYs (Disability-Adjusted Life Years),73,Western Europe,3,Both,228,55+ years,697,Falls,2,Percent,2002,0.03702839534064893,0.044441195192896216,0.03123832618653015
1,All Population,2,DALYs (Disability-Adjusted Life Years),73,Western Europe,3,Both,228,55+ years,697,Falls,3,Rate,2002,2648.7680738778054,3419.7814764671907,2078.1852305663424
1,All Population,2,DALYs (Disability-Adjusted Life Years),80,France,3,Both,228,55+ years,697,Falls,1,Number,2002,549711.2799747814,694760.2581035133,442487.10605797125
1,All Population,2,DALYs (Disability-Adjusted Life Years),80,France,3,Both,228,55+ years,697,Falls,2,Percent,2002,0.05085009532558936,0.059833210197421084,0.04407356531565876
1,All Population,2,DALYs (Disability-Adjusted Life Years),80,France,3,Both,228,55+ years,697,Falls,3,Rate,2002,3486.556645223242,4406.533180179504,2806.484815306677
1,All Population,2,DALYs (Disability-Adjusted Life Years),89,Netherlands,3,Both,228,55+ years,697,Falls,1,Number,2002,225231.5064373288,296394.861841064,169050.73455324478
1,All Population,2,DALYs (Disability-Adjusted Life Years),89,Netherlands,3,Both,228,55+ years,697,Falls,2,Percent,2002,0.07479118992479442,0.09121140684338548,0.06056955879508782
1,All Population,2,DALYs (Disability-Adjusted Life Years),89,Netherlands,3,Both,228,55+ years,697,Falls,3,Rate,2002,5746.874516329866,7562.636796373253,4313.399016585688
1,All Population,2,DALYs (Disability-Adjusted Life Years),91,Portugal,3,Both,228,55+ years,697,Falls,1,Number,2002,47855.93932960582,61472.34036245507,37882.04355990269
1,All Population,2,DALYs (Disability-Adjusted Life Years),91,Portugal,3,Both,228,55+ years,697,Falls,2,Percent,2002,0.022137331386830213,0.026715568904185506,0.018771491624325214
1,All Population,2,DALYs (Disability-Adjusted Life Years),91,Portugal,3,Both,228,55+ years,697,Falls,3,Rate,2002,1645.1842237937758,2113.286793253409,1302.303147798934
1,All Population,2,DALYs (Disability-Adjusted Life Years),82,Greece,3,Both,228,55+ years,697,Falls,1,Number,2002,53783.91969308138,72074.27198766192,40232.26383459555
1,All Population,2,DALYs (Disability-Adjusted Life Years),82,Greece,3,Both,228,55+ years,697,Falls,2,Percent,2002,0.024460965580236367,0.030488617786586836,0.019527026618119378
1,All Population,2,DALYs (Disability-Adjusted Life Years),82,Greece,3,Both,228,55+ years,697,Falls,3,Rate,2002,1706.1407015422574,2286.349705895373,1276.2532599910146
1,All Population,2,DALYs (Disability-Adjusted Life Years),93,Sweden,3,Both,228,55+ years,697,Falls,1,Number,2002,76617.0535815352,97771.36849010253,60404.85776513671
1,All Population,2,DALYs (Disability-Adjusted Life Years),93,Sweden,3,Both,228,55+ years,697,Falls,2,Percent,2002,0.04101043844917164,0.048889708099044596,0.034721527638098146
1,All Population,2,DALYs (Disability-Adjusted Life Years),93,Sweden,3,Both,228,55+ years,697,Falls,3,Rate,2002,2883.314654373179,3679.4108670027485,2273.204246939617
1,All Population,2,DALYs (Disability-Adjusted Life Years),74,Andorra,3,Both,228,55+ years,697,Falls,1,Number,2005,632.9961845602905,820.5120789040618,494.20735830279034
1,All Population,2,DALYs (Disability-Adjusted Life Years),74,Andorra,3,Both,228,55+ years,697,Falls,2,Percent,2005,0.06507170590963025,0.07840475894452503,0.05404348238802999
1,All Population,2,DALYs (Disability-Adjusted Life Years),74,Andorra,3,Both,228,55+ years,697,Falls,3,Rate,2005,3705.379311823675,4803.04393048512,2892.9490664754085
1,All Population,2,DALYs (Disability-Adjusted Life Years),85,Israel,3,Both,228,55+ years,697,Falls,1,Number,2005,21526.97349525457,27773.421476613905,16562.693210453635
1,All Population,2,DALYs (Disability-Adjusted Life Years),85,Israel,3,Both,228,55+ years,697,Falls,2,Percent,2005,0.026861459132448577,0.03218949567963524,0.022391699815977124
1,All Population,2,DALYs (Disability-Adjusted Life Years),85,Israel,3,Both,228,55+ years,697,Falls,3,Rate,2005,1701.7840757289894,2195.588079663407,1309.3400037375445
1,All Population,2,DALYs (Disability-Adjusted Life Years),75,Austria,3,Both,228,55+ years,697,Falls,1,Number,2005,72007.15765045707,92856.37216693476,56297.262926230556
1,All Population,2,DALYs (Disability-Adjusted Life Years),75,Austria,3,Both,228,55+ years,697,Falls,2,Percent,2005,0.04512991302247165,0.053716677833008084,0.03862904688241005
1,All Population,2,DALYs (Disability-Adjusted Life Years),75,Austria,3,Both,228,55+ years,697,Falls,3,Rate,2005,3179.5482543883127,4100.166228826766,2485.862099054816
1,All Population,2,DALYs (Disability-Adjusted Life Years),76,Belgium,3,Both,228,55+ years,697,Falls,1,Number,2005,98032.67766882895,124999.77263184365,76837.50337752831
1,All Population,2,DALYs (Disability-Adjusted Life Years),76,Belgium,3,Both,228,55+ years,697,Falls,2,Percent,2005,0.04607447596229137,0.054506544172412325,0.039314273397341046
1,All Population,2,DALYs (Disability-Adjusted Life Years),76,Belgium,3,Both,228,55+ years,697,Falls,3,Rate,2005,3300.2381071513846,4208.076560128881,2586.7094802973297
1,All Population,2,DALYs (Disability-Adjusted Life Years),86,Italy,3,Both,228,55+ years,697,Falls,1,Number,2005,425085.67832408845,543290.6507755917,334817.9824637413
1,All Population,2,DALYs (Disability-Adjusted Life Years),86,Italy,3,Both,228,55+ years,697,Falls,2,Percent,2005,0.03551056895986997,0.04221996687596645,0.03039216533184891
1,All Population,2,DALYs (Disability-Adjusted Life Years),86,Italy,3,Both,228,55+ years,697,Falls,3,Rate,2005,2318.7883599474853,2963.581464455441,1826.3895492760237
1,All Population,2,DALYs (Disability-Adjusted Life Years),77,Cyprus,3,Both,228,55+ years,697,Falls,1,Number,2005,5178.528028157228,6627.624980960923,4079.3866995207563
1,All Population,2,DALYs (Disability-Adjusted Life Years),77,Cyprus,3,Both,228,55+ years,697,Falls,2,Percent,2005,0.03239586410010297,0.0393537029461045,0.027159759965142555
1,All Population,2,DALYs (Disability-Adjusted Life Years),77,Cyprus,3,Both,228,55+ years,697,Falls,3,Rate,2005,2329.6949993425937,2981.6088069252237,1835.2177959805454
1,All Population,2,DALYs (Disability-Adjusted Life Years),87,Luxembourg,3,Both,228,55+ years,697,Falls,1,Number,2005,3330.361151178737,4249.124713157566,2615.0276676124654
1,All Population,2,DALYs (Disability-Adjusted Life Years),87,Luxembourg,3,Both,228,55+ years,697,Falls,2,Percent,2005,0.043892809291956464,0.05265101531288841,0.037343053653104474
1,All Population,2,DALYs (Disability-Adjusted Life Years),87,Luxembourg,3,Both,228,55+ years,697,Falls,3,Rate,2005,2975.4716071810267,3796.3299970925636,2336.3654041603727
1,All Population,2,DALYs (Disability-Adjusted Life Years),78,Denmark,3,Both,228,55+ years,697,Falls,1,Number,2005,45023.40875165126,57341.01700682589,35541.2978112375
1,All Population,2,DALYs (Disability-Adjusted Life Years),78,Denmark,3,Both,228,55+ years,697,Falls,2,Percent,2005,0.0397567508297577,0.047268296489055533,0.03396655396259197
1,All Population,2,DALYs (Disability-Adjusted Life Years),78,Denmark,3,Both,228,55+ years,697,Falls,3,Rate,2005,2960.1774383086104,3770.029625467909,2336.752165731429
1,All Population,2,DALYs (Disability-Adjusted Life Years),88,Malta,3,Both,228,55+ years,697,Falls,1,Number,2005,2336.1820563970045,2988.826019639956,1827.662131820166
1,All Population,2,DALYs (Disability-Adjusted Life Years),88,Malta,3,Both,228,55+ years,697,Falls,2,Percent,2005,0.03363828723027018,0.04015848981608585,0.028467814419858788
1,All Population,2,DALYs (Disability-Adjusted Life Years),88,Malta,3,Both,228,55+ years,697,Falls,3,Rate,2005,2116.499902534363,2707.772693458757,1655.798491076916
1,All Population,2,DALYs (Disability-Adjusted Life Years),94,Switzerland,3,Both,228,55+ years,697,Falls,1,Number,2005,73620.70588823118,95030.82549920856,57623.86345933376
1,All Population,2,DALYs (Disability-Adjusted Life Years),94,Switzerland,3,Both,228,55+ years,697,Falls,2,Percent,2005,0.0570657325537438,0.0680904395129799,0.04841460352954945
1,All Population,2,DALYs (Disability-Adjusted Life Years),94,Switzerland,3,Both,228,55+ years,697,Falls,3,Rate,2005,3513.6748415544303,4535.50963278791,2750.198016541908
1,All Population,2,DALYs (Disability-Adjusted Life Years),84,Ireland,3,Both,228,55+ years,697,Falls,1,Number,2005,19567.843797521564,25456.33848835708,15017.781904358199
1,All Population,2,DALYs (Disability-Adjusted Life Years),84,Ireland,3,Both,228,55+ years,697,Falls,2,Percent,2005,0.03346613437848138,0.04036250869586773,0.027795620128550295
1,All Population,2,DALYs (Disability-Adjusted Life Years),84,Ireland,3,Both,228,55+ years,697,Falls,3,Rate,2005,2269.4595709814976,2952.4014818568817,1741.7477996260006
1,All Population,2,DALYs (Disability-Adjusted Life Years),396,San Marino,3,Both,228,55+ years,697,Falls,1,Number,2002,143.95565521348496,189.93965323897262,109.79809971307715
1,All Population,2,DALYs (Disability-Adjusted Life Years),396,San Marino,3,Both,228,55+ years,697,Falls,2,Percent,2002,0.03410174658934334,0.041258625591603794,0.027680160502850486
1,All Population,2,DALYs (Disability-Adjusted Life Years),396,San Marino,3,Both,228,55+ years,697,Falls,3,Rate,2002,2132.2750027429192,2813.391207386072,1626.332380062954
1,All Population,2,DALYs (Disability-Adjusted Life Years),367,Monaco,3,Both,228,55+ years,697,Falls,1,Number,2002,221.55579702619238,290.9987782848152,166.44199101343972
1,All Population,2,DALYs (Disability-Adjusted Life Years),367,Monaco,3,Both,228,55+ years,697,Falls,2,Percent,2002,0.02169028323787407,0.02720935684195762,0.017222403474566498
1,All Population,2,DALYs (Disability-Adjusted Life Years),367,Monaco,3,Both,228,55+ years,697,Falls,3,Rate,2002,1806.8872198819236,2373.225979828123,1357.4093318728753
1,All Population,2,DALYs (Disability-Adjusted Life Years),95,United Kingdom,3,Both,228,55+ years,697,Falls,1,Number,2005,360035.41035436647,463928.6453303603,283080.1038629454
1,All Population,2,DALYs (Disability-Adjusted Life Years),95,United Kingdom,3,Both,228,55+ years,697,Falls,2,Percent,2005,0.030106367891607304,0.0363318038553194,0.025646512094212058
1,All Population,2,DALYs (Disability-Adjusted Life Years),95,United Kingdom,3,Both,228,55+ years,697,Falls,3,Rate,2005,2153.217721411815,2774.5587013585664,1692.9809643358585
1,All Population,2,DALYs (Disability-Adjusted Life Years),73,Western Europe,3,Both,228,55+ years,697,Falls,1,Number,2003,3048557.4318224066,3937950.258016505,2391252.164480087
1,All Population,2,DALYs (Disability-Adjusted Life Years),73,Western Europe,3,Both,228,55+ years,697,Falls,2,Percent,2003,0.03769481867970955,0.04528799777897269,0.03185194170500707
1,All Population,2,DALYs (Disability-Adjusted Life Years),73,Western Europe,3,Both,228,55+ years,697,Falls,3,Rate,2003,2690.9772851558473,3476.0488957104067,2110.770553484043
1,All Population,2,DALYs (Disability-Adjusted Life Years),89,Netherlands,3,Both,228,55+ years,697,Falls,1,Number,2003,233703.25327033555,308139.34462986176,175330.4307358272
1,All Population,2,DALYs (Disability-Adjusted Life Years),89,Netherlands,3,Both,228,55+ years,697,Falls,2,Percent,2003,0.07714511377446447,0.09410896100663584,0.06255583707518646
1,All Population,2,DALYs (Disability-Adjusted Life Years),89,Netherlands,3,Both,228,55+ years,697,Falls,3,Rate,2003,5793.72214017879,7639.062436059048,4346.605296188175
1,All Population,2,DALYs (Disability-Adjusted Life Years),80,France,3,Both,228,55+ years,697,Falls,1,Number,2003,575481.9099362688,728444.9121929124,461631.34982520074
1,All Population,2,DALYs (Disability-Adjusted Life Years),80,France,3,Both,228,55+ years,697,Falls,2,Percent,2003,0.05177188951910635,0.06101998471414471,0.044773029014080354
1,All Population,2,DALYs (Disability-Adjusted Life Years),80,France,3,Both,228,55+ years,697,Falls,3,Rate,2003,3562.7992361116994,4509.7907195688795,2857.9522520604983
1,All Population,2,DALYs (Disability-Adjusted Life Years),91,Portugal,3,Both,228,55+ years,697,Falls,1,Number,2003,51026.40327457625,65420.88501026372,40419.37016676093
1,All Population,2,DALYs (Disability-Adjusted Life Years),91,Portugal,3,Both,228,55+ years,697,Falls,2,Percent,2003,0.023357881633195975,0.02808993178175301,0.019787054497927826
1,All Population,2,DALYs (Disability-Adjusted Life Years),91,Portugal,3,Both,228,55+ years,697,Falls,3,Rate,2003,1726.7222706725731,2213.8283685500455,1367.7826018413261
1,All Population,2,DALYs (Disability-Adjusted Life Years),82,Greece,3,Both,228,55+ years,697,Falls,1,Number,2003,55110.80975385455,73883.52448240161,41058.34589579304
1,All Population,2,DALYs (Disability-Adjusted Life Years),82,Greece,3,Both,228,55+ years,697,Falls,2,Percent,2003,0.02467593244565212,0.030681850390881595,0.019777989346861827
1,All Population,2,DALYs (Disability-Adjusted Life Years),82,Greece,3,Both,228,55+ years,697,Falls,3,Rate,2003,1728.6201581810112,2317.4500673854986,1287.8468796599807
1,All Population,2,DALYs (Disability-Adjusted Life Years),93,Sweden,3,Both,228,55+ years,697,Falls,1,Number,2003,78799.49839383201,100124.95614872049,62495.242838590566
1,All Population,2,DALYs (Disability-Adjusted Life Years),93,Sweden,3,Both,228,55+ years,697,Falls,2,Percent,2003,0.04258950198089457,0.05074529530517098,0.03613943897937684
1,All Population,2,DALYs (Disability-Adjusted Life Years),93,Sweden,3,Both,228,55+ years,697,Falls,3,Rate,2003,2922.4914492357043,3713.4034373832997,2317.804256835042
1,All Population,2,DALYs (Disability-Adjusted Life Years),367,Monaco,3,Both,228,55+ years,697,Falls,1,Number,2003,227.5326098123938,298.98098005672983,170.98864850967533
1,All Population,2,DALYs (Disability-Adjusted Life Years),367,Monaco,3,Both,228,55+ years,697,Falls,2,Percent,2003,0.022054791628562852,0.02769652555480478,0.01740161719246955
1,All Population,2,DALYs (Disability-Adjusted Life Years),367,Monaco,3,Both,228,55+ years,697,Falls,3,Rate,2003,1829.1592383153616,2403.5404076904297,1374.5962230487032
1,All Population,2,DALYs (Disability-Adjusted Life Years),396,San Marino,3,Both,228,55+ years,697,Falls,1,Number,2003,156.6354415381611,205.67365752827914,120.30472479977783
1,All Population,2,DALYs (Disability-Adjusted Life Years),396,San Marino,3,Both,228,55+ years,697,Falls,2,Percent,2003,0.03462290845328818,0.04193114705330918,0.02814625130732444
1,All Population,2,DALYs (Disability-Adjusted Life Years),396,San Marino,3,Both,228,55+ years,697,Falls,3,Rate,2003,2220.6056033928353,2915.8156793417993,1705.5485232563678
1,All Population,2,DALYs (Disability-Adjusted Life Years),74,Andorra,3,Both,228,55+ years,697,Falls,1,Number,2006,656.315687742735,848.9258930134899,511.9812148574413
1,All Population,2,DALYs (Disability-Adjusted Life Years),74,Andorra,3,Both,228,55+ years,697,Falls,2,Percent,2006,0.06567374794638231,0.07907913914494459,0.05464080842349153
1,All Population,2,DALYs (Disability-Adjusted Life Years),74,Andorra,3,Both,228,55+ years,697,Falls,3,Rate,2006,3722.028430871211,4814.339148841892,2903.4939638961437
1,All Population,2,DALYs (Disability-Adjusted Life Years),85,Israel,3,Both,228,55+ years,697,Falls,1,Number,2006,22423.082514514903,29108.562180912748,17169.44408798717
1,All Population,2,DALYs (Disability-Adjusted Life Years),85,Israel,3,Both,228,55+ years,697,Falls,2,Percent,2006,0.027633610396888542,0.033271800410852405,0.023123157571844705
1,All Population,2,DALYs (Disability-Adjusted Life Years),85,Israel,3,Both,228,55+ years,697,Falls,3,Rate,2006,1712.6982055550413,2223.3420485905535,1311.4198755161378
1,All Population,2,DALYs (Disability-Adjusted Life Years),75,Austria,3,Both,228,55+ years,697,Falls,1,Number,2006,73370.7879236042,94763.11438524799,57185.44868791249
1,All Population,2,DALYs (Disability-Adjusted Life Years),75,Austria,3,Both,228,55+ years,697,Falls,2,Percent,2006,0.04597022522916888,0.05483309519534829,0.0392776855501512
1,All Population,2,DALYs (Disability-Adjusted Life Years),75,Austria,3,Both,228,55+ years,697,Falls,3,Rate,2006,3198.884260324613,4131.565758595162,2493.2215791090534
1,All Population,2,DALYs (Disability-Adjusted Life Years),84,Ireland,3,Both,228,55+ years,697,Falls,1,Number,2006,20289.059464594,26395.934047367835,15548.36445232514
1,All Population,2,DALYs (Disability-Adjusted Life Years),84,Ireland,3,Both,228,55+ years,697,Falls,2,Percent,2006,0.03434218973870284,0.04133947394584757,0.028646352258256857
1,All Population,2,DALYs (Disability-Adjusted Life Years),84,Ireland,3,Both,228,55+ years,697,Falls,3,Rate,2006,2291.734905247065,2981.532166067945,1756.253393464497
1,All Population,2,DALYs (Disability-Adjusted Life Years),87,Luxembourg,3,Both,228,55+ years,697,Falls,1,Number,2006,3479.0464679192064,4443.2320689826165,2745.3653031517665
1,All Population,2,DALYs (Disability-Adjusted Life Years),87,Luxembourg,3,Both,228,55+ years,697,Falls,2,Percent,2006,0.04525541039573671,0.05407022538444778,0.038822630609843645
1,All Population,2,DALYs (Disability-Adjusted Life Years),87,Luxembourg,3,Both,228,55+ years,697,Falls,3,Rate,2006,3044.561078908803,3888.3330666965003,2402.5066714218565
1,All Population,2,DALYs (Disability-Adjusted Life Years),76,Belgium,3,Both,228,55+ years,697,Falls,1,Number,2006,99793.23368944066,127347.6533958434,78266.18257363926
1,All Population,2,DALYs (Disability-Adjusted Life Years),76,Belgium,3,Both,228,55+ years,697,Falls,2,Percent,2006,0.04728071360468527,0.05637676611485136,0.04035704859984593
1,All Population,2,DALYs (Disability-Adjusted Life Years),76,Belgium,3,Both,228,55+ years,697,Falls,3,Rate,2006,3317.3965876421007,4233.379911651282,2601.7792729873
1,All Population,2,DALYs (Disability-Adjusted Life Years),77,Cyprus,3,Both,228,55+ years,697,Falls,1,Number,2006,5266.882399518409,6757.600914318331,4104.941335525977
1,All Population,2,DALYs (Disability-Adjusted Life Years),77,Cyprus,3,Both,228,55+ years,697,Falls,2,Percent,2006,0.03372599284022045,0.04080249048972625,0.028128050107036357
1,All Population,2,DALYs (Disability-Adjusted Life Years),77,Cyprus,3,Both,228,55+ years,697,Falls,3,Rate,2006,2380.856941376,3054.725703648659,1855.6097006308587
1,All Population,2,DALYs (Disability-Adjusted Life Years),86,Italy,3,Both,228,55+ years,697,Falls,1,Number,2006,425558.72052213014,543036.869652368,334926.9244702594
1,All Population,2,DALYs (Disability-Adjusted Life Years),86,Italy,3,Both,228,55+ years,697,Falls,2,Percent,2006,0.03579440145716509,0.04259262149908253,0.03070611017154774
1,All Population,2,DALYs (Disability-Adjusted Life Years),86,Italy,3,Both,228,55+ years,697,Falls,3,Rate,2006,2290.856685862195,2923.262016547285,1802.96994796998
1,All Population,2,DALYs (Disability-Adjusted Life Years),78,Denmark,3,Both,228,55+ years,697,Falls,1,Number,2006,45998.17193142985,58578.134597331424,36289.02042932401
1,All Population,2,DALYs (Disability-Adjusted Life Years),78,Denmark,3,Both,228,55+ years,697,Falls,2,Percent,2006,0.04037627214279339,0.04805382498429989,0.034417403464662474
1,All Population,2,DALYs (Disability-Adjusted Life Years),78,Denmark,3,Both,228,55+ years,697,Falls,3,Rate,2006,2981.5810663212405,3797.008656695794,2352.238180002251
1,All Population,2,DALYs (Disability-Adjusted Life Years),89,Netherlands,3,Both,228,55+ years,697,Falls,1,Number,2004,240433.04081788592,317208.3732499594,179667.59490744464
1,All Population,2,DALYs (Disability-Adjusted Life Years),89,Netherlands,3,Both,228,55+ years,697,Falls,2,Percent,2004,0.08018285583183536,0.09784732017169354,0.06520259723383984
1,All Population,2,DALYs (Disability-Adjusted Life Years),89,Netherlands,3,Both,228,55+ years,697,Falls,3,Rate,2004,5820.080424137389,7678.554649745197,4349.1520483855065
1,All Population,2,DALYs (Disability-Adjusted Life Years),73,Western Europe,3,Both,228,55+ years,697,Falls,1,Number,2004,3082250.1158499373,3989527.4542214284,2404112.215855917
1,All Population,2,DALYs (Disability-Adjusted Life Years),73,Western Europe,3,Both,228,55+ years,697,Falls,2,Percent,2004,0.03904933182570592,0.04688732343993586,0.03299378053071513
1,All Population,2,DALYs (Disability-Adjusted Life Years),73,Western Europe,3,Both,228,55+ years,697,Falls,3,Rate,2004,2682.312870820846,3471.8664731075482,2092.1667279132325
1,All Population,2,DALYs (Disability-Adjusted Life Years),95,United Kingdom,3,Both,228,55+ years,697,Falls,1,Number,2006,367899.5693554684,474562.0421600924,288964.3938817006
1,All Population,2,DALYs (Disability-Adjusted Life Years),95,United Kingdom,3,Both,228,55+ years,697,Falls,2,Percent,2006,0.031008411396736456,0.03730671053068722,0.026372245006315853
1,All Population,2,DALYs (Disability-Adjusted Life Years),95,United Kingdom,3,Both,228,55+ years,697,Falls,3,Rate,2006,2177.211273850307,2808.4344598241937,1710.0768484256669
1,All Population,2,DALYs (Disability-Adjusted Life Years),94,Switzerland,3,Both,228,55+ years,697,Falls,1,Number,2006,75572.10880240887,97530.3178967536,59496.5071567502
1,All Population,2,DALYs (Disability-Adjusted Life Years),94,Switzerland,3,Both,228,55+ years,697,Falls,2,Percent,2006,0.058518012586755465,0.06990325442883565,0.049988598858840994
1,All Population,2,DALYs (Disability-Adjusted Life Years),94,Switzerland,3,Both,228,55+ years,697,Falls,3,Rate,2006,3552.0865516018025,4584.179746529246,2796.491275522492
1,All Population,2,DALYs (Disability-Adjusted Life Years),80,France,3,Both,228,55+ years,697,Falls,1,Number,2004,578698.7636428333,735376.436259701,459312.7681572735
1,All Population,2,DALYs (Disability-Adjusted Life Years),80,France,3,Both,228,55+ years,697,Falls,2,Percent,2004,0.05381645624661543,0.0634863466680404,0.04635974113872067
1,All Population,2,DALYs (Disability-Adjusted Life Years),80,France,3,Both,228,55+ years,697,Falls,3,Rate,2004,3504.7057809873513,4453.574483445622,2781.682310342076
1,All Population,2,DALYs (Disability-Adjusted Life Years),88,Malta,3,Both,228,55+ years,697,Falls,1,Number,2006,2431.8185850262453,3121.522290356164,1890.5601349735882
1,All Population,2,DALYs (Disability-Adjusted Life Years),88,Malta,3,Both,228,55+ years,697,Falls,2,Percent,2006,0.03447584118499651,0.04131180617889875,0.029001147606888617
1,All Population,2,DALYs (Disability-Adjusted Life Years),88,Malta,3,Both,228,55+ years,697,Falls,3,Rate,2006,2138.6257533627527,2745.17515449432,1662.6242672176325
1,All Population,2,DALYs (Disability-Adjusted Life Years),91,Portugal,3,Both,228,55+ years,697,Falls,1,Number,2004,51237.64441066027,66510.1129652232,40134.1069695992
1,All Population,2,DALYs (Disability-Adjusted Life Years),91,Portugal,3,Both,228,55+ years,697,Falls,2,Percent,2004,0.024153715531390056,0.029196306796227214,0.02038275636173433
1,All Population,2,DALYs (Disability-Adjusted Life Years),91,Portugal,3,Both,228,55+ years,697,Falls,3,Rate,2004,1705.3283409785452,2213.637685843374,1335.7723767816765
1,All Population,2,DALYs (Disability-Adjusted Life Years),82,Greece,3,Both,228,55+ years,697,Falls,1,Number,2004,56452.1466273232,75644.56207874576,42055.30287200815
1,All Population,2,DALYs (Disability-Adjusted Life Years),82,Greece,3,Both,228,55+ years,697,Falls,2,Percent,2004,0.02525423327824699,0.03148363316438745,0.02040445351171753
1,All Population,2,DALYs (Disability-Adjusted Life Years),82,Greece,3,Both,228,55+ years,697,Falls,3,Rate,2004,1757.360812113749,2354.822570774523,1309.1856665211517
1,All Population,2,DALYs (Disability-Adjusted Life Years),93,Sweden,3,Both,228,55+ years,697,Falls,1,Number,2004,80959.04022943463,102966.61417040306,63863.50048820511
1,All Population,2,DALYs (Disability-Adjusted Life Years),93,Sweden,3,Both,228,55+ years,697,Falls,2,Percent,2004,0.04418125368748257,0.05247936829331279,0.037570663170731544
1,All Population,2,DALYs (Disability-Adjusted Life Years),93,Sweden,3,Both,228,55+ years,697,Falls,3,Rate,2004,2961.795934966994,3766.918412359549,2336.3747347137923
1,All Population,2,DALYs (Disability-Adjusted Life Years),81,Germany,3,Both,228,55+ years,697,Falls,1,Number,2000,548816.3520477194,712078.9160970364,425664.4518770282
1,All Population,2,DALYs (Disability-Adjusted Life Years),81,Germany,3,Both,228,55+ years,697,Falls,2,Percent,2000,0.030418170894667543,0.03676676950031892,0.025457046934954628
1,All Population,2,DALYs (Disability-Adjusted Life Years),81,Germany,3,Both,228,55+ years,697,Falls,3,Rate,2000,2258.863226143521,2930.8326395199633,1751.9845635684605
1,All Population,2,DALYs (Disability-Adjusted Life Years),92,Spain,3,Both,228,55+ years,697,Falls,1,Number,2000,233447.6340538579,312704.97655209445,174649.5164639316
1,All Population,2,DALYs (Disability-Adjusted Life Years),92,Spain,3,Both,228,55+ years,697,Falls,2,Percent,2000,0.031242511709747144,0.03877894817768257,0.025278762828519635
1,All Population,2,DALYs (Disability-Adjusted Life Years),92,Spain,3,Both,228,55+ years,697,Falls,3,Rate,2000,2140.0866698541395,2866.6632438938996,1601.0661388613637
1,All Population,2,DALYs (Disability-Adjusted Life Years),79,Finland,3,Both,228,55+ years,697,Falls,1,Number,2000,54480.349903400675,69596.95891555135,43070.217163699344
1,All Population,2,DALYs (Disability-Adjusted Life Years),79,Finland,3,Both,228,55+ years,697,Falls,2,Percent,2000,0.054175752888096416,0.06393338745402616,0.046134419247741004
1,All Population,2,DALYs (Disability-Adjusted Life Years),79,Finland,3,Both,228,55+ years,697,Falls,3,Rate,2000,4047.8841753305237,5171.046609372157,3200.1125322087
1,All Population,2,DALYs (Disability-Adjusted Life Years),367,Monaco,3,Both,228,55+ years,697,Falls,1,Number,2004,233.08438007079477,304.23724471488276,175.91684348457764
1,All Population,2,DALYs (Disability-Adjusted Life Years),367,Monaco,3,Both,228,55+ years,697,Falls,2,Percent,2004,0.02245456037699724,0.028279015438387477,0.01777104527038306
1,All Population,2,DALYs (Disability-Adjusted Life Years),367,Monaco,3,Both,228,55+ years,697,Falls,3,Rate,2004,1853.84793741038,2419.765702132404,1399.1631586405565
1,All Population,2,DALYs (Disability-Adjusted Life Years),83,Iceland,3,Both,228,55+ years,697,Falls,1,Number,2000,1299.1818051115886,1694.0575193148043,999.6884932447613
1,All Population,2,DALYs (Disability-Adjusted Life Years),83,Iceland,3,Both,228,55+ years,697,Falls,2,Percent,2000,0.0351433768854767,0.0428143096136993,0.029296880732944956
1,All Population,2,DALYs (Disability-Adjusted Life Years),83,Iceland,3,Both,228,55+ years,697,Falls,3,Rate,2000,2406.212625629477,3137.56132935353,1851.5215227598146
1,All Population,2,DALYs (Disability-Adjusted Life Years),396,San Marino,3,Both,228,55+ years,697,Falls,1,Number,2004,156.90376523698896,207.0738138920866,120.19515826423283
1,All Population,2,DALYs (Disability-Adjusted Life Years),396,San Marino,3,Both,228,55+ years,697,Falls,2,Percent,2004,0.03607308946611107,0.04359772050921093,0.029158139819966858
1,All Population,2,DALYs (Disability-Adjusted Life Years),396,San Marino,3,Both,228,55+ years,697,Falls,3,Rate,2004,2179.7288800067463,2876.6981579567455,1669.7678179348568
1,All Population,2,DALYs (Disability-Adjusted Life Years),90,Norway,3,Both,228,55+ years,697,Falls,1,Number,2000,37425.74250903606,46687.50398862159,30096.537552419963
1,All Population,2,DALYs (Disability-Adjusted Life Years),90,Norway,3,Both,228,55+ years,697,Falls,2,Percent,2000,0.0438660644538315,0.051263070422429474,0.03770000304876442
1,All Population,2,DALYs (Disability-Adjusted Life Years),90,Norway,3,Both,228,55+ years,697,Falls,3,Rate,2000,3412.310245456684,4256.755845437373,2744.0664248170606
1,All Population,2,DALYs (Disability-Adjusted Life Years),73,Western Europe,3,Both,228,55+ years,697,Falls,1,Number,2005,3189913.139659353,4121597.1998708677,2484825.530145478
1,All Population,2,DALYs (Disability-Adjusted Life Years),73,Western Europe,3,Both,228,55+ years,697,Falls,2,Percent,2005,0.03990462040840776,0.047863479514330266,0.033742304793555146
1,All Population,2,DALYs (Disability-Adjusted Life Years),73,Western Europe,3,Both,228,55+ years,697,Falls,3,Rate,2005,2727.213335428045,3523.7557747265455,2124.3993254150128
1,All Population,2,DALYs (Disability-Adjusted Life Years),89,Netherlands,3,Both,228,55+ years,697,Falls,1,Number,2005,249484.4219510019,329985.04437407316,186618.53220009082
1,All Population,2,DALYs (Disability-Adjusted Life Years),89,Netherlands,3,Both,228,55+ years,697,Falls,2,Percent,2005,0.0830001838605416,0.10111633626444316,0.06745441518637042
1,All Population,2,DALYs (Disability-Adjusted Life Years),89,Netherlands,3,Both,228,55+ years,697,Falls,3,Rate,2005,5902.826555925869,7807.479391928556,4415.413271434438
1,All Population,2,DALYs (Disability-Adjusted Life Years),91,Portugal,3,Both,228,55+ years,697,Falls,1,Number,2005,51104.09165804171,66803.23832449905,39690.21700608279
1,All Population,2,DALYs (Disability-Adjusted Life Years),91,Portugal,3,Both,228,55+ years,697,Falls,2,Percent,2005,0.02414815785608386,0.029388835809993446,0.020176031702271197
1,All Population,2,DALYs (Disability-Adjusted Life Years),91,Portugal,3,Both,228,55+ years,697,Falls,3,Rate,2005,1671.4818144263388,2184.960037081845,1298.163684822347
1,All Population,2,DALYs (Disability-Adjusted Life Years),85,Israel,3,Both,228,55+ years,697,Falls,1,Number,2007,23944.859941402687,31157.189172583585,18352.534926691427
1,All Population,2,DALYs (Disability-Adjusted Life Years),85,Israel,3,Both,228,55+ years,697,Falls,2,Percent,2007,0.028580937576577103,0.03430561432871806,0.023908345902101683
1,All Population,2,DALYs (Disability-Adjusted Life Years),85,Israel,3,Both,228,55+ years,697,Falls,3,Rate,2007,1751.8986560239566,2279.5805851656964,1342.7425072180233
1,All Population,2,DALYs (Disability-Adjusted Life Years),80,France,3,Both,228,55+ years,697,Falls,1,Number,2005,605907.7616813073,771755.6417509086,480615.2738523263
1,All Population,2,DALYs (Disability-Adjusted Life Years),80,France,3,Both,228,55+ years,697,Falls,2,Percent,2005,0.05475672001480505,0.06472511296030166,0.04722544736267858
1,All Population,2,DALYs (Disability-Adjusted Life Years),80,France,3,Both,228,55+ years,697,Falls,3,Rate,2005,3571.0273754647833,4548.481960710474,2832.593355844628
1,All Population,2,DALYs (Disability-Adjusted Life Years),74,Andorra,3,Both,228,55+ years,697,Falls,1,Number,2007,691.2344095759116,896.6597426718882,537.616366474614
1,All Population,2,DALYs (Disability-Adjusted Life Years),74,Andorra,3,Both,228,55+ years,697,Falls,2,Percent,2007,0.06638730757711646,0.07972475560805312,0.05528740325350924
1,All Population,2,DALYs (Disability-Adjusted Life Years),74,Andorra,3,Both,228,55+ years,697,Falls,3,Rate,2007,3764.450493166885,4883.193260843287,2927.8493198155684
1,All Population,2,DALYs (Disability-Adjusted Life Years),84,Ireland,3,Both,228,55+ years,697,Falls,1,Number,2007,20841.261967872335,27263.66483865593,15930.184603857893
1,All Population,2,DALYs (Disability-Adjusted Life Years),84,Ireland,3,Both,228,55+ years,697,Falls,2,Percent,2007,0.03532154681064322,0.04273194180406921,0.029399204752323466
1,All Population,2,DALYs (Disability-Adjusted Life Years),84,Ireland,3,Both,228,55+ years,697,Falls,3,Rate,2007,2298.097048689152,3006.2741785382254,1756.5687855003034
1,All Population,2,DALYs (Disability-Adjusted Life Years),75,Austria,3,Both,228,55+ years,697,Falls,1,Number,2007,75114.2442673766,97147.74269264907,58791.04300212506
1,All Population,2,DALYs (Disability-Adjusted Life Years),75,Austria,3,Both,228,55+ years,697,Falls,2,Percent,2007,0.047096732138001175,0.05611131615999807,0.040201642668520214
1,All Population,2,DALYs (Disability-Adjusted Life Years),75,Austria,3,Both,228,55+ years,697,Falls,3,Rate,2007,3237.8723144963715,4187.6476232745745,2534.244900332732
1,All Population,2,DALYs (Disability-Adjusted Life Years),93,Sweden,3,Both,228,55+ years,697,Falls,1,Number,2005,83809.63017544194,106643.6341307632,65993.8322049358
1,All Population,2,DALYs (Disability-Adjusted Life Years),93,Sweden,3,Both,228,55+ years,697,Falls,2,Percent,2005,0.045370431364913526,0.053951108683485856,0.038557399451892196
1,All Population,2,DALYs (Disability-Adjusted Life Years),93,Sweden,3,Both,228,55+ years,697,Falls,3,Rate,2005,3024.96149368872,3849.1147868961,2381.9315372588435
1,All Population,2,DALYs (Disability-Adjusted Life Years),87,Luxembourg,3,Both,228,55+ years,697,Falls,1,Number,2007,3584.309609583995,4572.625736039447,2834.501740117115
1,All Population,2,DALYs (Disability-Adjusted Life Years),87,Luxembourg,3,Both,228,55+ years,697,Falls,2,Percent,2007,0.04658094390965723,0.055818195533522894,0.03967779334237905
1,All Population,2,DALYs (Disability-Adjusted Life Years),87,Luxembourg,3,Both,228,55+ years,697,Falls,3,Rate,2007,3080.735799537257,3930.199490924309,2436.2713983413255
1,All Population,2,DALYs (Disability-Adjusted Life Years),76,Belgium,3,Both,228,55+ years,697,Falls,1,Number,2007,103421.38597579958,131649.61031735153,80997.25433362075
1,All Population,2,DALYs (Disability-Adjusted Life Years),76,Belgium,3,Both,228,55+ years,697,Falls,2,Percent,2007,0.048522512218534354,0.05791104721294338,0.041435168085207016
1,All Population,2,DALYs (Disability-Adjusted Life Years),76,Belgium,3,Both,228,55+ years,697,Falls,3,Rate,2007,3390.6946850306404,4316.163719695765,2655.5142070456036
1,All Population,2,DALYs (Disability-Adjusted Life Years),82,Greece,3,Both,228,55+ years,697,Falls,1,Number,2005,57542.81946184481,76947.93146944809,42603.017305511195
1,All Population,2,DALYs (Disability-Adjusted Life Years),82,Greece,3,Both,228,55+ years,697,Falls,2,Percent,2005,0.0257792172728864,0.032152327329728426,0.020826643051754565
1,All Population,2,DALYs (Disability-Adjusted Life Years),82,Greece,3,Both,228,55+ years,697,Falls,3,Rate,2005,1775.8741885716609,2374.750605523996,1314.8052093327788
1,All Population,2,DALYs (Disability-Adjusted Life Years),77,Cyprus,3,Both,228,55+ years,697,Falls,1,Number,2007,5668.516286777527,7274.936599895062,4448.295691508692
1,All Population,2,DALYs (Disability-Adjusted Life Years),77,Cyprus,3,Both,228,55+ years,697,Falls,2,Percent,2007,0.0347797846024758,0.04174306853948561,0.02879211248181883
1,All Population,2,DALYs (Disability-Adjusted Life Years),77,Cyprus,3,Both,228,55+ years,697,Falls,3,Rate,2007,2442.9421436152784,3135.2559140508647,1917.0676173935012
1,All Population,2,DALYs (Disability-Adjusted Life Years),86,Italy,3,Both,228,55+ years,697,Falls,1,Number,2007,428005.0210047685,544414.7131719881,336459.4435375574
1,All Population,2,DALYs (Disability-Adjusted Life Years),86,Italy,3,Both,228,55+ years,697,Falls,2,Percent,2007,0.03554336446326586,0.0422100534418112,0.030473614503092224
1,All Population,2,DALYs (Disability-Adjusted Life Years),86,Italy,3,Both,228,55+ years,697,Falls,3,Rate,2007,2274.0015982668815,2892.489263249355,1787.6176091585319
1,All Population,2,DALYs (Disability-Adjusted Life Years),94,Switzerland,3,Both,228,55+ years,697,Falls,1,Number,2007,78156.8085899948,100948.52619348628,61340.81211260566
1,All Population,2,DALYs (Disability-Adjusted Life Years),94,Switzerland,3,Both,228,55+ years,697,Falls,2,Percent,2007,0.0597754784131259,0.07144998573130654,0.0510604446507217
1,All Population,2,DALYs (Disability-Adjusted Life Years),94,Switzerland,3,Both,228,55+ years,697,Falls,3,Rate,2007,3608.2058470379498,4660.413712284422,2831.874547076803
1,All Population,2,DALYs (Disability-Adjusted Life Years),78,Denmark,3,Both,228,55+ years,697,Falls,1,Number,2007,45942.063179488294,58575.827209791314,36319.52201812292
1,All Population,2,DALYs (Disability-Adjusted Life Years),78,Denmark,3,Both,228,55+ years,697,Falls,2,Percent,2007,0.040165367485963124,0.04800525909968256,0.033959794825099525
1,All Population,2,DALYs (Disability-Adjusted Life Years),78,Denmark,3,Both,228,55+ years,697,Falls,3,Rate,2007,2941.3150466595753,3750.1572637167224,2325.25814485153
1,All Population,2,DALYs (Disability-Adjusted Life Years),95,United Kingdom,3,Both,228,55+ years,697,Falls,1,Number,2007,378272.5980517385,488766.76816930895,297416.5561121998
1,All Population,2,DALYs (Disability-Adjusted Life Years),95,United Kingdom,3,Both,228,55+ years,697,Falls,2,Percent,2007,0.03164108965415146,0.03807640542916893,0.026842397533065936
1,All Population,2,DALYs (Disability-Adjusted Life Years),95,United Kingdom,3,Both,228,55+ years,697,Falls,3,Rate,2007,2213.1733802047966,2859.645678836854,1740.105966464102
1,All Population,2,DALYs (Disability-Adjusted Life Years),88,Malta,3,Both,228,55+ years,697,Falls,1,Number,2007,2511.7464342820854,3241.191238303637,1941.11505180436
1,All Population,2,DALYs (Disability-Adjusted Life Years),88,Malta,3,Both,228,55+ years,697,Falls,2,Percent,2007,0.03564051746854207,0.04258487864211482,0.030053726142785415
1,All Population,2,DALYs (Disability-Adjusted Life Years),88,Malta,3,Both,228,55+ years,697,Falls,3,Rate,2007,2151.5689531359594,2776.4133928206916,1662.764530258359
1,All Population,2,DALYs (Disability-Adjusted Life Years),367,Monaco,3,Both,228,55+ years,697,Falls,1,Number,2005,245.2447388934585,319.621981442118,186.16755253145487
1,All Population,2,DALYs (Disability-Adjusted Life Years),367,Monaco,3,Both,228,55+ years,697,Falls,2,Percent,2005,0.022914892112143342,0.028619956666864323,0.018117954681351665
1,All Population,2,DALYs (Disability-Adjusted Life Years),367,Monaco,3,Both,228,55+ years,697,Falls,3,Rate,2005,1908.8220721361702,2487.725101339109,1449.004512761394
1,All Population,2,DALYs (Disability-Adjusted Life Years),396,San Marino,3,Both,228,55+ years,697,Falls,1,Number,2005,163.6873608854816,216.7614711348305,124.5963319038871
1,All Population,2,DALYs (Disability-Adjusted Life Years),396,San Marino,3,Both,228,55+ years,697,Falls,2,Percent,2005,0.03703506086896542,0.044933241389135986,0.03039278773198232
1,All Population,2,DALYs (Disability-Adjusted Life Years),396,San Marino,3,Both,228,55+ years,697,Falls,3,Rate,2005,2205.352471860569,2920.41757888548,1678.6807916173639
1,All Population,2,DALYs (Disability-Adjusted Life Years),79,Finland,3,Both,228,55+ years,697,Falls,1,Number,2001,57101.09719804911,73034.0716235204,44934.43601203967
1,All Population,2,DALYs (Disability-Adjusted Life Years),79,Finland,3,Both,228,55+ years,697,Falls,2,Percent,2001,0.056382853465037415,0.06672468391279059,0.04831977658190911
1,All Population,2,DALYs (Disability-Adjusted Life Years),79,Finland,3,Both,228,55+ years,697,Falls,3,Rate,2001,4113.498535792766,5261.292014133125,3237.026008468958
1,All Population,2,DALYs (Disability-Adjusted Life Years),90,Norway,3,Both,228,55+ years,697,Falls,1,Number,2001,38362.80341667617,47922.59673565098,30782.788790397535
1,All Population,2,DALYs (Disability-Adjusted Life Years),90,Norway,3,Both,228,55+ years,697,Falls,2,Percent,2001,0.044744642591761606,0.052314411874721814,0.03852175659015398
1,All Population,2,DALYs (Disability-Adjusted Life Years),90,Norway,3,Both,228,55+ years,697,Falls,3,Rate,2001,3439.9238913547256,4297.13344085443,2760.237552310494
1,All Population,2,DALYs (Disability-Adjusted Life Years),73,Western Europe,3,Both,228,55+ years,697,Falls,1,Number,2006,3254881.0102610863,4211367.085961022,2529313.1993551226
1,All Population,2,DALYs (Disability-Adjusted Life Years),73,Western Europe,3,Both,228,55+ years,697,Falls,2,Percent,2006,0.04089130963737356,0.049120337588618314,0.03466008463304536
1,All Population,2,DALYs (Disability-Adjusted Life Years),73,Western Europe,3,Both,228,55+ years,697,Falls,3,Rate,2006,2742.6110158886045,3548.560369947567,2131.2368167423033
1,All Population,2,DALYs (Disability-Adjusted Life Years),89,Netherlands,3,Both,228,55+ years,697,Falls,1,Number,2006,259405.20686248768,342406.1253248864,194239.812963365
1,All Population,2,DALYs (Disability-Adjusted Life Years),89,Netherlands,3,Both,228,55+ years,697,Falls,2,Percent,2006,0.08610029579632282,0.10446084348155928,0.06990801348953052
1,All Population,2,DALYs (Disability-Adjusted Life Years),89,Netherlands,3,Both,228,55+ years,697,Falls,3,Rate,2006,6008.082579913769,7930.466399276087,4498.7872475880595
1,All Population,2,DALYs (Disability-Adjusted Life Years),92,Spain,3,Both,228,55+ years,697,Falls,1,Number,2001,243240.55765165814,325100.9819725924,182234.29671168406
1,All Population,2,DALYs (Disability-Adjusted Life Years),92,Spain,3,Both,228,55+ years,697,Falls,2,Percent,2001,0.03245127565022288,0.04015376487198671,0.0261991550052927
1,All Population,2,DALYs (Disability-Adjusted Life Years),92,Spain,3,Both,228,55+ years,697,Falls,3,Rate,2001,2188.236757344997,2924.668178158693,1639.4132227097493
1,All Population,2,DALYs (Disability-Adjusted Life Years),81,Germany,3,Both,228,55+ years,697,Falls,1,Number,2001,556735.4307260795,722878.5318523775,430834.52831276954
1,All Population,2,DALYs (Disability-Adjusted Life Years),81,Germany,3,Both,228,55+ years,697,Falls,2,Percent,2001,0.031163162218544534,0.03764919809396706,0.02596400959859458
1,All Population,2,DALYs (Disability-Adjusted Life Years),81,Germany,3,Both,228,55+ years,697,Falls,3,Rate,2001,2283.3000824646256,2964.691162618912,1766.9515172443896
1,All Population,2,DALYs (Disability-Adjusted Life Years),91,Portugal,3,Both,228,55+ years,697,Falls,1,Number,2006,52313.539032622284,68731.16718879141,40595.84704607667
1,All Population,2,DALYs (Disability-Adjusted Life Years),91,Portugal,3,Both,228,55+ years,697,Falls,2,Percent,2006,0.024571522885037552,0.030099786155835646,0.02050563409287612
1,All Population,2,DALYs (Disability-Adjusted Life Years),91,Portugal,3,Both,228,55+ years,697,Falls,3,Rate,2006,1680.3444970585533,2207.6892654897074,1303.9646991721843
1,All Population,2,DALYs (Disability-Adjusted Life Years),83,Iceland,3,Both,228,55+ years,697,Falls,1,Number,2001,1342.985819231641,1750.2239861516225,1033.3445711013458
1,All Population,2,DALYs (Disability-Adjusted Life Years),83,Iceland,3,Both,228,55+ years,697,Falls,2,Percent,2001,0.03657174888848946,0.04440114635441819,0.03055580641888239
1,All Population,2,DALYs (Disability-Adjusted Life Years),83,Iceland,3,Both,228,55+ years,697,Falls,3,Rate,2001,2433.3239763192146,3171.189098532957,1872.2923836223326
1,All Population,2,DALYs (Disability-Adjusted Life Years),80,France,3,Both,228,55+ years,697,Falls,1,Number,2006,616503.1630893812,788421.6050917008,486511.309708984
1,All Population,2,DALYs (Disability-Adjusted Life Years),80,France,3,Both,228,55+ years,697,Falls,2,Percent,2006,0.05587638995384563,0.06628958108624843,0.04804970930972173
1,All Population,2,DALYs (Disability-Adjusted Life Years),80,France,3,Both,228,55+ years,697,Falls,3,Rate,2006,3555.2321778486303,4546.646356341072,2805.5990086037777
1,All Population,2,DALYs (Disability-Adjusted Life Years),93,Sweden,3,Both,228,55+ years,697,Falls,1,Number,2006,85360.04911885578,108814.69070698481,67020.85381979431
1,All Population,2,DALYs (Disability-Adjusted Life Years),93,Sweden,3,Both,228,55+ years,697,Falls,2,Percent,2006,0.046184458312178024,0.05486766372034409,0.03907474690665236
1,All Population,2,DALYs (Disability-Adjusted Life Years),93,Sweden,3,Both,228,55+ years,697,Falls,3,Rate,2006,3048.418191169822,3886.041374646025,2393.480229697568
1,All Population,2,DALYs (Disability-Adjusted Life Years),82,Greece,3,Both,228,55+ years,697,Falls,1,Number,2006,58295.04592255094,78278.23918368442,43469.50031637887
1,All Population,2,DALYs (Disability-Adjusted Life Years),82,Greece,3,Both,228,55+ years,697,Falls,2,Percent,2006,0.025980317621432283,0.03254882174138514,0.021018995228260746
1,All Population,2,DALYs (Disability-Adjusted Life Years),82,Greece,3,Both,228,55+ years,697,Falls,3,Rate,2006,1779.9255402509782,2390.0733752577135,1327.2564179444246
1,All Population,2,DALYs (Disability-Adjusted Life Years),367,Monaco,3,Both,228,55+ years,697,Falls,1,Number,2006,245.802239172256,320.9829766401821,186.40867237996656
1,All Population,2,DALYs (Disability-Adjusted Life Years),367,Monaco,3,Both,228,55+ years,697,Falls,2,Percent,2006,0.02354865146167032,0.02922447664253154,0.01880984838435213
1,All Population,2,DALYs (Disability-Adjusted Life Years),367,Monaco,3,Both,228,55+ years,697,Falls,3,Rate,2006,1914.615380053593,2500.2170276406578,1451.9839701864657
1,All Population,2,DALYs (Disability-Adjusted Life Years),396,San Marino,3,Both,228,55+ years,697,Falls,1,Number,2006,170.55809745446618,225.8620423484022,130.46577975506997
1,All Population,2,DALYs (Disability-Adjusted Life Years),396,San Marino,3,Both,228,55+ years,697,Falls,2,Percent,2006,0.03821032556553656,0.046306724418140204,0.031554861271887544
1,All Population,2,DALYs (Disability-Adjusted Life Years),396,San Marino,3,Both,228,55+ years,697,Falls,3,Rate,2006,2227.814312371983,2950.189396312128,1704.1321153966967
1,All Population,2,DALYs (Disability-Adjusted Life Years),74,Andorra,3,Both,228,55+ years,697,Falls,1,Number,2008,721.142296204348,939.7580633275836,561.6917966211734
1,All Population,2,DALYs (Disability-Adjusted Life Years),74,Andorra,3,Both,228,55+ years,697,Falls,2,Percent,2008,0.0664095635951948,0.07992937029507752,0.055828608923560986
1,All Population,2,DALYs (Disability-Adjusted Life Years),74,Andorra,3,Both,228,55+ years,697,Falls,3,Rate,2008,3773.592328576687,4917.5645876776625,2939.219992933953
1,All Population,2,DALYs (Disability-Adjusted Life Years),75,Austria,3,Both,228,55+ years,697,Falls,1,Number,2008,77474.47906796006,100367.88340791865,60564.91845920137
1,All Population,2,DALYs (Disability-Adjusted Life Years),75,Austria,3,Both,228,55+ years,697,Falls,2,Percent,2008,0.04819619243841264,0.05765986380517753,0.04086530493321101
1,All Population,2,DALYs (Disability-Adjusted Life Years),75,Austria,3,Both,228,55+ years,697,Falls,3,Rate,2008,3294.7633330157482,4268.352960137141,2575.6491041575664
1,All Population,2,DALYs (Disability-Adjusted Life Years),84,Ireland,3,Both,228,55+ years,697,Falls,1,Number,2008,21636.836915031246,28307.20642655281,16590.432686809138
1,All Population,2,DALYs (Disability-Adjusted Life Years),84,Ireland,3,Both,228,55+ years,697,Falls,2,Percent,2008,0.0362728694190401,0.04389353798341701,0.030205815787232686
1,All Population,2,DALYs (Disability-Adjusted Life Years),84,Ireland,3,Both,228,55+ years,697,Falls,3,Rate,2008,2320.3992005962523,3035.7496070812012,1779.2076954314007
1,All Population,2,DALYs (Disability-Adjusted Life Years),85,Israel,3,Both,228,55+ years,697,Falls,1,Number,2008,25022.30428698267,32615.666956486126,19200.71187541721
1,All Population,2,DALYs (Disability-Adjusted Life Years),85,Israel,3,Both,228,55+ years,697,Falls,2,Percent,2008,0.02998334834331968,0.03597205294371041,0.02508532141254936
1,All Population,2,DALYs (Disability-Adjusted Life Years),85,Israel,3,Both,228,55+ years,697,Falls,3,Rate,2008,1776.6997225797923,2315.863709781922,1363.339645746987
1,All Population,2,DALYs (Disability-Adjusted Life Years),77,Cyprus,3,Both,228,55+ years,697,Falls,1,Number,2008,5704.486106271902,7352.502454720618,4446.0802735897505
1,All Population,2,DALYs (Disability-Adjusted Life Years),77,Cyprus,3,Both,228,55+ years,697,Falls,2,Percent,2008,0.03614360521286859,0.04302942934628949,0.029920131507484043
1,All Population,2,DALYs (Disability-Adjusted Life Years),77,Cyprus,3,Both,228,55+ years,697,Falls,3,Rate,2008,2472.1470054858773,3186.346077042888,1926.7930239009738
1,All Population,2,DALYs (Disability-Adjusted Life Years),86,Italy,3,Both,228,55+ years,697,Falls,1,Number,2008,428182.7786355976,543641.5039384561,337082.23708154436
1,All Population,2,DALYs (Disability-Adjusted Life Years),86,Italy,3,Both,228,55+ years,697,Falls,2,Percent,2008,0.035207773143621064,0.041693422304128466,0.030255180337872556
1,All Population,2,DALYs (Disability-Adjusted Life Years),86,Italy,3,Both,228,55+ years,697,Falls,3,Rate,2008,2247.260896247406,2853.230803142008,1769.131707320784
1,All Population,2,DALYs (Disability-Adjusted Life Years),76,Belgium,3,Both,228,55+ years,697,Falls,1,Number,2008,107470.90311913718,136894.4702386267,84255.62034128992
1,All Population,2,DALYs (Disability-Adjusted Life Years),76,Belgium,3,Both,228,55+ years,697,Falls,2,Percent,2008,0.04950431217555436,0.05888017563317591,0.04234917202799713
1,All Population,2,DALYs (Disability-Adjusted Life Years),76,Belgium,3,Both,228,55+ years,697,Falls,3,Rate,2008,3471.34509544193,4421.73587514366,2721.483917474146
1,All Population,2,DALYs (Disability-Adjusted Life Years),94,Switzerland,3,Both,228,55+ years,697,Falls,1,Number,2008,80897.47754836515,104535.4393937894,63402.8482540846
1,All Population,2,DALYs (Disability-Adjusted Life Years),94,Switzerland,3,Both,228,55+ years,697,Falls,2,Percent,2008,0.0612075123009049,0.07306246541741572,0.052242934852146865
1,All Population,2,DALYs (Disability-Adjusted Life Years),94,Switzerland,3,Both,228,55+ years,697,Falls,3,Rate,2008,3671.184766304375,4743.892198764478,2877.266111437701
1,All Population,2,DALYs (Disability-Adjusted Life Years),87,Luxembourg,3,Both,228,55+ years,697,Falls,1,Number,2008,3694.758510499524,4720.842442817706,2893.2774456208526
1,All Population,2,DALYs (Disability-Adjusted Life Years),87,Luxembourg,3,Both,228,55+ years,697,Falls,2,Percent,2008,0.04781214416303572,0.057284624123918666,0.04060094421764564
1,All Population,2,DALYs (Disability-Adjusted Life Years),87,Luxembourg,3,Both,228,55+ years,697,Falls,3,Rate,2008,3108.492447966485,3971.762441262907,2434.186446563797
1,All Population,2,DALYs (Disability-Adjusted Life Years),95,United Kingdom,3,Both,228,55+ years,697,Falls,1,Number,2008,389724.815957318,503284.7124166587,307396.1192075608
1,All Population,2,DALYs (Disability-Adjusted Life Years),95,United Kingdom,3,Both,228,55+ years,697,Falls,2,Percent,2008,0.03229917895283849,0.03882012622466506,0.02741739859370535
1,All Population,2,DALYs (Disability-Adjusted Life Years),95,United Kingdom,3,Both,228,55+ years,697,Falls,3,Rate,2008,2254.537643702653,2911.475695629525,1778.270445979129
1,All Population,2,DALYs (Disability-Adjusted Life Years),78,Denmark,3,Both,228,55+ years,697,Falls,1,Number,2008,46018.30090084736,58890.880636127295,36286.59366130109
1,All Population,2,DALYs (Disability-Adjusted Life Years),78,Denmark,3,Both,228,55+ years,697,Falls,2,Percent,2008,0.040324850958077675,0.04842141553788766,0.034104713491162564
1,All Population,2,DALYs (Disability-Adjusted Life Years),78,Denmark,3,Both,228,55+ years,697,Falls,3,Rate,2008,2906.3602077342343,3719.348796646146,2291.7385002688106
1,All Population,2,DALYs (Disability-Adjusted Life Years),88,Malta,3,Both,228,55+ years,697,Falls,1,Number,2008,2616.3930772285426,3389.5101194059184,2025.551048713402
1,All Population,2,DALYs (Disability-Adjusted Life Years),88,Malta,3,Both,228,55+ years,697,Falls,2,Percent,2008,0.03680598283009613,0.04384114671587492,0.0311769160896514
1,All Population,2,DALYs (Disability-Adjusted Life Years),88,Malta,3,Both,228,55+ years,697,Falls,3,Rate,2008,2183.5969520720805,2828.8272240775887,1690.4902916660035
1,All Population,2,DALYs (Disability-Adjusted Life Years),82,Greece,3,Both,228,55+ years,697,Falls,1,Number,2007,58982.25049417213,79289.09776273038,43841.70856062765
1,All Population,2,DALYs (Disability-Adjusted Life Years),82,Greece,3,Both,228,55+ years,697,Falls,2,Percent,2007,0.02575694009096525,0.032362083741115905,0.020621337260082487
1,All Population,2,DALYs (Disability-Adjusted Life Years),82,Greece,3,Both,228,55+ years,697,Falls,3,Rate,2007,1784.923844504207,2399.450682538916,1326.7399995427538
1,All Population,2,DALYs (Disability-Adjusted Life Years),73,Western Europe,3,Both,228,55+ years,697,Falls,1,Number,2007,3345625.5170770446,4324896.729136124,2597926.2192668803
1,All Population,2,DALYs (Disability-Adjusted Life Years),73,Western Europe,3,Both,228,55+ years,697,Falls,2,Percent,2007,0.04158859266197515,0.04995109771526575,0.03526825959518308
1,All Population,2,DALYs (Disability-Adjusted Life Years),73,Western Europe,3,Both,228,55+ years,697,Falls,3,Rate,2007,2775.4551458914084,3587.836361559332,2155.180744858129
1,All Population,2,DALYs (Disability-Adjusted Life Years),93,Sweden,3,Both,228,55+ years,697,Falls,1,Number,2007,88118.38560846809,112481.42220067646,69282.918049416
1,All Population,2,DALYs (Disability-Adjusted Life Years),93,Sweden,3,Both,228,55+ years,697,Falls,2,Percent,2007,0.0475366447767006,0.05655115386811195,0.040167004534932486
1,All Population,2,DALYs (Disability-Adjusted Life Years),93,Sweden,3,Both,228,55+ years,697,Falls,3,Rate,2007,3111.560284594596,3971.84677927994,2446.458530927377
1,All Population,2,DALYs (Disability-Adjusted Life Years),80,France,3,Both,228,55+ years,697,Falls,1,Number,2007,637478.7180498689,813484.0985582856,501212.52321201185
1,All Population,2,DALYs (Disability-Adjusted Life Years),80,France,3,Both,228,55+ years,697,Falls,2,Percent,2007,0.05708613446792516,0.06736112483341623,0.04911255619119575
1,All Population,2,DALYs (Disability-Adjusted Life Years),80,France,3,Both,228,55+ years,697,Falls,3,Rate,2007,3596.6260279826893,4589.640405840001,2827.8183341552417
1,All Population,2,DALYs (Disability-Adjusted Life Years),89,Netherlands,3,Both,228,55+ years,697,Falls,1,Number,2007,269586.12338646746,355561.46621384355,202149.74822276324
1,All Population,2,DALYs (Disability-Adjusted Life Years),89,Netherlands,3,Both,228,55+ years,697,Falls,2,Percent,2007,0.08939340036319748,0.10838225658503728,0.07257607579678457
1,All Population,2,DALYs (Disability-Adjusted Life Years),89,Netherlands,3,Both,228,55+ years,697,Falls,3,Rate,2007,6122.4112148924305,8074.946443777177,4590.903530418334
1,All Population,2,DALYs (Disability-Adjusted Life Years),91,Portugal,3,Both,228,55+ years,697,Falls,1,Number,2007,52922.51043102666,69781.23530660696,41063.431059728624
1,All Population,2,DALYs (Disability-Adjusted Life Years),91,Portugal,3,Both,228,55+ years,697,Falls,2,Percent,2007,0.02453599986644001,0.030057066735453386,0.02037326130548945
1,All Population,2,DALYs (Disability-Adjusted Life Years),91,Portugal,3,Both,228,55+ years,697,Falls,3,Rate,2007,1670.3750193293129,2202.4811620758132,1296.0709703957912
1,All Population,2,DALYs (Disability-Adjusted Life Years),396,San Marino,3,Both,228,55+ years,697,Falls,1,Number,2007,178.63076622416082,235.13132232172924,135.628711662426
1,All Population,2,DALYs (Disability-Adjusted Life Years),396,San Marino,3,Both,228,55+ years,697,Falls,2,Percent,2007,0.03953234852089219,0.04811232961565201,0.032878887520890195
1,All Population,2,DALYs (Disability-Adjusted Life Years),396,San Marino,3,Both,228,55+ years,697,Falls,3,Rate,2007,2253.6495591487005,2966.47443267107,1711.125091756956
1,All Population,2,DALYs (Disability-Adjusted Life Years),367,Monaco,3,Both,228,55+ years,697,Falls,1,Number,2007,249.2317279138399,326.82049674926424,188.34081746887733
1,All Population,2,DALYs (Disability-Adjusted Life Years),367,Monaco,3,Both,228,55+ years,697,Falls,2,Percent,2007,0.024261729199382503,0.030122019822192217,0.019623888271539797
1,All Population,2,DALYs (Disability-Adjusted Life Years),367,Monaco,3,Both,228,55+ years,697,Falls,3,Rate,2007,1932.954411111579,2534.7058583630974,1460.7057334396907
1,All Population,2,DALYs (Disability-Adjusted Life Years),79,Finland,3,Both,228,55+ years,697,Falls,1,Number,2002,60456.81875408725,77444.12037493364,47611.29764371867
1,All Population,2,DALYs (Disability-Adjusted Life Years),79,Finland,3,Both,228,55+ years,697,Falls,2,Percent,2002,0.05851083296103477,0.06897419188410228,0.05003817585099187
1,All Population,2,DALYs (Disability-Adjusted Life Years),79,Finland,3,Both,228,55+ years,697,Falls,3,Rate,2002,4218.5774919021505,5403.923491620512,3322.2381319305946
1,All Population,2,DALYs (Disability-Adjusted Life Years),90,Norway,3,Both,228,55+ years,697,Falls,1,Number,2002,39037.71984661311,49139.63871517486,31123.5270882342
1,All Population,2,DALYs (Disability-Adjusted Life Years),90,Norway,3,Both,228,55+ years,697,Falls,2,Percent,2002,0.04531178486007821,0.05307120390954243,0.039029616669580616
1,All Population,2,DALYs (Disability-Adjusted Life Years),90,Norway,3,Both,228,55+ years,697,Falls,3,Rate,2002,3424.2066747415206,4310.299872636828,2730.0106055317256
1,All Population,2,DALYs (Disability-Adjusted Life Years),81,Germany,3,Both,228,55+ years,697,Falls,1,Number,2002,568888.7393502989,738590.8488501024,441030.17724157753
1,All Population,2,DALYs (Disability-Adjusted Life Years),81,Germany,3,Both,228,55+ years,697,Falls,2,Percent,2002,0.03153400182798978,0.03796600566592016,0.026298074642850604
1,All Population,2,DALYs (Disability-Adjusted Life Years),81,Germany,3,Both,228,55+ years,697,Falls,3,Rate,2002,2311.5592744527985,3001.107964687863,1792.0330039940961
1,All Population,2,DALYs (Disability-Adjusted Life Years),92,Spain,3,Both,228,55+ years,697,Falls,1,Number,2002,253689.02401649294,338812.61026085174,191402.0243578865
1,All Population,2,DALYs (Disability-Adjusted Life Years),92,Spain,3,Both,228,55+ years,697,Falls,2,Percent,2002,0.033264234527211806,0.041154256281689186,0.027016382795989658
1,All Population,2,DALYs (Disability-Adjusted Life Years),92,Spain,3,Both,228,55+ years,697,Falls,3,Rate,2002,2243.9503491478413,2996.892270124789,1693.004421655863
1,All Population,2,DALYs (Disability-Adjusted Life Years),83,Iceland,3,Both,228,55+ years,697,Falls,1,Number,2002,1398.8519506566774,1829.0465732442908,1080.1344927640152
1,All Population,2,DALYs (Disability-Adjusted Life Years),83,Iceland,3,Both,228,55+ years,697,Falls,2,Percent,2002,0.037591740844058696,0.04587889314184967,0.031452783387089595
1,All Population,2,DALYs (Disability-Adjusted Life Years),83,Iceland,3,Both,228,55+ years,697,Falls,3,Rate,2002,2471.486718968476,3231.5530689477005,1908.377832488152
1,All Population,2,DALYs (Disability-Adjusted Life Years),74,Andorra,3,Both,228,55+ years,697,Falls,1,Number,2009,748.7699515008729,980.6820156164,581.3463227717059
1,All Population,2,DALYs (Disability-Adjusted Life Years),74,Andorra,3,Both,228,55+ years,697,Falls,2,Percent,2009,0.06659773342144909,0.07986420371266631,0.05599629847803639
1,All Population,2,DALYs (Disability-Adjusted Life Years),74,Andorra,3,Both,228,55+ years,697,Falls,3,Rate,2009,3777.2688451093654,4947.179860946338,2932.6782529438856
1,All Population,2,DALYs (Disability-Adjusted Life Years),76,Belgium,3,Both,228,55+ years,697,Falls,1,Number,2009,110609.2395267058,141358.62460673062,86676.16391006004
1,All Population,2,DALYs (Disability-Adjusted Life Years),76,Belgium,3,Both,228,55+ years,697,Falls,2,Percent,2009,0.050575268456663776,0.05999160652780776,0.043225460843089855
1,All Population,2,DALYs (Disability-Adjusted Life Years),76,Belgium,3,Both,228,55+ years,697,Falls,3,Rate,2009,3523.4827819439297,4503.011520668076,2761.0891499557724
1,All Population,2,DALYs (Disability-Adjusted Life Years),78,Denmark,3,Both,228,55+ years,697,Falls,1,Number,2009,45863.07214907397,59243.78123660435,36121.18282668442
1,All Population,2,DALYs (Disability-Adjusted Life Years),78,Denmark,3,Both,228,55+ years,697,Falls,2,Percent,2009,0.04004619294980072,0.04806217582787131,0.03381226413663799
1,All Population,2,DALYs (Disability-Adjusted Life Years),78,Denmark,3,Both,228,55+ years,697,Falls,3,Rate,2009,2858.220810239052,3692.1165650943303,2251.099012950956
1,All Population,2,DALYs (Disability-Adjusted Life Years),85,Israel,3,Both,228,55+ years,697,Falls,1,Number,2009,25909.218167593623,33805.75779143098,19819.900802768636
1,All Population,2,DALYs (Disability-Adjusted Life Years),85,Israel,3,Both,228,55+ years,697,Falls,2,Percent,2009,0.031080750238788583,0.03720829715511432,0.025953794722019294
1,All Population,2,DALYs (Disability-Adjusted Life Years),85,Israel,3,Both,228,55+ years,697,Falls,3,Rate,2009,1791.070110161317,2336.9474887249607,1370.1236249035842
1,All Population,2,DALYs (Disability-Adjusted Life Years),87,Luxembourg,3,Both,228,55+ years,697,Falls,1,Number,2009,3839.398335707429,4906.710718682422,2992.5657854840247
1,All Population,2,DALYs (Disability-Adjusted Life Years),87,Luxembourg,3,Both,228,55+ years,697,Falls,2,Percent,2009,0.0493753780643749,0.05904496863221789,0.04179823546220823
1,All Population,2,DALYs (Disability-Adjusted Life Years),87,Luxembourg,3,Both,228,55+ years,697,Falls,3,Rate,2009,3159.957744240882,4038.3927841114205,2462.9852393912033
1,All Population,2,DALYs (Disability-Adjusted Life Years),75,Austria,3,Both,228,55+ years,697,Falls,1,Number,2009,79919.2095550197,103063.81803455878,62563.70215919173
1,All Population,2,DALYs (Disability-Adjusted Life Years),75,Austria,3,Both,228,55+ years,697,Falls,2,Percent,2009,0.04901676646157491,0.058670861398956,0.041663199927283845
1,All Population,2,DALYs (Disability-Adjusted Life Years),75,Austria,3,Both,228,55+ years,697,Falls,3,Rate,2009,3355.856358725355,4327.712586642611,2627.0880165773074
1,All Population,2,DALYs (Disability-Adjusted Life Years),84,Ireland,3,Both,228,55+ years,697,Falls,1,Number,2009,22278.945182396772,29162.009871964932,17048.01914974379
1,All Population,2,DALYs (Disability-Adjusted Life Years),84,Ireland,3,Both,228,55+ years,697,Falls,2,Percent,2009,0.03726427375913874,0.04515467814204688,0.03097204805831308
1,All Population,2,DALYs (Disability-Adjusted Life Years),84,Ireland,3,Both,228,55+ years,697,Falls,3,Rate,2009,2329.2190434168615,3048.829654276473,1782.3362161460607
1,All Population,2,DALYs (Disability-Adjusted Life Years),77,Cyprus,3,Both,228,55+ years,697,Falls,1,Number,2009,5878.129353817057,7600.693705926651,4538.85240810703
1,All Population,2,DALYs (Disability-Adjusted Life Years),77,Cyprus,3,Both,228,55+ years,697,Falls,2,Percent,2009,0.03751159175184688,0.044899041070288755,0.030917450388263396
1,All Population,2,DALYs (Disability-Adjusted Life Years),77,Cyprus,3,Both,228,55+ years,697,Falls,3,Rate,2009,2536.9190209037597,3280.3538802880394,1958.9056848033304
1,All Population,2,DALYs (Disability-Adjusted Life Years),94,Switzerland,3,Both,228,55+ years,697,Falls,1,Number,2009,83841.39547147913,108132.96099428099,65771.83154107838
1,All Population,2,DALYs (Disability-Adjusted Life Years),94,Switzerland,3,Both,228,55+ years,697,Falls,2,Percent,2009,0.06262916760676508,0.07467722926326384,0.0537378240111337
1,All Population,2,DALYs (Disability-Adjusted Life Years),94,Switzerland,3,Both,228,55+ years,697,Falls,3,Rate,2009,3738.6845970622912,4821.902515226865,2932.920332735334
1,All Population,2,DALYs (Disability-Adjusted Life Years),86,Italy,3,Both,228,55+ years,697,Falls,1,Number,2009,429341.6409126759,545125.5739151781,339464.39629077865
1,All Population,2,DALYs (Disability-Adjusted Life Years),86,Italy,3,Both,228,55+ years,697,Falls,2,Percent,2009,0.03510192617203954,0.041547766169874774,0.030133377533804708
1,All Population,2,DALYs (Disability-Adjusted Life Years),86,Italy,3,Both,228,55+ years,697,Falls,3,Rate,2009,2227.376287159119,2828.0503476941567,1761.103220795331
1,All Population,2,DALYs (Disability-Adjusted Life Years),95,United Kingdom,3,Both,228,55+ years,697,Falls,1,Number,2009,395708.9197455209,511470.63376403094,311367.4592720712
1,All Population,2,DALYs (Disability-Adjusted Life Years),95,United Kingdom,3,Both,228,55+ years,697,Falls,2,Percent,2009,0.03331900660448982,0.03990435159170612,0.028259210002755566
1,All Population,2,DALYs (Disability-Adjusted Life Years),95,United Kingdom,3,Both,228,55+ years,697,Falls,3,Rate,2009,2266.080695579905,2929.005821435772,1783.0879049730852
1,All Population,2,DALYs (Disability-Adjusted Life Years),88,Malta,3,Both,228,55+ years,697,Falls,1,Number,2009,2683.904255691535,3470.3489371161363,2059.5144495141512
1,All Population,2,DALYs (Disability-Adjusted Life Years),88,Malta,3,Both,228,55+ years,697,Falls,2,Percent,2009,0.037468021900110206,0.044809951613206236,0.03160565323438949
1,All Population,2,DALYs (Disability-Adjusted Life Years),88,Malta,3,Both,228,55+ years,697,Falls,3,Rate,2009,2180.417191682536,2819.3287698616414,1673.159801701719
1,All Population,2,DALYs (Disability-Adjusted Life Years),80,France,3,Both,228,55+ years,697,Falls,1,Number,2008,661274.6236705162,844039.3175977974,519503.1434005284
1,All Population,2,DALYs (Disability-Adjusted Life Years),80,France,3,Both,228,55+ years,697,Falls,2,Percent,2008,0.05802214525406602,0.06846214070573808,0.049790269486845215
1,All Population,2,DALYs (Disability-Adjusted Life Years),80,France,3,Both,228,55+ years,697,Falls,3,Rate,2008,3654.5320853244452,4664.580579722063,2871.0324546343086
1,All Population,2,DALYs (Disability-Adjusted Life Years),73,Western Europe,3,Both,228,55+ years,697,Falls,1,Number,2008,3453269.582939278,4465738.878270712,2685102.4298785953
1,All Population,2,DALYs (Disability-Adjusted Life Years),73,Western Europe,3,Both,228,55+ years,697,Falls,2,Percent,2008,0.04244473905980206,0.051024993985228105,0.03593551023562067
1,All Population,2,DALYs (Disability-Adjusted Life Years),73,Western Europe,3,Both,228,55+ years,697,Falls,3,Rate,2008,2820.667988977048,3647.6638728989583,2193.220740280737
1,All Population,2,DALYs (Disability-Adjusted Life Years),93,Sweden,3,Both,228,55+ years,697,Falls,1,Number,2008,90769.43438490771,116064.11277422446,71317.22466670022
1,All Population,2,DALYs (Disability-Adjusted Life Years),93,Sweden,3,Both,228,55+ years,697,Falls,2,Percent,2008,0.04895214032444433,0.05823347292025748,0.041505880144117976
1,All Population,2,DALYs (Disability-Adjusted Life Years),93,Sweden,3,Both,228,55+ years,697,Falls,3,Rate,2008,3169.8980792750103,4053.252183941612,2490.577748138814
1,All Population,2,DALYs (Disability-Adjusted Life Years),82,Greece,3,Both,228,55+ years,697,Falls,1,Number,2008,59662.92086971157,80287.12144453803,44244.05361368586
1,All Population,2,DALYs (Disability-Adjusted Life Years),82,Greece,3,Both,228,55+ years,697,Falls,2,Percent,2008,0.026313804614843558,0.03302050384190349,0.021117290086022197
1,All Population,2,DALYs (Disability-Adjusted Life Years),82,Greece,3,Both,228,55+ years,697,Falls,3,Rate,2008,1790.7150438511455,2409.7270817866565,1327.935194121631
1,All Population,2,DALYs (Disability-Adjusted Life Years),89,Netherlands,3,Both,228,55+ years,697,Falls,1,Number,2008,281528.8860602056,371244.53295000485,212497.39886062389
1,All Population,2,DALYs (Disability-Adjusted Life Years),89,Netherlands,3,Both,228,55+ years,697,Falls,2,Percent,2008,0.09221943939057639,0.11137343057435684,0.07515872562984127
1,All Population,2,DALYs (Disability-Adjusted Life Years),89,Netherlands,3,Both,228,55+ years,697,Falls,3,Rate,2008,6254.431770275566,8247.550132127744,4720.831674269421
1,All Population,2,DALYs (Disability-Adjusted Life Years),91,Portugal,3,Both,228,55+ years,697,Falls,1,Number,2008,53795.64756867214,70833.12799148202,41731.08611858327
1,All Population,2,DALYs (Disability-Adjusted Life Years),91,Portugal,3,Both,228,55+ years,697,Falls,2,Percent,2008,0.024735586040738174,0.030234192482500546,0.020576665911864953
1,All Population,2,DALYs (Disability-Adjusted Life Years),91,Portugal,3,Both,228,55+ years,697,Falls,3,Rate,2008,1669.790686250513,2198.6257763173653,1295.312577824749
1,All Population,2,DALYs (Disability-Adjusted Life Years),396,San Marino,3,Both,228,55+ years,697,Falls,1,Number,2008,187.03672783083104,244.75015481473298,142.51312958940082
1,All Population,2,DALYs (Disability-Adjusted Life Years),396,San Marino,3,Both,228,55+ years,697,Falls,2,Percent,2008,0.04075795286893332,0.04958585855664141,0.033524104382647565
1,All Population,2,DALYs (Disability-Adjusted Life Years),396,San Marino,3,Both,228,55+ years,697,Falls,3,Rate,2008,2270.182549334084,2970.6867568265525,1729.7715993912602
1,All Population,2,DALYs (Disability-Adjusted Life Years),367,Monaco,3,Both,228,55+ years,697,Falls,1,Number,2008,259.12002822089846,340.15876587309214,198.3737043053452
1,All Population,2,DALYs (Disability-Adjusted Life Years),367,Monaco,3,Both,228,55+ years,697,Falls,2,Percent,2008,0.024897200842388677,0.030803623456352704,0.020082561735772726
1,All Population,2,DALYs (Disability-Adjusted Life Years),367,Monaco,3,Both,228,55+ years,697,Falls,3,Rate,2008,1981.2321045534338,2600.854407975441,1516.7656254416897
1,All Population,2,DALYs (Disability-Adjusted Life Years),74,Andorra,3,Both,228,55+ years,697,Falls,1,Number,2010,761.7838896507745,982.1853964808695,585.5006418431628
1,All Population,2,DALYs (Disability-Adjusted Life Years),74,Andorra,3,Both,228,55+ years,697,Falls,2,Percent,2010,0.06665565459779567,0.07989137094622767,0.05580026127432709
1,All Population,2,DALYs (Disability-Adjusted Life Years),74,Andorra,3,Both,228,55+ years,697,Falls,3,Rate,2010,3744.581203964993,4827.974212157747,2878.053379890238
1,All Population,2,DALYs (Disability-Adjusted Life Years),78,Denmark,3,Both,228,55+ years,697,Falls,1,Number,2010,46276.260543741686,60306.306226424684,36464.15242554455
1,All Population,2,DALYs (Disability-Adjusted Life Years),78,Denmark,3,Both,228,55+ years,697,Falls,2,Percent,2010,0.04054630207151954,0.04893283281343383,0.034271330202673436
1,All Population,2,DALYs (Disability-Adjusted Life Years),78,Denmark,3,Both,228,55+ years,697,Falls,3,Rate,2010,2847.3796384202096,3710.6487516454713,2243.6403445046276
1,All Population,2,DALYs (Disability-Adjusted Life Years),75,Austria,3,Both,228,55+ years,697,Falls,1,Number,2010,82243.88563611366,105994.36761283841,64394.17728467668
1,All Population,2,DALYs (Disability-Adjusted Life Years),75,Austria,3,Both,228,55+ years,697,Falls,2,Percent,2010,0.050215017291393195,0.05984412060032961,0.04278733230972122
1,All Population,2,DALYs (Disability-Adjusted Life Years),75,Austria,3,Both,228,55+ years,697,Falls,3,Rate,2010,3407.072715499241,4390.9710137980655,2667.622556579517
1,All Population,2,DALYs (Disability-Adjusted Life Years),84,Ireland,3,Both,228,55+ years,697,Falls,1,Number,2010,23003.218113985862,30249.702726671938,17414.13159820687
1,All Population,2,DALYs (Disability-Adjusted Life Years),84,Ireland,3,Both,228,55+ years,697,Falls,2,Percent,2010,0.03866639406998968,0.047034305148525545,0.032154624249076176
1,All Population,2,DALYs (Disability-Adjusted Life Years),84,Ireland,3,Both,228,55+ years,697,Falls,3,Rate,2010,2340.9710384738632,3078.4248384154785,1772.1858537171088
1,All Population,2,DALYs (Disability-Adjusted Life Years),76,Belgium,3,Both,228,55+ years,697,Falls,1,Number,2010,114810.0749407074,145997.40388039558,90307.03014697821
1,All Population,2,DALYs (Disability-Adjusted Life Years),76,Belgium,3,Both,228,55+ years,697,Falls,2,Percent,2010,0.051963648076745375,0.06177921945597821,0.04466387482799622
1,All Population,2,DALYs (Disability-Adjusted Life Years),76,Belgium,3,Both,228,55+ years,697,Falls,3,Rate,2010,3601.503228149381,4579.825608930425,2832.8616697349335
1,All Population,2,DALYs (Disability-Adjusted Life Years),85,Israel,3,Both,228,55+ years,697,Falls,1,Number,2010,27074.435672634867,35472.39836022063,20654.90701546421
1,All Population,2,DALYs (Disability-Adjusted Life Years),85,Israel,3,Both,228,55+ years,697,Falls,2,Percent,2010,0.031735440233802335,0.0381196743227698,0.0264926422345392
1,All Population,2,DALYs (Disability-Adjusted Life Years),85,Israel,3,Both,228,55+ years,697,Falls,3,Rate,2010,1810.7205987005937,2372.3708657419934,1381.386709195505
1,All Population,2,DALYs (Disability-Adjusted Life Years),77,Cyprus,3,Both,228,55+ years,697,Falls,1,Number,2010,6088.892224452549,7848.020904686936,4728.225563624212
1,All Population,2,DALYs (Disability-Adjusted Life Years),77,Cyprus,3,Both,228,55+ years,697,Falls,2,Percent,2010,0.03863339648233814,0.04657329695208892,0.031619709198088215
1,All Population,2,DALYs (Disability-Adjusted Life Years),77,Cyprus,3,Both,228,55+ years,697,Falls,3,Rate,2010,2562.039573471033,3302.2328840848672,1989.5081994806967
1,All Population,2,DALYs (Disability-Adjusted Life Years),86,Italy,3,Both,228,55+ years,697,Falls,1,Number,2010,433099.78232024325,551223.6075516986,343100.88088538207
1,All Population,2,DALYs (Disability-Adjusted Life Years),86,Italy,3,Both,228,55+ years,697,Falls,2,Percent,2010,0.0354771566016396,0.04208141417713759,0.030516987771706132
1,All Population,2,DALYs (Disability-Adjusted Life Years),86,Italy,3,Both,228,55+ years,697,Falls,3,Rate,2010,2216.6284904726363,2821.1927204727494,1756.0091662998027
1,All Population,2,DALYs (Disability-Adjusted Life Years),94,Switzerland,3,Both,228,55+ years,697,Falls,1,Number,2010,87156.55119005483,112276.41356987928,68778.41566643768
1,All Population,2,DALYs (Disability-Adjusted Life Years),94,Switzerland,3,Both,228,55+ years,697,Falls,2,Percent,2010,0.06454461072512406,0.07684573608844596,0.055592068597775844
1,All Population,2,DALYs (Disability-Adjusted Life Years),94,Switzerland,3,Both,228,55+ years,697,Falls,3,Rate,2010,3818.27379698628,4918.759199393184,3013.139216175823
1,All Population,2,DALYs (Disability-Adjusted Life Years),95,United Kingdom,3,Both,228,55+ years,697,Falls,1,Number,2010,405065.46841817675,523692.5309746491,318110.1435697767
1,All Population,2,DALYs (Disability-Adjusted Life Years),95,United Kingdom,3,Both,228,55+ years,697,Falls,2,Percent,2010,0.03405565660796754,0.04073308517824564,0.028859299067830288
1,All Population,2,DALYs (Disability-Adjusted Life Years),95,United Kingdom,3,Both,228,55+ years,697,Falls,3,Rate,2010,2292.2499140745736,2963.555900768228,1800.173073532102
1,All Population,2,DALYs (Disability-Adjusted Life Years),87,Luxembourg,3,Both,228,55+ years,697,Falls,1,Number,2010,4030.7800338029497,5135.061647141887,3146.752374422038
1,All Population,2,DALYs (Disability-Adjusted Life Years),87,Luxembourg,3,Both,228,55+ years,697,Falls,2,Percent,2010,0.051133311396666936,0.06092386253878354,0.04344551719158504
1,All Population,2,DALYs (Disability-Adjusted Life Years),87,Luxembourg,3,Both,228,55+ years,697,Falls,3,Rate,2010,3234.4447280645313,4120.560520196427,2525.068731763863
1,All Population,2,DALYs (Disability-Adjusted Life Years),88,Malta,3,Both,228,55+ years,697,Falls,1,Number,2010,2775.1364257029804,3596.51596002546,2122.0481650716642
1,All Population,2,DALYs (Disability-Adjusted Life Years),88,Malta,3,Both,228,55+ years,697,Falls,2,Percent,2010,0.03837950751398647,0.045888643410708536,0.032294358696368965
1,All Population,2,DALYs (Disability-Adjusted Life Years),88,Malta,3,Both,228,55+ years,697,Falls,3,Rate,2010,2196.2507100876655,2846.2927652454596,1679.3948384711525
1,All Population,2,DALYs (Disability-Adjusted Life Years),79,Finland,3,Both,228,55+ years,697,Falls,1,Number,2003,63671.2788263764,81522.73794164919,50198.94203495907
1,All Population,2,DALYs (Disability-Adjusted Life Years),79,Finland,3,Both,228,55+ years,697,Falls,2,Percent,2003,0.06103513691937675,0.07206032908728777,0.05207570012191514
1,All Population,2,DALYs (Disability-Adjusted Life Years),79,Finland,3,Both,228,55+ years,697,Falls,3,Rate,2003,4313.128194131583,5522.396062402734,3400.5045319879137
1,All Population,2,DALYs (Disability-Adjusted Life Years),91,Portugal,3,Both,228,55+ years,697,Falls,1,Number,2009,54506.399698762274,71873.13636166231,42203.55243487147
1,All Population,2,DALYs (Disability-Adjusted Life Years),91,Portugal,3,Both,228,55+ years,697,Falls,2,Percent,2009,0.024959772097593775,0.030437018190253608,0.020842046615659818
1,All Population,2,DALYs (Disability-Adjusted Life Years),91,Portugal,3,Both,228,55+ years,697,Falls,3,Rate,2009,1667.2207104284867,2198.4277466107383,1290.905968142124
1,All Population,2,DALYs (Disability-Adjusted Life Years),90,Norway,3,Both,228,55+ years,697,Falls,1,Number,2003,39530.76172218267,49773.88596771179,31373.777037746255
1,All Population,2,DALYs (Disability-Adjusted Life Years),90,Norway,3,Both,228,55+ years,697,Falls,2,Percent,2003,0.04671079757292029,0.05484778699947432,0.04027372422793932
1,All Population,2,DALYs (Disability-Adjusted Life Years),90,Norway,3,Both,228,55+ years,697,Falls,3,Rate,2003,3406.0291304122707,4288.591925733433,2703.211217446864
1,All Population,2,DALYs (Disability-Adjusted Life Years),93,Sweden,3,Both,228,55+ years,697,Falls,1,Number,2009,91951.45282804096,118325.32306134602,71986.7720289483
1,All Population,2,DALYs (Disability-Adjusted Life Years),93,Sweden,3,Both,228,55+ years,697,Falls,2,Percent,2009,0.04986747278997417,0.059491508985551424,0.042125471834492466
1,All Population,2,DALYs (Disability-Adjusted Life Years),93,Sweden,3,Both,228,55+ years,697,Falls,3,Rate,2009,3181.805620822392,4094.4233769344514,2490.9657087736505
1,All Population,2,DALYs (Disability-Adjusted Life Years),81,Germany,3,Both,228,55+ years,697,Falls,1,Number,2003,587155.4342790255,761846.6588287258,454490.96279494686
1,All Population,2,DALYs (Disability-Adjusted Life Years),81,Germany,3,Both,228,55+ years,697,Falls,2,Percent,2003,0.03222902605933988,0.03867915127323732,0.026950839695981943
1,All Population,2,DALYs (Disability-Adjusted Life Years),81,Germany,3,Both,228,55+ years,697,Falls,3,Rate,2003,2362.8981273301997,3065.910555131982,1829.0145712358994
1,All Population,2,DALYs (Disability-Adjusted Life Years),80,France,3,Both,228,55+ years,697,Falls,1,Number,2009,680620.8190537054,869256.0948763166,533542.7813030353
1,All Population,2,DALYs (Disability-Adjusted Life Years),80,France,3,Both,228,55+ years,697,Falls,2,Percent,2009,0.05918727197631131,0.06943162802218905,0.05053886581216567
1,All Population,2,DALYs (Disability-Adjusted Life Years),80,France,3,Both,228,55+ years,697,Falls,3,Rate,2009,3695.583999598815,4719.821706666292,2896.9906745232333
1,All Population,2,DALYs (Disability-Adjusted Life Years),92,Spain,3,Both,228,55+ years,697,Falls,1,Number,2003,265871.7426795822,354392.84420097584,201512.83386297192
1,All Population,2,DALYs (Disability-Adjusted Life Years),92,Spain,3,Both,228,55+ years,697,Falls,2,Percent,2003,0.03399876442077663,0.04211621818745469,0.027771448071035508
1,All Population,2,DALYs (Disability-Adjusted Life Years),92,Spain,3,Both,228,55+ years,697,Falls,3,Rate,2003,2308.495015955984,3077.10065869759,1749.6833922078993
1,All Population,2,DALYs (Disability-Adjusted Life Years),83,Iceland,3,Both,228,55+ years,697,Falls,1,Number,2003,1471.356896806275,1919.5014166915155,1131.5160772667232
1,All Population,2,DALYs (Disability-Adjusted Life Years),83,Iceland,3,Both,228,55+ years,697,Falls,2,Percent,2003,0.038548726715704994,0.04702560869466872,0.03223350543490304
1,All Population,2,DALYs (Disability-Adjusted Life Years),83,Iceland,3,Both,228,55+ years,697,Falls,3,Rate,2003,2522.1770213540763,3290.379360809403,1939.627194169864
1,All Population,2,DALYs (Disability-Adjusted Life Years),82,Greece,3,Both,228,55+ years,697,Falls,1,Number,2009,59997.55554181625,80909.50944974828,44498.895892454806
1,All Population,2,DALYs (Disability-Adjusted Life Years),82,Greece,3,Both,228,55+ years,697,Falls,2,Percent,2009,0.02637077543555415,0.03312630868502364,0.021233361721118473
1,All Population,2,DALYs (Disability-Adjusted Life Years),82,Greece,3,Both,228,55+ years,697,Falls,3,Rate,2009,1785.3165049108693,2407.5827976725086,1324.1308344927481
1,All Population,2,DALYs (Disability-Adjusted Life Years),73,Western Europe,3,Both,228,55+ years,697,Falls,1,Number,2009,3543830.8392829243,4584295.017130587,2754749.328725634
1,All Population,2,DALYs (Disability-Adjusted Life Years),73,Western Europe,3,Both,228,55+ years,697,Falls,2,Percent,2009,0.04338993473953898,0.0521395538701241,0.03664470360559133
1,All Population,2,DALYs (Disability-Adjusted Life Years),73,Western Europe,3,Both,228,55+ years,697,Falls,3,Rate,2009,2854.187905657895,3692.1738049182513,2218.6646523903664
1,All Population,2,DALYs (Disability-Adjusted Life Years),367,Monaco,3,Both,228,55+ years,697,Falls,1,Number,2009,269.16726625723965,351.47477721469545,206.6828817004136
1,All Population,2,DALYs (Disability-Adjusted Life Years),367,Monaco,3,Both,228,55+ years,697,Falls,2,Percent,2009,0.025577958292831233,0.03176667899723201,0.020669195682928736
1,All Population,2,DALYs (Disability-Adjusted Life Years),367,Monaco,3,Both,228,55+ years,697,Falls,3,Rate,2009,2024.3885189446146,2643.4176547011994,1554.44775508787
1,All Population,2,DALYs (Disability-Adjusted Life Years),396,San Marino,3,Both,228,55+ years,697,Falls,1,Number,2009,197.5080407279609,258.40408982210283,150.83300431251482
1,All Population,2,DALYs (Disability-Adjusted Life Years),396,San Marino,3,Both,228,55+ years,697,Falls,2,Percent,2009,0.04182950228724109,0.050380709231686915,0.03430683208905524
1,All Population,2,DALYs (Disability-Adjusted Life Years),396,San Marino,3,Both,228,55+ years,697,Falls,3,Rate,2009,2293.076258384912,3000.0818258167346,1751.177217368511
1,All Population,2,DALYs (Disability-Adjusted Life Years),89,Netherlands,3,Both,228,55+ years,697,Falls,1,Number,2009,292164.80081216054,385318.1325141138,220140.240128887
1,All Population,2,DALYs (Disability-Adjusted Life Years),89,Netherlands,3,Both,228,55+ years,697,Falls,2,Percent,2009,0.09504927020069917,0.11469946401918371,0.07788168586638522
1,All Population,2,DALYs (Disability-Adjusted Life Years),89,Netherlands,3,Both,228,55+ years,697,Falls,3,Rate,2009,6361.875589640594,8390.28525911808,4793.543972718335
1,All Population,2,DALYs (Disability-Adjusted Life Years),74,Andorra,3,Both,228,55+ years,697,Falls,1,Number,2011,679.9572182586367,879.699943201503,520.5725542793066
1,All Population,2,DALYs (Disability-Adjusted Life Years),74,Andorra,3,Both,228,55+ years,697,Falls,2,Percent,2011,0.06731796757309252,0.08059708902456958,0.056137486206898846
1,All Population,2,DALYs (Disability-Adjusted Life Years),74,Andorra,3,Both,228,55+ years,697,Falls,3,Rate,2011,3686.7801500129076,4769.80051313925,2822.584286513803
1,All Population,2,DALYs (Disability-Adjusted Life Years),76,Belgium,3,Both,228,55+ years,697,Falls,1,Number,2011,117723.38205445174,150509.82359048937,91984.56077047404
1,All Population,2,DALYs (Disability-Adjusted Life Years),76,Belgium,3,Both,228,55+ years,697,Falls,2,Percent,2011,0.053102220104018424,0.06289873506348562,0.04554372523662993
1,All Population,2,DALYs (Disability-Adjusted Life Years),76,Belgium,3,Both,228,55+ years,697,Falls,3,Rate,2011,3638.7432789874515,4652.148107316205,2843.1752166222955
1,All Population,2,DALYs (Disability-Adjusted Life Years),77,Cyprus,3,Both,228,55+ years,697,Falls,1,Number,2011,6403.311061151303,8274.371226420659,4958.381046693597
1,All Population,2,DALYs (Disability-Adjusted Life Years),77,Cyprus,3,Both,228,55+ years,697,Falls,2,Percent,2011,0.039662685618733075,0.04750128892576995,0.03318700799018595
1,All Population,2,DALYs (Disability-Adjusted Life Years),77,Cyprus,3,Both,228,55+ years,697,Falls,3,Rate,2011,2650.0663643035405,3424.421000868244,2052.069422796453
1,All Population,2,DALYs (Disability-Adjusted Life Years),75,Austria,3,Both,228,55+ years,697,Falls,1,Number,2011,83791.5859966937,108432.62514341899,65546.26158204103
1,All Population,2,DALYs (Disability-Adjusted Life Years),75,Austria,3,Both,228,55+ years,697,Falls,2,Percent,2011,0.0510952105870271,0.061142844170713084,0.0434584300406132
1,All Population,2,DALYs (Disability-Adjusted Life Years),75,Austria,3,Both,228,55+ years,697,Falls,3,Rate,2011,3420.4593413612824,4426.332085357214,2675.666298146556
1,All Population,2,DALYs (Disability-Adjusted Life Years),78,Denmark,3,Both,228,55+ years,697,Falls,1,Number,2011,47526.18843757399,61692.22728615983,37287.31918343442
1,All Population,2,DALYs (Disability-Adjusted Life Years),78,Denmark,3,Both,228,55+ years,697,Falls,2,Percent,2011,0.04218830870522204,0.051041346998463966,0.03577206245960614
1,All Population,2,DALYs (Disability-Adjusted Life Years),78,Denmark,3,Both,228,55+ years,697,Falls,3,Rate,2011,2884.9385533195846,3744.846594878377,2263.417879671101
1,All Population,2,DALYs (Disability-Adjusted Life Years),94,Switzerland,3,Both,228,55+ years,697,Falls,1,Number,2011,89173.49559466742,115334.20818467393,70516.39054793576
1,All Population,2,DALYs (Disability-Adjusted Life Years),94,Switzerland,3,Both,228,55+ years,697,Falls,2,Percent,2011,0.06574889579988176,0.0781494395018616,0.056626022190834936
1,All Population,2,DALYs (Disability-Adjusted Life Years),94,Switzerland,3,Both,228,55+ years,697,Falls,3,Rate,2011,3834.819183713331,4959.835107231384,3032.4885823542454
1,All Population,2,DALYs (Disability-Adjusted Life Years),88,Malta,3,Both,228,55+ years,697,Falls,1,Number,2011,2887.4903219877797,3755.351215455399,2211.067750271473
1,All Population,2,DALYs (Disability-Adjusted Life Years),88,Malta,3,Both,228,55+ years,697,Falls,2,Percent,2011,0.03887121439606666,0.04657005373984143,0.03258398821929474
1,All Population,2,DALYs (Disability-Adjusted Life Years),88,Malta,3,Both,228,55+ years,697,Falls,3,Rate,2011,2223.5363853567733,2891.8400189166796,1702.6514533330355
1,All Population,2,DALYs (Disability-Adjusted Life Years),84,Ireland,3,Both,228,55+ years,697,Falls,1,Number,2011,24157.193225517338,31721.588588457627,18367.33372188367
1,All Population,2,DALYs (Disability-Adjusted Life Years),84,Ireland,3,Both,228,55+ years,697,Falls,2,Percent,2011,0.03973243107549215,0.048360087440157934,0.0328581533161701
1,All Population,2,DALYs (Disability-Adjusted Life Years),84,Ireland,3,Both,228,55+ years,697,Falls,3,Rate,2011,2391.9913250194763,3141.000860947597,1818.692366962368
1,All Population,2,DALYs (Disability-Adjusted Life Years),85,Israel,3,Both,228,55+ years,697,Falls,1,Number,2011,28333.84235111095,37119.12394231609,21621.182830557827
1,All Population,2,DALYs (Disability-Adjusted Life Years),85,Israel,3,Both,228,55+ years,697,Falls,2,Percent,2011,0.032156034478353204,0.03863535268167603,0.02684420377196121
1,All Population,2,DALYs (Disability-Adjusted Life Years),85,Israel,3,Both,228,55+ years,697,Falls,3,Rate,2011,1835.6166457018558,2404.773801521279,1400.7349448663454
1,All Population,2,DALYs (Disability-Adjusted Life Years),86,Italy,3,Both,228,55+ years,697,Falls,1,Number,2011,437876.3886868761,558273.1477287458,347407.8308127315
1,All Population,2,DALYs (Disability-Adjusted Life Years),86,Italy,3,Both,228,55+ years,697,Falls,2,Percent,2011,0.03549355836462704,0.04210023231805782,0.030449061001025277
1,All Population,2,DALYs (Disability-Adjusted Life Years),86,Italy,3,Both,228,55+ years,697,Falls,3,Rate,2011,2213.9650441902977,2822.708111501728,1756.543201162144
1,All Population,2,DALYs (Disability-Adjusted Life Years),95,United Kingdom,3,Both,228,55+ years,697,Falls,1,Number,2011,410302.3988091664,531681.066988399,320363.7217829458
1,All Population,2,DALYs (Disability-Adjusted Life Years),95,United Kingdom,3,Both,228,55+ years,697,Falls,2,Percent,2011,0.03485106681114915,0.041674869224115486,0.029508781551750077
1,All Population,2,DALYs (Disability-Adjusted Life Years),95,United Kingdom,3,Both,228,55+ years,697,Falls,3,Rate,2011,2292.959608891108,2971.279755991744,1790.3406763750872
1,All Population,2,DALYs (Disability-Adjusted Life Years),87,Luxembourg,3,Both,228,55+ years,697,Falls,1,Number,2011,4206.741761860242,5364.420470872377,3300.5846803587515
1,All Population,2,DALYs (Disability-Adjusted Life Years),87,Luxembourg,3,Both,228,55+ years,697,Falls,2,Percent,2011,0.05231943257189252,0.06238091875245464,0.04465325728186056
1,All Population,2,DALYs (Disability-Adjusted Life Years),87,Luxembourg,3,Both,228,55+ years,697,Falls,3,Rate,2011,3288.9120857202824,4194.007694861584,2580.4609504660493
1,All Population,2,DALYs (Disability-Adjusted Life Years),73,Western Europe,3,Both,228,55+ years,697,Falls,1,Number,2010,3647785.094756715,4722879.993223386,2837523.5909128888
1,All Population,2,DALYs (Disability-Adjusted Life Years),73,Western Europe,3,Both,228,55+ years,697,Falls,2,Percent,2010,0.044457746407604914,0.05335588798644361,0.03766992626798994
1,All Population,2,DALYs (Disability-Adjusted Life Years),73,Western Europe,3,Both,228,55+ years,697,Falls,3,Rate,2010,2895.9194743694043,3749.420481799906,2252.665552507082
1,All Population,2,DALYs (Disability-Adjusted Life Years),80,France,3,Both,228,55+ years,697,Falls,1,Number,2010,704194.9024996184,897448.8913955782,553739.8966762826
1,All Population,2,DALYs (Disability-Adjusted Life Years),80,France,3,Both,228,55+ years,697,Falls,2,Percent,2010,0.06057076463195457,0.07102011422865817,0.051756010064182456
1,All Population,2,DALYs (Disability-Adjusted Life Years),80,France,3,Both,228,55+ years,697,Falls,3,Rate,2010,3754.61514798354,4785.003683233424,2952.4215479602112
1,All Population,2,DALYs (Disability-Adjusted Life Years),89,Netherlands,3,Both,228,55+ years,697,Falls,1,Number,2010,301770.7450423074,397830.5689060308,228444.29884590334
1,All Population,2,DALYs (Disability-Adjusted Life Years),89,Netherlands,3,Both,228,55+ years,697,Falls,2,Percent,2010,0.09676226442035149,0.1169401238473164,0.07918308699842144
1,All Population,2,DALYs (Disability-Adjusted Life Years),89,Netherlands,3,Both,228,55+ years,697,Falls,3,Rate,2010,6431.730625725708,8479.082535068375,4868.902030094541
1,All Population,2,DALYs (Disability-Adjusted Life Years),82,Greece,3,Both,228,55+ years,697,Falls,1,Number,2010,60258.51193325619,81191.19516097613,44500.76912276592
1,All Population,2,DALYs (Disability-Adjusted Life Years),82,Greece,3,Both,228,55+ years,697,Falls,2,Percent,2010,0.026363777104561503,0.03313900298728691,0.021094358226721
1,All Population,2,DALYs (Disability-Adjusted Life Years),82,Greece,3,Both,228,55+ years,697,Falls,3,Rate,2010,1773.0461828061425,2388.969359500382,1309.3904295620712
1,All Population,2,DALYs (Disability-Adjusted Life Years),91,Portugal,3,Both,228,55+ years,697,Falls,1,Number,2010,55667.181940524584,73268.89313027932,42989.32293350397
1,All Population,2,DALYs (Disability-Adjusted Life Years),91,Portugal,3,Both,228,55+ years,697,Falls,2,Percent,2010,0.025291806779033914,0.030888337368416122,0.02112108026315049
1,All Population,2,DALYs (Disability-Adjusted Life Years),91,Portugal,3,Both,228,55+ years,697,Falls,3,Rate,2010,1675.3998474501354,2205.1537026692445,1293.8378156402587
1,All Population,2,DALYs (Disability-Adjusted Life Years),93,Sweden,3,Both,228,55+ years,697,Falls,1,Number,2010,94541.62036507839,121940.10220272385,74423.43239810874
1,All Population,2,DALYs (Disability-Adjusted Life Years),93,Sweden,3,Both,228,55+ years,697,Falls,2,Percent,2010,0.05102074992196581,0.06104756976203274,0.04331748863643543
1,All Population,2,DALYs (Disability-Adjusted Life Years),93,Sweden,3,Both,228,55+ years,697,Falls,3,Rate,2010,3237.0695274553414,4175.18324195162,2548.2303372234
1,All Population,2,DALYs (Disability-Adjusted Life Years),396,San Marino,3,Both,228,55+ years,697,Falls,1,Number,2010,206.8647785777702,271.0638371225478,158.5503134560921
1,All Population,2,DALYs (Disability-Adjusted Life Years),396,San Marino,3,Both,228,55+ years,697,Falls,2,Percent,2010,0.043051173806316435,0.05214026812197745,0.0349538715089206
1,All Population,2,DALYs (Disability-Adjusted Life Years),396,San Marino,3,Both,228,55+ years,697,Falls,3,Rate,2010,2292.8026746704522,3004.358185254646,1757.3053530971245
1,All Population,2,DALYs (Disability-Adjusted Life Years),367,Monaco,3,Both,228,55+ years,697,Falls,1,Number,2010,275.667534502735,360.7037664609506,210.4469806170355
1,All Population,2,DALYs (Disability-Adjusted Life Years),367,Monaco,3,Both,228,55+ years,697,Falls,2,Percent,2010,0.026252504657005418,0.03257507593702071,0.021106942052190047
1,All Population,2,DALYs (Disability-Adjusted Life Years),367,Monaco,3,Both,228,55+ years,697,Falls,3,Rate,2010,2051.1365948174443,2683.8586437504523,1565.8554207011875
1,All Population,2,DALYs (Disability-Adjusted Life Years),73,Western Europe,3,Both,228,55+ years,697,Falls,1,Number,2011,3720304.6536085196,4821655.0823364705,2884463.4987351177
1,All Population,2,DALYs (Disability-Adjusted Life Years),73,Western Europe,3,Both,228,55+ years,697,Falls,2,Percent,2011,0.04520633813237033,0.05431301581814754,0.03829300389813679
1,All Population,2,DALYs (Disability-Adjusted Life Years),73,Western Europe,3,Both,228,55+ years,697,Falls,3,Rate,2011,2911.03282723464,3772.8082867272606,2257.0108406669183
1,All Population,2,DALYs (Disability-Adjusted Life Years),89,Netherlands,3,Both,228,55+ years,697,Falls,1,Number,2011,303433.8644768898,400820.9268009843,229405.7116155555
1,All Population,2,DALYs (Disability-Adjusted Life Years),89,Netherlands,3,Both,228,55+ years,697,Falls,2,Percent,2011,0.09693022228511051,0.11644349004120794,0.07974692360836111
1,All Population,2,DALYs (Disability-Adjusted Life Years),89,Netherlands,3,Both,228,55+ years,697,Falls,3,Rate,2011,6339.718718261877,8374.450678707322,4793.030225919601
1,All Population,2,DALYs (Disability-Adjusted Life Years),80,France,3,Both,228,55+ years,697,Falls,1,Number,2011,721528.1079740401,924170.0591515938,566452.9504834102
1,All Population,2,DALYs (Disability-Adjusted Life Years),80,France,3,Both,228,55+ years,697,Falls,2,Percent,2011,0.06185932026368549,0.07257027827306833,0.05282961714615771
1,All Population,2,DALYs (Disability-Adjusted Life Years),80,France,3,Both,228,55+ years,697,Falls,3,Rate,2011,3779.328266689313,4840.756706743873,2967.0523211114287
1,All Population,2,DALYs (Disability-Adjusted Life Years),91,Portugal,3,Both,228,55+ years,697,Falls,1,Number,2011,56848.27075772014,74960.86248539886,43630.00304624666
1,All Population,2,DALYs (Disability-Adjusted Life Years),91,Portugal,3,Both,228,55+ years,697,Falls,2,Percent,2011,0.025991522554519725,0.031801971040611034,0.021600785840888453
1,All Population,2,DALYs (Disability-Adjusted Life Years),91,Portugal,3,Both,228,55+ years,697,Falls,3,Rate,2011,1685.0339683731647,2221.907507525958,1293.2326030896263
1,All Population,2,DALYs (Disability-Adjusted Life Years),82,Greece,3,Both,228,55+ years,697,Falls,1,Number,2011,61040.58377828113,82764.93052122925,45138.99999172335
1,All Population,2,DALYs (Disability-Adjusted Life Years),82,Greece,3,Both,228,55+ years,697,Falls,2,Percent,2011,0.02617153653650134,0.03300251628885827,0.020957665256252027
1,All Population,2,DALYs (Disability-Adjusted Life Years),82,Greece,3,Both,228,55+ years,697,Falls,3,Rate,2011,1774.8310765599504,2406.4935432460456,1312.4727024425247
1,All Population,2,DALYs (Disability-Adjusted Life Years),93,Sweden,3,Both,228,55+ years,697,Falls,1,Number,2011,95811.524334672,123565.34609776884,75319.06434901989
1,All Population,2,DALYs (Disability-Adjusted Life Years),93,Sweden,3,Both,228,55+ years,697,Falls,2,Percent,2011,0.051605124490967526,0.06182674123318525,0.043786851506554106
1,All Population,2,DALYs (Disability-Adjusted Life Years),93,Sweden,3,Both,228,55+ years,697,Falls,3,Rate,2011,3243.224570120476,4182.692732033924,2549.553843251278
1,All Population,2,DALYs (Disability-Adjusted Life Years),74,Andorra,3,Both,228,55+ years,697,Falls,1,Number,2012,656.5936499196549,856.433776909075,503.9312858762316
1,All Population,2,DALYs (Disability-Adjusted Life Years),74,Andorra,3,Both,228,55+ years,697,Falls,2,Percent,2012,0.06780867296180702,0.08068952867393625,0.05659401399421454
1,All Population,2,DALYs (Disability-Adjusted Life Years),74,Andorra,3,Both,228,55+ years,697,Falls,3,Rate,2012,3662.623351194546,4777.375398684951,2811.0392101319185
1,All Population,2,DALYs (Disability-Adjusted Life Years),75,Austria,3,Both,228,55+ years,697,Falls,1,Number,2012,86166.57518608574,111225.86339665622,67500.63776722491
1,All Population,2,DALYs (Disability-Adjusted Life Years),75,Austria,3,Both,228,55+ years,697,Falls,2,Percent,2012,0.0513089212140505,0.061493859936822215,0.0437739024740178
1,All Population,2,DALYs (Disability-Adjusted Life Years),75,Austria,3,Both,228,55+ years,697,Falls,3,Rate,2012,3452.3102301428808,4456.324105159024,2704.4493970161893
1,All Population,2,DALYs (Disability-Adjusted Life Years),76,Belgium,3,Both,228,55+ years,697,Falls,1,Number,2012,124072.07882461397,157971.56540184046,97683.65006026409
1,All Population,2,DALYs (Disability-Adjusted Life Years),76,Belgium,3,Both,228,55+ years,697,Falls,2,Percent,2012,0.054454129366365636,0.06425508068014656,0.046653104116263645
1,All Population,2,DALYs (Disability-Adjusted Life Years),76,Belgium,3,Both,228,55+ years,697,Falls,3,Rate,2012,3771.748737941173,4802.281529249111,2969.549533808536
1,All Population,2,DALYs (Disability-Adjusted Life Years),77,Cyprus,3,Both,228,55+ years,697,Falls,1,Number,2012,6912.8097827614265,8936.19606705445,5365.702831037485
1,All Population,2,DALYs (Disability-Adjusted Life Years),77,Cyprus,3,Both,228,55+ years,697,Falls,2,Percent,2012,0.04060525425357318,0.048601622299240047,0.03399335089760731
1,All Population,2,DALYs (Disability-Adjusted Life Years),77,Cyprus,3,Both,228,55+ years,697,Falls,3,Rate,2012,2688.956304570296,3476.016483674111,2087.160056385264
1,All Population,2,DALYs (Disability-Adjusted Life Years),87,Luxembourg,3,Both,228,55+ years,697,Falls,1,Number,2012,4354.053066060252,5585.746636918149,3418.590570447012
1,All Population,2,DALYs (Disability-Adjusted Life Years),87,Luxembourg,3,Both,228,55+ years,697,Falls,2,Percent,2012,0.05360437059298839,0.0636660264336544,0.04597750207150086
1,All Population,2,DALYs (Disability-Adjusted Life Years),87,Luxembourg,3,Both,228,55+ years,697,Falls,3,Rate,2012,3315.2330492606034,4253.060671183621,2602.95964910956
1,All Population,2,DALYs (Disability-Adjusted Life Years),86,Italy,3,Both,228,55+ years,697,Falls,1,Number,2012,447124.4634984202,570437.3152058364,355666.73967098177
1,All Population,2,DALYs (Disability-Adjusted Life Years),86,Italy,3,Both,228,55+ years,697,Falls,2,Percent,2012,0.03551542466171745,0.04217385336421162,0.030578042916303318
1,All Population,2,DALYs (Disability-Adjusted Life Years),86,Italy,3,Both,228,55+ years,697,Falls,3,Rate,2012,2231.8687653105676,2847.397828367811,1775.347921964715
1,All Population,2,DALYs (Disability-Adjusted Life Years),78,Denmark,3,Both,228,55+ years,697,Falls,1,Number,2012,48620.79589598889,63204.35777126193,38250.26855236967
1,All Population,2,DALYs (Disability-Adjusted Life Years),78,Denmark,3,Both,228,55+ years,697,Falls,2,Percent,2012,0.043190615024055544,0.052131349636319047,0.03650537122497438
1,All Population,2,DALYs (Disability-Adjusted Life Years),78,Denmark,3,Both,228,55+ years,697,Falls,3,Rate,2012,2910.577702075783,3783.590766317169,2289.7687439156516
1,All Population,2,DALYs (Disability-Adjusted Life Years),84,Ireland,3,Both,228,55+ years,697,Falls,1,Number,2012,25341.342642811305,33345.53336771018,19317.633236849913
1,All Population,2,DALYs (Disability-Adjusted Life Years),84,Ireland,3,Both,228,55+ years,697,Falls,2,Percent,2012,0.040530810210579235,0.04905149514431618,0.03373055189689238
1,All Population,2,DALYs (Disability-Adjusted Life Years),84,Ireland,3,Both,228,55+ years,697,Falls,3,Rate,2012,2440.3347770913047,3211.126809059006,1860.2602420654493
1,All Population,2,DALYs (Disability-Adjusted Life Years),88,Malta,3,Both,228,55+ years,697,Falls,1,Number,2012,3025.3750240886193,3954.490285742059,2330.1450911583142
1,All Population,2,DALYs (Disability-Adjusted Life Years),88,Malta,3,Both,228,55+ years,697,Falls,2,Percent,2012,0.03968542258053309,0.04763148180411175,0.03302083806597065
1,All Population,2,DALYs (Disability-Adjusted Life Years),88,Malta,3,Both,228,55+ years,697,Falls,3,Rate,2012,2264.325147129753,2959.7163084875715,1743.9841620825687
1,All Population,2,DALYs (Disability-Adjusted Life Years),85,Israel,3,Both,228,55+ years,697,Falls,1,Number,2012,29417.26820024943,38790.07627791571,22421.829438334742
1,All Population,2,DALYs (Disability-Adjusted Life Years),85,Israel,3,Both,228,55+ years,697,Falls,2,Percent,2012,0.03246844042442774,0.039140270639392155,0.027086982298612727
1,All Population,2,DALYs (Disability-Adjusted Life Years),85,Israel,3,Both,228,55+ years,697,Falls,3,Rate,2012,1847.6285783649848,2436.31233873127,1408.2617246268064
1,All Population,2,DALYs (Disability-Adjusted Life Years),79,Finland,3,Both,228,55+ years,697,Falls,1,Number,2004,65731.85862755321,84241.76136240906,51617.616114954515
1,All Population,2,DALYs (Disability-Adjusted Life Years),79,Finland,3,Both,228,55+ years,697,Falls,2,Percent,2004,0.06307230543752311,0.07494343876338388,0.05417489371036269
1,All Population,2,DALYs (Disability-Adjusted Life Years),79,Finland,3,Both,228,55+ years,697,Falls,3,Rate,2004,4334.441766491772,5555.008127809131,3403.7307912302667
1,All Population,2,DALYs (Disability-Adjusted Life Years),94,Switzerland,3,Both,228,55+ years,697,Falls,1,Number,2012,92028.38385252615,118816.58164101951,73228.86023317275
1,All Population,2,DALYs (Disability-Adjusted Life Years),94,Switzerland,3,Both,228,55+ years,697,Falls,2,Percent,2012,0.06629570690134941,0.07866019096447435,0.05709780253659574
1,All Population,2,DALYs (Disability-Adjusted Life Years),94,Switzerland,3,Both,228,55+ years,697,Falls,3,Rate,2012,3873.5158041288,5001.043020776852,3082.2354534236188
1,All Population,2,DALYs (Disability-Adjusted Life Years),367,Monaco,3,Both,228,55+ years,697,Falls,1,Number,2011,277.8753982103187,365.0105985207729,211.81449980340696
1,All Population,2,DALYs (Disability-Adjusted Life Years),367,Monaco,3,Both,228,55+ years,697,Falls,2,Percent,2011,0.026971028082042846,0.03341203499378651,0.02160561408075841
1,All Population,2,DALYs (Disability-Adjusted Life Years),367,Monaco,3,Both,228,55+ years,697,Falls,3,Rate,2011,2053.551661749511,2697.497245082426,1565.3491487746091
1,All Population,2,DALYs (Disability-Adjusted Life Years),90,Norway,3,Both,228,55+ years,697,Falls,1,Number,2004,39986.739929300435,50674.65580247967,31655.114258198424
1,All Population,2,DALYs (Disability-Adjusted Life Years),90,Norway,3,Both,228,55+ years,697,Falls,2,Percent,2004,0.048032811827998095,0.05635904576227038,0.0412870248054879
1,All Population,2,DALYs (Disability-Adjusted Life Years),90,Norway,3,Both,228,55+ years,697,Falls,3,Rate,2004,3385.5672064639525,4290.483624998155,2680.151393659788
1,All Population,2,DALYs (Disability-Adjusted Life Years),95,United Kingdom,3,Both,228,55+ years,697,Falls,1,Number,2012,422720.9273493116,547827.2114527555,329976.9562358922
1,All Population,2,DALYs (Disability-Adjusted Life Years),95,United Kingdom,3,Both,228,55+ years,697,Falls,2,Percent,2012,0.035236157040766616,0.042149939590724786,0.029876429320800417
1,All Population,2,DALYs (Disability-Adjusted Life Years),95,United Kingdom,3,Both,228,55+ years,697,Falls,3,Rate,2012,2325.614094312531,3013.89072973355,1815.3798654647796
1,All Population,2,DALYs (Disability-Adjusted Life Years),81,Germany,3,Both,228,55+ years,697,Falls,1,Number,2004,593734.2528352604,768612.9234453837,458972.0867513777
1,All Population,2,DALYs (Disability-Adjusted Life Years),81,Germany,3,Both,228,55+ years,697,Falls,2,Percent,2004,0.03340570818035989,0.04013331324795566,0.027899942033185826
1,All Population,2,DALYs (Disability-Adjusted Life Years),81,Germany,3,Both,228,55+ years,697,Falls,3,Rate,2004,2376.1825962390426,3076.0641536409435,1836.8512166683806
1,All Population,2,DALYs (Disability-Adjusted Life Years),396,San Marino,3,Both,228,55+ years,697,Falls,1,Number,2011,214.5380245929487,280.1680094257812,163.73333627578805
1,All Population,2,DALYs (Disability-Adjusted Life Years),396,San Marino,3,Both,228,55+ years,697,Falls,2,Percent,2011,0.0442619101546992,0.05369734231425749,0.03597737665099404
1,All Population,2,DALYs (Disability-Adjusted Life Years),396,San Marino,3,Both,228,55+ years,697,Falls,3,Rate,2011,2270.2668912364393,2964.7711961074633,1732.645637265837
1,All Population,2,DALYs (Disability-Adjusted Life Years),92,Spain,3,Both,228,55+ years,697,Falls,1,Number,2004,275427.8829100685,367170.82898459444,208623.35341997538
1,All Population,2,DALYs (Disability-Adjusted Life Years),92,Spain,3,Both,228,55+ years,697,Falls,2,Percent,2004,0.03559709989012473,0.044022922840617554,0.02914490551357172
1,All Population,2,DALYs (Disability-Adjusted Life Years),92,Spain,3,Both,228,55+ years,697,Falls,3,Rate,2004,2346.4266276331828,3128.003602674126,1777.3051386035381
1,All Population,2,DALYs (Disability-Adjusted Life Years),83,Iceland,3,Both,228,55+ years,697,Falls,1,Number,2004,1527.353924108058,1998.7332734555216,1169.6780393576773
1,All Population,2,DALYs (Disability-Adjusted Life Years),83,Iceland,3,Both,228,55+ years,697,Falls,2,Percent,2004,0.039614644430808296,0.04832838777307395,0.03318528763870991
1,All Population,2,DALYs (Disability-Adjusted Life Years),83,Iceland,3,Both,228,55+ years,697,Falls,3,Rate,2004,2547.394051984393,3333.5831151756493,1950.8450747174104
1,All Population,2,DALYs (Disability-Adjusted Life Years),73,Western Europe,3,Both,228,55+ years,697,Falls,1,Number,2012,3830365.8251645905,4966525.3234396055,2985940.9795269524
1,All Population,2,DALYs (Disability-Adjusted Life Years),73,Western Europe,3,Both,228,55+ years,697,Falls,2,Percent,2012,0.04557084356784093,0.05461038051828384,0.03877799525401675
1,All Population,2,DALYs (Disability-Adjusted Life Years),73,Western Europe,3,Both,228,55+ years,697,Falls,3,Rate,2012,2949.5894814045087,3824.4939313380355,2299.336540506264
1,All Population,2,DALYs (Disability-Adjusted Life Years),89,Netherlands,3,Both,228,55+ years,697,Falls,1,Number,2012,298718.3277417015,393848.10150952725,227287.5224351737
1,All Population,2,DALYs (Disability-Adjusted Life Years),89,Netherlands,3,Both,228,55+ years,697,Falls,2,Percent,2012,0.09331309609714679,0.1119862322501787,0.07720847149242521
1,All Population,2,DALYs (Disability-Adjusted Life Years),89,Netherlands,3,Both,228,55+ years,697,Falls,3,Rate,2012,6107.0198937240075,8051.860122569709,4646.683153325226
1,All Population,2,DALYs (Disability-Adjusted Life Years),80,France,3,Both,228,55+ years,697,Falls,1,Number,2012,754210.338381341,965754.4815926552,592689.4242133489
1,All Population,2,DALYs (Disability-Adjusted Life Years),80,France,3,Both,228,55+ years,697,Falls,2,Percent,2012,0.06282075882814453,0.0737356323036176,0.05398708230594934
1,All Population,2,DALYs (Disability-Adjusted Life Years),80,France,3,Both,228,55+ years,697,Falls,3,Rate,2012,3877.8421151292077,4965.515866080875,3047.3674165470256
1,All Population,2,DALYs (Disability-Adjusted Life Years),91,Portugal,3,Both,228,55+ years,697,Falls,1,Number,2012,59497.58629331227,77871.76136704422,45600.444939823574
1,All Population,2,DALYs (Disability-Adjusted Life Years),91,Portugal,3,Both,228,55+ years,697,Falls,2,Percent,2012,0.026592005307758758,0.03241193461086903,0.022236848074015512
1,All Population,2,DALYs (Disability-Adjusted Life Years),91,Portugal,3,Both,228,55+ years,697,Falls,3,Rate,2012,1736.0502875635082,2272.181144422824,1330.5525565446853
1,All Population,2,DALYs (Disability-Adjusted Life Years),82,Greece,3,Both,228,55+ years,697,Falls,1,Number,2012,62561.11194778764,84356.81618597842,46383.86047607986
1,All Population,2,DALYs (Disability-Adjusted Life Years),82,Greece,3,Both,228,55+ years,697,Falls,2,Percent,2012,0.02615203664082475,0.03296010395991253,0.021073682463830956
1,All Population,2,DALYs (Disability-Adjusted Life Years),82,Greece,3,Both,228,55+ years,697,Falls,3,Rate,2012,1798.611467967177,2425.2308226223154,1333.5207892483259
1,All Population,2,DALYs (Disability-Adjusted Life Years),93,Sweden,3,Both,228,55+ years,697,Falls,1,Number,2012,98071.17077782744,126723.54298642912,77437.15584083607
1,All Population,2,DALYs (Disability-Adjusted Life Years),93,Sweden,3,Both,228,55+ years,697,Falls,2,Percent,2012,0.05205052727730892,0.06219945065300897,0.04442297235714448
1,All Population,2,DALYs (Disability-Adjusted Life Years),93,Sweden,3,Both,228,55+ years,697,Falls,3,Rate,2012,3278.3576251962086,4236.159211177333,2588.596509155855
1,All Population,2,DALYs (Disability-Adjusted Life Years),367,Monaco,3,Both,228,55+ years,697,Falls,1,Number,2012,289.82659138239893,379.2121076145329,220.3844807421445
1,All Population,2,DALYs (Disability-Adjusted Life Years),367,Monaco,3,Both,228,55+ years,697,Falls,2,Percent,2012,0.027623065275248222,0.03507612479012164,0.02213474494677083
1,All Population,2,DALYs (Disability-Adjusted Life Years),367,Monaco,3,Both,228,55+ years,697,Falls,3,Rate,2012,2100.084549734918,2747.7723299134773,1596.9067600055882
1,All Population,2,DALYs (Disability-Adjusted Life Years),396,San Marino,3,Both,228,55+ years,697,Falls,1,Number,2012,225.8495138844137,295.84191127667725,170.62140113592608
1,All Population,2,DALYs (Disability-Adjusted Life Years),396,San Marino,3,Both,228,55+ years,697,Falls,2,Percent,2012,0.045102846590707436,0.05454428606507497,0.03672848564305576
1,All Population,2,DALYs (Disability-Adjusted Life Years),396,San Marino,3,Both,228,55+ years,697,Falls,3,Rate,2012,2278.1742619637143,2984.1969384340196,1721.0808999437857
1,All Population,2,DALYs (Disability-Adjusted Life Years),74,Andorra,3,Both,228,55+ years,697,Falls,1,Number,2013,668.0328332189217,880.8016877853574,515.305656371745
1,All Population,2,DALYs (Disability-Adjusted Life Years),74,Andorra,3,Both,228,55+ years,697,Falls,2,Percent,2013,0.06770456649815634,0.07994092160837873,0.05654723586332333
1,All Population,2,DALYs (Disability-Adjusted Life Years),74,Andorra,3,Both,228,55+ years,697,Falls,3,Rate,2013,3613.3403157326957,4764.191354644464,2787.250282476663
1,All Population,2,DALYs (Disability-Adjusted Life Years),75,Austria,3,Both,228,55+ years,697,Falls,1,Number,2013,87470.884403789,113085.33901865361,68412.70106989756
1,All Population,2,DALYs (Disability-Adjusted Life Years),75,Austria,3,Both,228,55+ years,697,Falls,2,Percent,2013,0.05168952085941713,0.06209097449098702,0.043991631105011114
1,All Population,2,DALYs (Disability-Adjusted Life Years),75,Austria,3,Both,228,55+ years,697,Falls,3,Rate,2013,3444.3314317038567,4452.949004708623,2693.879434613343
1,All Population,2,DALYs (Disability-Adjusted Life Years),76,Belgium,3,Both,228,55+ years,697,Falls,1,Number,2013,127858.40570014989,163507.51579494614,100869.7638953859
1,All Population,2,DALYs (Disability-Adjusted Life Years),76,Belgium,3,Both,228,55+ years,697,Falls,2,Percent,2013,0.055882155068497745,0.06627176822878547,0.04794410574227066
1,All Population,2,DALYs (Disability-Adjusted Life Years),76,Belgium,3,Both,228,55+ years,697,Falls,3,Rate,2013,3829.7444230527103,4897.542663025429,3021.353297951726
1,All Population,2,DALYs (Disability-Adjusted Life Years),85,Israel,3,Both,228,55+ years,697,Falls,1,Number,2013,30117.471149577592,39643.82032645316,23033.881700215265
1,All Population,2,DALYs (Disability-Adjusted Life Years),85,Israel,3,Both,228,55+ years,697,Falls,2,Percent,2013,0.03306434219149138,0.03962246438201521,0.027363518790288466
1,All Population,2,DALYs (Disability-Adjusted Life Years),85,Israel,3,Both,228,55+ years,697,Falls,3,Rate,2013,1849.2046655549643,2434.1199546273347,1414.2741697779145
1,All Population,2,DALYs (Disability-Adjusted Life Years),86,Italy,3,Both,228,55+ years,697,Falls,1,Number,2013,448862.9059448501,574800.8659552616,356430.4435025155
1,All Population,2,DALYs (Disability-Adjusted Life Years),86,Italy,3,Both,228,55+ years,697,Falls,2,Percent,2013,0.03605224517705775,0.042865761541547115,0.031096062121316437
1,All Population,2,DALYs (Disability-Adjusted Life Years),86,Italy,3,Both,228,55+ years,697,Falls,3,Rate,2013,2215.9112473230725,2837.6319071413777,1759.5979043601717
1,All Population,2,DALYs (Disability-Adjusted Life Years),77,Cyprus,3,Both,228,55+ years,697,Falls,1,Number,2013,7043.678669330265,9144.73992574447,5481.529701522815
1,All Population,2,DALYs (Disability-Adjusted Life Years),77,Cyprus,3,Both,228,55+ years,697,Falls,2,Percent,2013,0.0412795322653052,0.04972784922646298,0.034357821788727705
1,All Population,2,DALYs (Disability-Adjusted Life Years),77,Cyprus,3,Both,228,55+ years,697,Falls,3,Rate,2013,2628.0515478689986,3411.9739194458903,2045.2015620051948
1,All Population,2,DALYs (Disability-Adjusted Life Years),78,Denmark,3,Both,228,55+ years,697,Falls,1,Number,2013,49840.55493234477,64955.68300412227,38956.46423077412
1,All Population,2,DALYs (Disability-Adjusted Life Years),78,Denmark,3,Both,228,55+ years,697,Falls,2,Percent,2013,0.044069410686130746,0.053168088899262285,0.037279327511372556
1,All Population,2,DALYs (Disability-Adjusted Life Years),78,Denmark,3,Both,228,55+ years,697,Falls,3,Rate,2013,2939.4857108269707,3830.9425383968364,2297.566110693289
1,All Population,2,DALYs (Disability-Adjusted Life Years),87,Luxembourg,3,Both,228,55+ years,697,Falls,1,Number,2013,4469.912406426523,5730.881076360344,3520.2941063557037
1,All Population,2,DALYs (Disability-Adjusted Life Years),87,Luxembourg,3,Both,228,55+ years,697,Falls,2,Percent,2013,0.05454176445158973,0.0643390097775617,0.04660666974983195
1,All Population,2,DALYs (Disability-Adjusted Life Years),87,Luxembourg,3,Both,228,55+ years,697,Falls,3,Rate,2013,3310.8665635649813,4244.8667468760705,2607.483769456176
1,All Population,2,DALYs (Disability-Adjusted Life Years),88,Malta,3,Both,228,55+ years,697,Falls,1,Number,2013,3165.3172968800764,4107.153594720034,2433.5634900159976
1,All Population,2,DALYs (Disability-Adjusted Life Years),88,Malta,3,Both,228,55+ years,697,Falls,2,Percent,2013,0.04138471686996306,0.04966090228167932,0.034896408340760396
1,All Population,2,DALYs (Disability-Adjusted Life Years),88,Malta,3,Both,228,55+ years,697,Falls,3,Rate,2013,2309.9296810451506,2997.2464379499243,1775.9232358274226
1,All Population,2,DALYs (Disability-Adjusted Life Years),84,Ireland,3,Both,228,55+ years,697,Falls,1,Number,2013,26482.696803674087,34856.43362131966,20159.859025613063
1,All Population,2,DALYs (Disability-Adjusted Life Years),84,Ireland,3,Both,228,55+ years,697,Falls,2,Percent,2013,0.04148196790756731,0.05009083270032272,0.034355393485506605
1,All Population,2,DALYs (Disability-Adjusted Life Years),84,Ireland,3,Both,228,55+ years,697,Falls,3,Rate,2013,2480.4651958150653,3264.779681951666,1888.245333784656
1,All Population,2,DALYs (Disability-Adjusted Life Years),94,Switzerland,3,Both,228,55+ years,697,Falls,1,Number,2013,94558.36145076262,121780.71176207431,75168.43872489118
1,All Population,2,DALYs (Disability-Adjusted Life Years),94,Switzerland,3,Both,228,55+ years,697,Falls,2,Percent,2013,0.06717011455282226,0.07942832028852936,0.058088736171500455
1,All Population,2,DALYs (Disability-Adjusted Life Years),94,Switzerland,3,Both,228,55+ years,697,Falls,3,Rate,2013,3900.641653795363,5023.595054313013,3100.784940036732
1,All Population,2,DALYs (Disability-Adjusted Life Years),95,United Kingdom,3,Both,228,55+ years,697,Falls,1,Number,2013,436493.9745744023,563435.0372543784,341071.09518505767
1,All Population,2,DALYs (Disability-Adjusted Life Years),95,United Kingdom,3,Both,228,55+ years,697,Falls,2,Percent,2013,0.03593771559630667,0.04279238137627711,0.030459746158523964
1,All Population,2,DALYs (Disability-Adjusted Life Years),95,United Kingdom,3,Both,228,55+ years,697,Falls,3,Rate,2013,2365.116731006735,3052.9393555662627,1848.073514580598
1,All Population,2,DALYs (Disability-Adjusted Life Years),73,Western Europe,3,Both,228,55+ years,697,Falls,1,Number,2013,3908870.500966688,5068305.582814526,3055644.1385712265
1,All Population,2,DALYs (Disability-Adjusted Life Years),73,Western Europe,3,Both,228,55+ years,697,Falls,2,Percent,2013,0.046242611266944886,0.05524587074461615,0.03928120134874562
1,All Population,2,DALYs (Disability-Adjusted Life Years),73,Western Europe,3,Both,228,55+ years,697,Falls,3,Rate,2013,2967.051277982205,3847.1273358826356,2319.404760061624
1,All Population,2,DALYs (Disability-Adjusted Life Years),89,Netherlands,3,Both,228,55+ years,697,Falls,1,Number,2013,286354.0799613012,375610.80282147165,219284.31337542454
1,All Population,2,DALYs (Disability-Adjusted Life Years),89,Netherlands,3,Both,228,55+ years,697,Falls,2,Percent,2013,0.08884873770686388,0.10596888605346529,0.07386314370365137
1,All Population,2,DALYs (Disability-Adjusted Life Years),89,Netherlands,3,Both,228,55+ years,697,Falls,3,Rate,2013,5737.824667515493,7526.30774496246,4393.913097570496
1,All Population,2,DALYs (Disability-Adjusted Life Years),91,Portugal,3,Both,228,55+ years,697,Falls,1,Number,2013,63105.65151770072,81982.68183553069,48571.87485585793
1,All Population,2,DALYs (Disability-Adjusted Life Years),91,Portugal,3,Both,228,55+ years,697,Falls,2,Percent,2013,0.0281668197483487,0.03422369719645407,0.02375373342996005
1,All Population,2,DALYs (Disability-Adjusted Life Years),91,Portugal,3,Both,228,55+ years,697,Falls,3,Rate,2013,1812.9850367553875,2355.3100533191428,1395.438921918514
1,All Population,2,DALYs (Disability-Adjusted Life Years),80,France,3,Both,228,55+ years,697,Falls,1,Number,2013,775681.2755177945,997441.8644489993,612682.2289919559
1,All Population,2,DALYs (Disability-Adjusted Life Years),80,France,3,Both,228,55+ years,697,Falls,2,Percent,2013,0.06430670965155731,0.0758844299320718,0.05519887777984738
1,All Population,2,DALYs (Disability-Adjusted Life Years),80,France,3,Both,228,55+ years,697,Falls,3,Rate,2013,3926.4705449128937,5049.014620609016,3101.375270303665
1,All Population,2,DALYs (Disability-Adjusted Life Years),93,Sweden,3,Both,228,55+ years,697,Falls,1,Number,2013,99489.08365312273,128265.04248937976,78714.76335144679
1,All Population,2,DALYs (Disability-Adjusted Life Years),93,Sweden,3,Both,228,55+ years,697,Falls,2,Percent,2013,0.05290193597516698,0.06303996194888012,0.04516976026554503
1,All Population,2,DALYs (Disability-Adjusted Life Years),93,Sweden,3,Both,228,55+ years,697,Falls,3,Rate,2013,3292.639764500623,4244.994162056874,2605.1034982680235
1,All Population,2,DALYs (Disability-Adjusted Life Years),82,Greece,3,Both,228,55+ years,697,Falls,1,Number,2013,63921.91098680234,85732.11750950795,47524.7779142694
1,All Population,2,DALYs (Disability-Adjusted Life Years),82,Greece,3,Both,228,55+ years,697,Falls,2,Percent,2013,0.027143013609299212,0.03412228415476202,0.02192559700515264
1,All Population,2,DALYs (Disability-Adjusted Life Years),82,Greece,3,Both,228,55+ years,697,Falls,3,Rate,2013,1820.036750251515,2441.0347271439045,1353.1642126495644
1,All Population,2,DALYs (Disability-Adjusted Life Years),90,Norway,3,Both,228,55+ years,697,Falls,1,Number,2005,40649.88725731112,51580.89884528646,32125.910401802892
1,All Population,2,DALYs (Disability-Adjusted Life Years),90,Norway,3,Both,228,55+ years,697,Falls,2,Percent,2005,0.04886566746600637,0.05738825301567569,0.04184846214195189
1,All Population,2,DALYs (Disability-Adjusted Life Years),90,Norway,3,Both,228,55+ years,697,Falls,3,Rate,2005,3381.288193507592,4290.537958250002,2672.257388063521
1,All Population,2,DALYs (Disability-Adjusted Life Years),79,Finland,3,Both,228,55+ years,697,Falls,1,Number,2005,68623.16973038069,88094.59894801403,53836.75391497821
1,All Population,2,DALYs (Disability-Adjusted Life Years),79,Finland,3,Both,228,55+ years,697,Falls,2,Percent,2005,0.06512559605236956,0.07709947006429108,0.05603307297959074
1,All Population,2,DALYs (Disability-Adjusted Life Years),79,Finland,3,Both,228,55+ years,697,Falls,3,Rate,2005,4412.388201845282,5664.37794365569,3461.639250029146
1,All Population,2,DALYs (Disability-Adjusted Life Years),92,Spain,3,Both,228,55+ years,697,Falls,1,Number,2005,287276.82176224614,383565.7185827889,217253.65078200627
1,All Population,2,DALYs (Disability-Adjusted Life Years),92,Spain,3,Both,228,55+ years,697,Falls,2,Percent,2005,0.03629475290695469,0.04477106008218314,0.029683931055787417
1,All Population,2,DALYs (Disability-Adjusted Life Years),92,Spain,3,Both,228,55+ years,697,Falls,3,Rate,2005,2400.869461051297,3205.588304697115,1815.6621625955709
1,All Population,2,DALYs (Disability-Adjusted Life Years),367,Monaco,3,Both,228,55+ years,697,Falls,1,Number,2013,301.0231660420803,390.8510861077691,229.96861034839117
1,All Population,2,DALYs (Disability-Adjusted Life Years),367,Monaco,3,Both,228,55+ years,697,Falls,2,Percent,2013,0.028231698931787154,0.03530763530236657,0.022717895975832382
1,All Population,2,DALYs (Disability-Adjusted Life Years),367,Monaco,3,Both,228,55+ years,697,Falls,3,Rate,2013,2144.5347564634835,2784.4825027268575,1638.3313094208575
1,All Population,2,DALYs (Disability-Adjusted Life Years),81,Germany,3,Both,228,55+ years,697,Falls,1,Number,2005,614425.2937023286,788058.7631126584,475094.38558799017
1,All Population,2,DALYs (Disability-Adjusted Life Years),81,Germany,3,Both,228,55+ years,697,Falls,2,Percent,2005,0.03418827431053391,0.0407992577516256,0.028553357625192843
1,All Population,2,DALYs (Disability-Adjusted Life Years),81,Germany,3,Both,228,55+ years,697,Falls,3,Rate,2005,2427.903697718358,3114.0169595744746,1877.3371268357034
1,All Population,2,DALYs (Disability-Adjusted Life Years),396,San Marino,3,Both,228,55+ years,697,Falls,1,Number,2013,228.68024102515804,302.27528166738983,172.15126914637455
1,All Population,2,DALYs (Disability-Adjusted Life Years),396,San Marino,3,Both,228,55+ years,697,Falls,2,Percent,2013,0.04599836472264633,0.055134831091915616,0.0375314517792523
1,All Population,2,DALYs (Disability-Adjusted Life Years),396,San Marino,3,Both,228,55+ years,697,Falls,3,Rate,2013,2256.738105324731,2983.013063911881,1698.8801796824073
1,All Population,2,DALYs (Disability-Adjusted Life Years),83,Iceland,3,Both,228,55+ years,697,Falls,1,Number,2005,1606.2250295659283,2094.7417471389585,1238.8683245311845
1,All Population,2,DALYs (Disability-Adjusted Life Years),83,Iceland,3,Both,228,55+ years,697,Falls,2,Percent,2005,0.04121302170512961,0.049762469432980155,0.03467849865034213
1,All Population,2,DALYs (Disability-Adjusted Life Years),83,Iceland,3,Both,228,55+ years,697,Falls,3,Rate,2005,2604.1619156671936,3396.1908080411545,2008.56894263589
1,All Population,2,DALYs (Disability-Adjusted Life Years),74,Andorra,3,Both,228,55+ years,697,Falls,1,Number,2014,687.3283108003114,910.8140354939753,527.3119848238175
1,All Population,2,DALYs (Disability-Adjusted Life Years),74,Andorra,3,Both,228,55+ years,697,Falls,2,Percent,2014,0.06762314496548377,0.07968315352678687,0.056661634894301885
1,All Population,2,DALYs (Disability-Adjusted Life Years),74,Andorra,3,Both,228,55+ years,697,Falls,3,Rate,2014,3575.4614881828616,4738.027599959077,2743.061306174806
1,All Population,2,DALYs (Disability-Adjusted Life Years),75,Austria,3,Both,228,55+ years,697,Falls,1,Number,2014,88553.78476116243,114956.48532138162,69632.10472319546
1,All Population,2,DALYs (Disability-Adjusted Life Years),75,Austria,3,Both,228,55+ years,697,Falls,2,Percent,2014,0.052280619045460865,0.06251389744968694,0.04439423891058797
1,All Population,2,DALYs (Disability-Adjusted Life Years),75,Austria,3,Both,228,55+ years,697,Falls,3,Rate,2014,3428.0214670199066,4450.101150591209,2695.540912550365
1,All Population,2,DALYs (Disability-Adjusted Life Years),85,Israel,3,Both,228,55+ years,697,Falls,1,Number,2014,31087.208837224192,40946.76110443301,23634.885337097054
1,All Population,2,DALYs (Disability-Adjusted Life Years),85,Israel,3,Both,228,55+ years,697,Falls,2,Percent,2014,0.033529712041324086,0.04045495663439079,0.0276674053767691
1,All Population,2,DALYs (Disability-Adjusted Life Years),85,Israel,3,Both,228,55+ years,697,Falls,3,Rate,2014,1859.772481705072,2449.6139204942474,1413.941971707508
1,All Population,2,DALYs (Disability-Adjusted Life Years),76,Belgium,3,Both,228,55+ years,697,Falls,1,Number,2014,130304.8725212542,166848.10465484616,102533.62205863057
1,All Population,2,DALYs (Disability-Adjusted Life Years),76,Belgium,3,Both,228,55+ years,697,Falls,2,Percent,2014,0.05766493351971167,0.06807553167680855,0.049225075885982225
1,All Population,2,DALYs (Disability-Adjusted Life Years),76,Belgium,3,Both,228,55+ years,697,Falls,3,Rate,2014,3845.609132148,4924.087507453748,3026.012962612472
1,All Population,2,DALYs (Disability-Adjusted Life Years),95,United Kingdom,3,Both,228,55+ years,697,Falls,1,Number,2014,449180.7020598484,579434.3004051915,351948.63053215947
1,All Population,2,DALYs (Disability-Adjusted Life Years),95,United Kingdom,3,Both,228,55+ years,697,Falls,2,Percent,2014,0.03699468883406956,0.04400566326001681,0.03139405291629888
1,All Population,2,DALYs (Disability-Adjusted Life Years),95,United Kingdom,3,Both,228,55+ years,697,Falls,3,Rate,2014,2395.110857943704,3089.646055588065,1876.6522750429244
1,All Population,2,DALYs (Disability-Adjusted Life Years),87,Luxembourg,3,Both,228,55+ years,697,Falls,1,Number,2014,4585.574344225432,5891.027928681347,3593.4589891319843
1,All Population,2,DALYs (Disability-Adjusted Life Years),87,Luxembourg,3,Both,228,55+ years,697,Falls,2,Percent,2014,0.055256172816777416,0.06532322659170929,0.04725945584469232
1,All Population,2,DALYs (Disability-Adjusted Life Years),87,Luxembourg,3,Both,228,55+ years,697,Falls,3,Rate,2014,3295.4578441891827,4233.631981642147,2582.4666060468003
1,All Population,2,DALYs (Disability-Adjusted Life Years),77,Cyprus,3,Both,228,55+ years,697,Falls,1,Number,2014,7457.928158120672,9631.494684537398,5767.437575662716
1,All Population,2,DALYs (Disability-Adjusted Life Years),77,Cyprus,3,Both,228,55+ years,697,Falls,2,Percent,2014,0.042024444800293353,0.05068981064481701,0.03541821461965131
1,All Population,2,DALYs (Disability-Adjusted Life Years),77,Cyprus,3,Both,228,55+ years,697,Falls,3,Rate,2014,2699.533071658317,3486.295104907778,2087.6291838871375
1,All Population,2,DALYs (Disability-Adjusted Life Years),84,Ireland,3,Both,228,55+ years,697,Falls,1,Number,2014,27571.234811898925,36313.83070494978,20936.291695757845
1,All Population,2,DALYs (Disability-Adjusted Life Years),84,Ireland,3,Both,228,55+ years,697,Falls,2,Percent,2014,0.04295851876730085,0.05213263411661304,0.0353765922254408
1,All Population,2,DALYs (Disability-Adjusted Life Years),84,Ireland,3,Both,228,55+ years,697,Falls,3,Rate,2014,2517.0572737303623,3315.193981571677,1911.3342459005512
1,All Population,2,DALYs (Disability-Adjusted Life Years),78,Denmark,3,Both,228,55+ years,697,Falls,1,Number,2014,50572.834150731105,65962.69730903103,39359.41238379977
1,All Population,2,DALYs (Disability-Adjusted Life Years),78,Denmark,3,Both,228,55+ years,697,Falls,2,Percent,2014,0.04492512209518149,0.0540300472099976,0.03790287208552011
1,All Population,2,DALYs (Disability-Adjusted Life Years),78,Denmark,3,Both,228,55+ years,697,Falls,3,Rate,2014,2942.543525834896,3837.9915061669544,2290.098746402598
1,All Population,2,DALYs (Disability-Adjusted Life Years),73,Western Europe,3,Both,228,55+ years,697,Falls,1,Number,2014,3974749.7109272266,5146070.925650599,3113187.8903407357
1,All Population,2,DALYs (Disability-Adjusted Life Years),73,Western Europe,3,Both,228,55+ years,697,Falls,2,Percent,2014,0.04703932574837151,0.056041446767489664,0.04009075452841794
1,All Population,2,DALYs (Disability-Adjusted Life Years),73,Western Europe,3,Both,228,55+ years,697,Falls,3,Rate,2014,2974.195622019183,3850.6629928403154,2329.5126655445597
1,All Population,2,DALYs (Disability-Adjusted Life Years),86,Italy,3,Both,228,55+ years,697,Falls,1,Number,2014,454761.5690217087,584153.1592664644,361106.78513017565
1,All Population,2,DALYs (Disability-Adjusted Life Years),86,Italy,3,Both,228,55+ years,697,Falls,2,Percent,2014,0.03640340822800126,0.04324010316019961,0.03130122085789835
1,All Population,2,DALYs (Disability-Adjusted Life Years),86,Italy,3,Both,228,55+ years,697,Falls,3,Rate,2014,2218.859925906686,2850.183753381916,1761.9021242757963
1,All Population,2,DALYs (Disability-Adjusted Life Years),94,Switzerland,3,Both,228,55+ years,697,Falls,1,Number,2014,96118.95201168407,123900.717476445,76106.66765985792
1,All Population,2,DALYs (Disability-Adjusted Life Years),94,Switzerland,3,Both,228,55+ years,697,Falls,2,Percent,2014,0.06788377354648685,0.07977431915287216,0.058477897934082555
1,All Population,2,DALYs (Disability-Adjusted Life Years),94,Switzerland,3,Both,228,55+ years,697,Falls,3,Rate,2014,3887.3419249945146,5010.920775795981,3077.9844533659307
1,All Population,2,DALYs (Disability-Adjusted Life Years),88,Malta,3,Both,228,55+ years,697,Falls,1,Number,2014,3275.0293487120753,4250.319407551051,2509.492284365644
1,All Population,2,DALYs (Disability-Adjusted Life Years),88,Malta,3,Both,228,55+ years,697,Falls,2,Percent,2014,0.0424417329307241,0.0507503656943049,0.035856959282845505
1,All Population,2,DALYs (Disability-Adjusted Life Years),88,Malta,3,Both,228,55+ years,697,Falls,3,Rate,2014,2333.313260182412,3028.1642018107636,1787.9020307828685
1,All Population,2,DALYs (Disability-Adjusted Life Years),89,Netherlands,3,Both,228,55+ years,697,Falls,1,Number,2014,273740.1967158055,357555.77996410645,210732.22197349698
1,All Population,2,DALYs (Disability-Adjusted Life Years),89,Netherlands,3,Both,228,55+ years,697,Falls,2,Percent,2014,0.08511165157492276,0.10149245408806368,0.07138929575805042
1,All Population,2,DALYs (Disability-Adjusted Life Years),89,Netherlands,3,Both,228,55+ years,697,Falls,3,Rate,2014,5374.859565875874,7020.569603336315,4137.704702128352
1,All Population,2,DALYs (Disability-Adjusted Life Years),80,France,3,Both,228,55+ years,697,Falls,1,Number,2014,791950.8963136274,1022144.958161213,624324.2842972012
1,All Population,2,DALYs (Disability-Adjusted Life Years),80,France,3,Both,228,55+ years,697,Falls,2,Percent,2014,0.06585805792605443,0.07765716414423562,0.05699217140477226
1,All Population,2,DALYs (Disability-Adjusted Life Years),80,France,3,Both,228,55+ years,697,Falls,3,Rate,2014,3947.5221957487047,5094.936982072819,3111.9782565813566
1,All Population,2,DALYs (Disability-Adjusted Life Years),91,Portugal,3,Both,228,55+ years,697,Falls,1,Number,2014,65983.84263102197,85639.57029652216,51034.129139174955
1,All Population,2,DALYs (Disability-Adjusted Life Years),91,Portugal,3,Both,228,55+ years,697,Falls,2,Percent,2014,0.02951730071619826,0.03571224437877394,0.024872913360567746
1,All Population,2,DALYs (Disability-Adjusted Life Years),91,Portugal,3,Both,228,55+ years,697,Falls,3,Rate,2014,1867.6231821659346,2423.963813245972,1444.4827530726834
1,All Population,2,DALYs (Disability-Adjusted Life Years),82,Greece,3,Both,228,55+ years,697,Falls,1,Number,2014,66434.69372516053,88641.95712854648,49889.641637742854
1,All Population,2,DALYs (Disability-Adjusted Life Years),82,Greece,3,Both,228,55+ years,697,Falls,2,Percent,2014,0.027932836352100306,0.03482893191358013,0.022739416499984164
1,All Population,2,DALYs (Disability-Adjusted Life Years),82,Greece,3,Both,228,55+ years,697,Falls,3,Rate,2014,1867.5895534433173,2491.8726022115598,1402.480666700088
1,All Population,2,DALYs (Disability-Adjusted Life Years),93,Sweden,3,Both,228,55+ years,697,Falls,1,Number,2014,100752.05251559365,129591.6546399676,79657.65954457481
1,All Population,2,DALYs (Disability-Adjusted Life Years),93,Sweden,3,Both,228,55+ years,697,Falls,2,Percent,2014,0.05359483828257714,0.06367783982830597,0.04588605971335443
1,All Population,2,DALYs (Disability-Adjusted Life Years),93,Sweden,3,Both,228,55+ years,697,Falls,3,Rate,2014,3300.126927006057,4244.766218796737,2609.181457267542
1,All Population,2,DALYs (Disability-Adjusted Life Years),367,Monaco,3,Both,228,55+ years,697,Falls,1,Number,2014,303.8465243520373,395.7446070662263,231.36938975347354
1,All Population,2,DALYs (Disability-Adjusted Life Years),367,Monaco,3,Both,228,55+ years,697,Falls,2,Percent,2014,0.028982047982126544,0.03578177715856576,0.02331786472712022
1,All Population,2,DALYs (Disability-Adjusted Life Years),367,Monaco,3,Both,228,55+ years,697,Falls,3,Rate,2014,2147.209071155938,2796.6303447628884,1635.0308878007113
1,All Population,2,DALYs (Disability-Adjusted Life Years),396,San Marino,3,Both,228,55+ years,697,Falls,1,Number,2014,233.85287846497818,310.0972244851941,175.58954679304742
1,All Population,2,DALYs (Disability-Adjusted Life Years),396,San Marino,3,Both,228,55+ years,697,Falls,2,Percent,2014,0.04666571523901462,0.05641333851527051,0.038170437159238166
1,All Population,2,DALYs (Disability-Adjusted Life Years),396,San Marino,3,Both,228,55+ years,697,Falls,3,Rate,2014,2249.5502645154575,2982.983566185384,1689.085522603922
1,All Population,2,DALYs (Disability-Adjusted Life Years),79,Finland,3,Both,228,55+ years,697,Falls,1,Number,2006,70340.6403548984,90529.51386250695,55150.37428247345
1,All Population,2,DALYs (Disability-Adjusted Life Years),79,Finland,3,Both,228,55+ years,697,Falls,2,Percent,2006,0.06561981858398747,0.0779474792372487,0.056154599790219216
1,All Population,2,DALYs (Disability-Adjusted Life Years),79,Finland,3,Both,228,55+ years,697,Falls,3,Rate,2006,4421.602643903069,5690.672359906159,3466.744680021197
1,All Population,2,DALYs (Disability-Adjusted Life Years),83,Iceland,3,Both,228,55+ years,697,Falls,1,Number,2006,1700.7306349009775,2211.7683496104614,1320.4096509099727
1,All Population,2,DALYs (Disability-Adjusted Life Years),83,Iceland,3,Both,228,55+ years,697,Falls,2,Percent,2006,0.042315773277475335,0.05098389640389814,0.03562127759688069
1,All Population,2,DALYs (Disability-Adjusted Life Years),83,Iceland,3,Both,228,55+ years,697,Falls,3,Rate,2006,2665.844591848212,3466.8809817572305,2069.7027822442246
1,All Population,2,DALYs (Disability-Adjusted Life Years),81,Germany,3,Both,228,55+ years,697,Falls,1,Number,2006,628479.9230750942,809028.6518356027,484700.8770964017
1,All Population,2,DALYs (Disability-Adjusted Life Years),81,Germany,3,Both,228,55+ years,697,Falls,2,Percent,2006,0.035099179666875306,0.041956465788227204,0.02921839543039149
1,All Population,2,DALYs (Disability-Adjusted Life Years),81,Germany,3,Both,228,55+ years,697,Falls,3,Rate,2006,2456.8471762795566,3162.6463882348403,1894.7876256855882
1,All Population,2,DALYs (Disability-Adjusted Life Years),90,Norway,3,Both,228,55+ years,697,Falls,1,Number,2006,41708.46949877362,52801.82562673373,32880.127952906136
1,All Population,2,DALYs (Disability-Adjusted Life Years),90,Norway,3,Both,228,55+ years,697,Falls,2,Percent,2006,0.04963520076699025,0.058234775195648056,0.04260271759845557
1,All Population,2,DALYs (Disability-Adjusted Life Years),90,Norway,3,Both,228,55+ years,697,Falls,3,Rate,2006,3408.6630349342036,4315.277768611984,2687.1587014304964
1,All Population,2,DALYs (Disability-Adjusted Life Years),75,Austria,3,Both,228,55+ years,697,Falls,1,Number,2015,91330.7875549986,118166.60927906686,71987.33915665057
1,All Population,2,DALYs (Disability-Adjusted Life Years),75,Austria,3,Both,228,55+ years,697,Falls,2,Percent,2015,0.052170129163418094,0.06235763144157674,0.0444530092761603
1,All Population,2,DALYs (Disability-Adjusted Life Years),75,Austria,3,Both,228,55+ years,697,Falls,3,Rate,2015,3462.2629853829108,4479.583373446191,2728.971318989093
1,All Population,2,DALYs (Disability-Adjusted Life Years),73,Western Europe,3,Both,228,55+ years,697,Falls,1,Number,2015,4136659.034411054,5326753.522613915,3247305.9353004443
1,All Population,2,DALYs (Disability-Adjusted Life Years),73,Western Europe,3,Both,228,55+ years,697,Falls,2,Percent,2015,0.04716537637329903,0.05596817121297584,0.04022267165082208
1,All Population,2,DALYs (Disability-Adjusted Life Years),73,Western Europe,3,Both,228,55+ years,697,Falls,3,Rate,2015,3039.902205011981,3914.4656700609107,2386.3442432532383
1,All Population,2,DALYs (Disability-Adjusted Life Years),74,Andorra,3,Both,228,55+ years,697,Falls,1,Number,2015,709.9373143076535,940.26623515524,544.5223533449802
1,All Population,2,DALYs (Disability-Adjusted Life Years),74,Andorra,3,Both,228,55+ years,697,Falls,2,Percent,2015,0.06740267474306604,0.07913785889247363,0.05694212382261249
1,All Population,2,DALYs (Disability-Adjusted Life Years),74,Andorra,3,Both,228,55+ years,697,Falls,3,Rate,2015,3538.14672641816,4686.047394368064,2713.760698475072
1,All Population,2,DALYs (Disability-Adjusted Life Years),92,Spain,3,Both,228,55+ years,697,Falls,1,Number,2006,294861.40640904504,393453.14496646886,221855.46290118562
1,All Population,2,DALYs (Disability-Adjusted Life Years),92,Spain,3,Both,228,55+ years,697,Falls,2,Percent,2006,0.037887323619499265,0.046822144210819504,0.030957903047728545
1,All Population,2,DALYs (Disability-Adjusted Life Years),92,Spain,3,Both,228,55+ years,697,Falls,3,Rate,2006,2428.1099521099745,3239.9882664086235,1826.924262353409
1,All Population,2,DALYs (Disability-Adjusted Life Years),77,Cyprus,3,Both,228,55+ years,697,Falls,1,Number,2015,7952.432176580556,10401.44627796395,6191.126756344575
1,All Population,2,DALYs (Disability-Adjusted Life Years),77,Cyprus,3,Both,228,55+ years,697,Falls,2,Percent,2015,0.04245114249395656,0.05104532542625893,0.035320506001565985
1,All Population,2,DALYs (Disability-Adjusted Life Years),77,Cyprus,3,Both,228,55+ years,697,Falls,3,Rate,2015,2747.769800150618,3593.967144372147,2139.193488513716
1,All Population,2,DALYs (Disability-Adjusted Life Years),76,Belgium,3,Both,228,55+ years,697,Falls,1,Number,2015,135512.2432231248,172975.95750267082,106832.38292689915
1,All Population,2,DALYs (Disability-Adjusted Life Years),76,Belgium,3,Both,228,55+ years,697,Falls,2,Percent,2015,0.058483458818122176,0.06891109833655985,0.05025929784132663
1,All Population,2,DALYs (Disability-Adjusted Life Years),76,Belgium,3,Both,228,55+ years,697,Falls,3,Rate,2015,3926.596945388726,5012.143922946826,3095.5705439741137
1,All Population,2,DALYs (Disability-Adjusted Life Years),85,Israel,3,Both,228,55+ years,697,Falls,1,Number,2015,32349.967567469997,42449.473240613355,24679.441383456815
1,All Population,2,DALYs (Disability-Adjusted Life Years),85,Israel,3,Both,228,55+ years,697,Falls,2,Percent,2015,0.033717714178652235,0.04049229822492161,0.02800416913267336
1,All Population,2,DALYs (Disability-Adjusted Life Years),85,Israel,3,Both,228,55+ years,697,Falls,3,Rate,2015,1880.559039943929,2467.6606082216426,1434.6582109434787
1,All Population,2,DALYs (Disability-Adjusted Life Years),84,Ireland,3,Both,228,55+ years,697,Falls,1,Number,2015,28699.21521151567,37654.872391964454,21836.922890476337
1,All Population,2,DALYs (Disability-Adjusted Life Years),84,Ireland,3,Both,228,55+ years,697,Falls,2,Percent,2015,0.043439456756553446,0.05260989258289761,0.03585055627505196
1,All Population,2,DALYs (Disability-Adjusted Life Years),84,Ireland,3,Both,228,55+ years,697,Falls,3,Rate,2015,2543.8565227331183,3337.6728959663815,1935.5929533943731
1,All Population,2,DALYs (Disability-Adjusted Life Years),94,Switzerland,3,Both,228,55+ years,697,Falls,1,Number,2015,99282.17423840285,127328.36593968626,78767.1731261721
1,All Population,2,DALYs (Disability-Adjusted Life Years),94,Switzerland,3,Both,228,55+ years,697,Falls,2,Percent,2015,0.0681807356215231,0.07982837935993331,0.058648368216062306
1,All Population,2,DALYs (Disability-Adjusted Life Years),94,Switzerland,3,Both,228,55+ years,697,Falls,3,Rate,2015,3923.505261374151,5031.855088980264,3112.778507872016
1,All Population,2,DALYs (Disability-Adjusted Life Years),82,Greece,3,Both,228,55+ years,697,Falls,1,Number,2015,70071.05305598621,92806.41335122797,53103.38244235102
1,All Population,2,DALYs (Disability-Adjusted Life Years),82,Greece,3,Both,228,55+ years,697,Falls,2,Percent,2015,0.028444725880938704,0.03500518502100031,0.023386107554758097
1,All Population,2,DALYs (Disability-Adjusted Life Years),82,Greece,3,Both,228,55+ years,697,Falls,3,Rate,2015,1941.1208765031151,2570.9399041785327,1471.0794226171597
1,All Population,2,DALYs (Disability-Adjusted Life Years),93,Sweden,3,Both,228,55+ years,697,Falls,1,Number,2015,103049.60035371703,132088.5880841872,81481.64745920843
1,All Population,2,DALYs (Disability-Adjusted Life Years),93,Sweden,3,Both,228,55+ years,697,Falls,2,Percent,2015,0.05403643253575362,0.06415285882475225,0.04636370611471066
1,All Population,2,DALYs (Disability-Adjusted Life Years),93,Sweden,3,Both,228,55+ years,697,Falls,3,Rate,2015,3337.1137894395447,4277.499837071827,2638.666510001349
1,All Population,2,DALYs (Disability-Adjusted Life Years),87,Luxembourg,3,Both,228,55+ years,697,Falls,1,Number,2015,4780.2110794009095,6174.253571290242,3748.1525674423124
1,All Population,2,DALYs (Disability-Adjusted Life Years),87,Luxembourg,3,Both,228,55+ years,697,Falls,2,Percent,2015,0.05597052614448598,0.06633380091524242,0.04782035029732075
1,All Population,2,DALYs (Disability-Adjusted Life Years),87,Luxembourg,3,Both,228,55+ years,697,Falls,3,Rate,2015,3320.5733640180492,4288.944904518562,2603.653975314546
1,All Population,2,DALYs (Disability-Adjusted Life Years),78,Denmark,3,Both,228,55+ years,697,Falls,1,Number,2015,51652.47692460631,67318.66097960036,40299.39055043123
1,All Population,2,DALYs (Disability-Adjusted Life Years),78,Denmark,3,Both,228,55+ years,697,Falls,2,Percent,2015,0.04523641692049893,0.05459089309840155,0.03806849441018978
1,All Population,2,DALYs (Disability-Adjusted Life Years),78,Denmark,3,Both,228,55+ years,697,Falls,3,Rate,2015,2960.8124841723884,3858.826211511615,2310.033240427515
1,All Population,2,DALYs (Disability-Adjusted Life Years),80,France,3,Both,228,55+ years,697,Falls,1,Number,2015,832211.501147574,1066147.1774698747,658157.2640988638
1,All Population,2,DALYs (Disability-Adjusted Life Years),80,France,3,Both,228,55+ years,697,Falls,2,Percent,2015,0.06649680812205593,0.07832168462809948,0.05745321467535469
1,All Population,2,DALYs (Disability-Adjusted Life Years),80,France,3,Both,228,55+ years,697,Falls,3,Rate,2015,4069.8151622918044,5213.845208962185,3218.6270063660913
1,All Population,2,DALYs (Disability-Adjusted Life Years),86,Italy,3,Both,228,55+ years,697,Falls,1,Number,2015,473812.97005321074,604517.2988352582,376690.7754046703
1,All Population,2,DALYs (Disability-Adjusted Life Years),86,Italy,3,Both,228,55+ years,697,Falls,2,Percent,2015,0.03628819693085526,0.04299295374798877,0.031131737484488185
1,All Population,2,DALYs (Disability-Adjusted Life Years),86,Italy,3,Both,228,55+ years,697,Falls,3,Rate,2015,2277.8077071550047,2906.155486289954,1810.9026254274827
1,All Population,2,DALYs (Disability-Adjusted Life Years),95,United Kingdom,3,Both,228,55+ years,697,Falls,1,Number,2015,469420.7456802917,603353.0876227105,369863.05824066926
1,All Population,2,DALYs (Disability-Adjusted Life Years),95,United Kingdom,3,Both,228,55+ years,697,Falls,2,Percent,2015,0.03735195036351481,0.044300227081611854,0.03172006107772242
1,All Population,2,DALYs (Disability-Adjusted Life Years),95,United Kingdom,3,Both,228,55+ years,697,Falls,3,Rate,2015,2456.9913042912904,3158.005485160087,1935.8972227759807
1,All Population,2,DALYs (Disability-Adjusted Life Years),89,Netherlands,3,Both,228,55+ years,697,Falls,1,Number,2015,270321.6251925743,350093.0654300858,209071.33777930774
1,All Population,2,DALYs (Disability-Adjusted Life Years),89,Netherlands,3,Both,228,55+ years,697,Falls,2,Percent,2015,0.0814324668011879,0.09691347109815343,0.06849219276334834
1,All Population,2,DALYs (Disability-Adjusted Life Years),89,Netherlands,3,Both,228,55+ years,697,Falls,3,Rate,2015,5191.605040111271,6723.63863490403,4015.2755451385788
1,All Population,2,DALYs (Disability-Adjusted Life Years),88,Malta,3,Both,228,55+ years,697,Falls,1,Number,2015,3409.9973693421007,4420.476300056659,2621.7366786033817
1,All Population,2,DALYs (Disability-Adjusted Life Years),88,Malta,3,Both,228,55+ years,697,Falls,2,Percent,2015,0.043120251786824576,0.05151843582507449,0.036401374809656065
1,All Population,2,DALYs (Disability-Adjusted Life Years),88,Malta,3,Both,228,55+ years,697,Falls,3,Rate,2015,2367.5510892311345,3069.1236225612515,1820.2640227555976
1,All Population,2,DALYs (Disability-Adjusted Life Years),91,Portugal,3,Both,228,55+ years,697,Falls,1,Number,2015,69563.58318412006,89849.1425993662,53896.7654681041
1,All Population,2,DALYs (Disability-Adjusted Life Years),91,Portugal,3,Both,228,55+ years,697,Falls,2,Percent,2015,0.030470054471314883,0.03657514898190217,0.02571820716987417
1,All Population,2,DALYs (Disability-Adjusted Life Years),91,Portugal,3,Both,228,55+ years,697,Falls,3,Rate,2015,1937.872134192166,2502.9784515774795,1501.4327201530957
1,All Population,2,DALYs (Disability-Adjusted Life Years),367,Monaco,3,Both,228,55+ years,697,Falls,1,Number,2015,320.34265159802857,417.8259076251943,244.20340902331694
1,All Population,2,DALYs (Disability-Adjusted Life Years),367,Monaco,3,Both,228,55+ years,697,Falls,2,Percent,2015,0.029632434368260283,0.03627426093957944,0.024008832889620926
1,All Population,2,DALYs (Disability-Adjusted Life Years),367,Monaco,3,Both,228,55+ years,697,Falls,3,Rate,2015,2198.992535826996,2868.166469745847,1676.3346091659969
1,All Population,2,DALYs (Disability-Adjusted Life Years),396,San Marino,3,Both,228,55+ years,697,Falls,1,Number,2015,236.97331268643953,317.6605459011216,176.1372184867722
1,All Population,2,DALYs (Disability-Adjusted Life Years),396,San Marino,3,Both,228,55+ years,697,Falls,2,Percent,2015,0.04729402722331003,0.05624859052509467,0.039299052881523466
1,All Population,2,DALYs (Disability-Adjusted Life Years),396,San Marino,3,Both,228,55+ years,697,Falls,3,Rate,2015,2227.8328281137533,2986.3894137795523,1655.9007136668629
1,All Population,2,DALYs (Disability-Adjusted Life Years),83,Iceland,3,Both,228,55+ years,697,Falls,1,Number,2007,1749.7035399231172,2267.411541631022,1351.622308083172
1,All Population,2,DALYs (Disability-Adjusted Life Years),83,Iceland,3,Both,228,55+ years,697,Falls,2,Percent,2007,0.04284027999405613,0.051500708990759175,0.03597524267235349
1,All Population,2,DALYs (Disability-Adjusted Life Years),83,Iceland,3,Both,228,55+ years,697,Falls,3,Rate,2007,2664.7798230965554,3453.2435860877913,2058.5063542738785
1,All Population,2,DALYs (Disability-Adjusted Life Years),79,Finland,3,Both,228,55+ years,697,Falls,1,Number,2007,71814.82475407097,92754.46488256272,56244.01413123484
1,All Population,2,DALYs (Disability-Adjusted Life Years),79,Finland,3,Both,228,55+ years,697,Falls,2,Percent,2007,0.06595772818217613,0.07856138277611292,0.05635640269171429
1,All Population,2,DALYs (Disability-Adjusted Life Years),79,Finland,3,Both,228,55+ years,697,Falls,3,Rate,2007,4409.925177659405,5695.763394629065,3453.770093561411
1,All Population,2,DALYs (Disability-Adjusted Life Years),81,Germany,3,Both,228,55+ years,697,Falls,1,Number,2007,645322.3988971995,828483.9034845536,496357.7961982535
1,All Population,2,DALYs (Disability-Adjusted Life Years),81,Germany,3,Both,228,55+ years,697,Falls,2,Percent,2007,0.03579159860724126,0.042615009705981144,0.029610257757087394
1,All Population,2,DALYs (Disability-Adjusted Life Years),81,Germany,3,Both,228,55+ years,697,Falls,3,Rate,2007,2488.9847896600622,3195.4319852761546,1914.4337885650343
1,All Population,2,DALYs (Disability-Adjusted Life Years),90,Norway,3,Both,228,55+ years,697,Falls,1,Number,2007,42737.99169387448,54110.82446042896,33766.564881806175
1,All Population,2,DALYs (Disability-Adjusted Life Years),90,Norway,3,Both,228,55+ years,697,Falls,2,Percent,2007,0.050318460109856446,0.05892922460866877,0.04337823790130345
1,All Population,2,DALYs (Disability-Adjusted Life Years),90,Norway,3,Both,228,55+ years,697,Falls,3,Rate,2007,3439.490990109513,4354.759917876953,2717.4836971706973
1,All Population,2,DALYs (Disability-Adjusted Life Years),92,Spain,3,Both,228,55+ years,697,Falls,1,Number,2007,307490.7847116683,410753.90435423504,231790.9532543857
1,All Population,2,DALYs (Disability-Adjusted Life Years),92,Spain,3,Both,228,55+ years,697,Falls,2,Percent,2007,0.038699038187215005,0.04792175804239377,0.03166178451827836
1,All Population,2,DALYs (Disability-Adjusted Life Years),92,Spain,3,Both,228,55+ years,697,Falls,3,Rate,2007,2488.755239554182,3324.541685330539,1876.0593099856255
1,All Population,2,DALYs (Disability-Adjusted Life Years),73,Western Europe,3,Both,228,55+ years,697,Falls,1,Number,2016,4206344.437614577,5399915.517952567,3303722.6126183295
1,All Population,2,DALYs (Disability-Adjusted Life Years),73,Western Europe,3,Both,228,55+ years,697,Falls,2,Percent,2016,0.048006073947906035,0.056683655483512334,0.04093470933816826
1,All Population,2,DALYs (Disability-Adjusted Life Years),73,Western Europe,3,Both,228,55+ years,697,Falls,3,Rate,2016,3048.216761006501,3913.1633735578425,2394.1127006732604
1,All Population,2,DALYs (Disability-Adjusted Life Years),75,Austria,3,Both,228,55+ years,697,Falls,1,Number,2016,92410.98613585148,119536.32864011578,72816.0291680166
1,All Population,2,DALYs (Disability-Adjusted Life Years),75,Austria,3,Both,228,55+ years,697,Falls,2,Percent,2016,0.05277364288273971,0.06289420173889336,0.04492216506860292
1,All Population,2,DALYs (Disability-Adjusted Life Years),75,Austria,3,Both,228,55+ years,697,Falls,3,Rate,2016,3436.684699650918,4445.452741798561,2707.965186770938
1,All Population,2,DALYs (Disability-Adjusted Life Years),74,Andorra,3,Both,228,55+ years,697,Falls,1,Number,2016,719.0441680492495,951.7622825516264,549.374381335373
1,All Population,2,DALYs (Disability-Adjusted Life Years),74,Andorra,3,Both,228,55+ years,697,Falls,2,Percent,2016,0.06673637621562083,0.07856731664863634,0.05643501561047641
1,All Population,2,DALYs (Disability-Adjusted Life Years),74,Andorra,3,Both,228,55+ years,697,Falls,3,Rate,2016,3449.6270172692266,4566.096256388859,2635.633237373349
1,All Population,2,DALYs (Disability-Adjusted Life Years),84,Ireland,3,Both,228,55+ years,697,Falls,1,Number,2016,29619.007064729532,38843.61189376355,22548.882863164155
1,All Population,2,DALYs (Disability-Adjusted Life Years),84,Ireland,3,Both,228,55+ years,697,Falls,2,Percent,2016,0.04395220504451064,0.05332789805248547,0.03618859969170996
1,All Population,2,DALYs (Disability-Adjusted Life Years),84,Ireland,3,Both,228,55+ years,697,Falls,3,Rate,2016,2551.7091537813767,3346.4187310072743,1942.6103881111135
1,All Population,2,DALYs (Disability-Adjusted Life Years),77,Cyprus,3,Both,228,55+ years,697,Falls,1,Number,2016,7704.43965506942,9992.902557471454,5922.479847587555
1,All Population,2,DALYs (Disability-Adjusted Life Years),77,Cyprus,3,Both,228,55+ years,697,Falls,2,Percent,2016,0.043003990343427605,0.051953586099535834,0.03593585508504943
1,All Population,2,DALYs (Disability-Adjusted Life Years),77,Cyprus,3,Both,228,55+ years,697,Falls,3,Rate,2016,2724.3925728133318,3533.6235634617747,2094.2678289117966
1,All Population,2,DALYs (Disability-Adjusted Life Years),93,Sweden,3,Both,228,55+ years,697,Falls,1,Number,2016,104142.31819476541,134173.30950791156,81946.26658373362
1,All Population,2,DALYs (Disability-Adjusted Life Years),93,Sweden,3,Both,228,55+ years,697,Falls,2,Percent,2016,0.05417783383358507,0.0643429644163401,0.04637833740250093
1,All Population,2,DALYs (Disability-Adjusted Life Years),93,Sweden,3,Both,228,55+ years,697,Falls,3,Rate,2016,3335.7889919843738,4297.71351966218,2624.8258992373344
1,All Population,2,DALYs (Disability-Adjusted Life Years),80,France,3,Both,228,55+ years,697,Falls,1,Number,2016,848555.4350748255,1084796.55811342,670113.9663627557
1,All Population,2,DALYs (Disability-Adjusted Life Years),80,France,3,Both,228,55+ years,697,Falls,2,Percent,2016,0.06718294934285374,0.07879888556427361,0.057983687102871946
1,All Population,2,DALYs (Disability-Adjusted Life Years),80,France,3,Both,228,55+ years,697,Falls,3,Rate,2016,4081.510901772953,5217.819361153787,3223.2160046193358
1,All Population,2,DALYs (Disability-Adjusted Life Years),85,Israel,3,Both,228,55+ years,697,Falls,1,Number,2016,32886.02108731031,43077.05510336751,25213.798081967507
1,All Population,2,DALYs (Disability-Adjusted Life Years),85,Israel,3,Both,228,55+ years,697,Falls,2,Percent,2016,0.033992935126943895,0.040752010987484946,0.028113804264450946
1,All Population,2,DALYs (Disability-Adjusted Life Years),85,Israel,3,Both,228,55+ years,697,Falls,3,Rate,2016,1871.1327772872412,2450.977256838824,1434.6023772780534
1,All Population,2,DALYs (Disability-Adjusted Life Years),94,Switzerland,3,Both,228,55+ years,697,Falls,1,Number,2016,100682.78998475155,129140.18717511592,79435.7505381114
1,All Population,2,DALYs (Disability-Adjusted Life Years),94,Switzerland,3,Both,228,55+ years,697,Falls,2,Percent,2016,0.06942012678056052,0.08106550878960089,0.05971365682120876
1,All Population,2,DALYs (Disability-Adjusted Life Years),94,Switzerland,3,Both,228,55+ years,697,Falls,3,Rate,2016,3905.3279281005402,5009.145849965953,3081.1885041435344
1,All Population,2,DALYs (Disability-Adjusted Life Years),76,Belgium,3,Both,228,55+ years,697,Falls,1,Number,2016,136613.70720287925,173976.49212478078,107992.61890529249
1,All Population,2,DALYs (Disability-Adjusted Life Years),76,Belgium,3,Both,228,55+ years,697,Falls,2,Percent,2016,0.05905177826189862,0.06932048222717063,0.05058269323596308
1,All Population,2,DALYs (Disability-Adjusted Life Years),76,Belgium,3,Both,228,55+ years,697,Falls,3,Rate,2016,3903.6637533984376,4971.285386775612,3085.8314343897437
1,All Population,2,DALYs (Disability-Adjusted Life Years),95,United Kingdom,3,Both,228,55+ years,697,Falls,1,Number,2016,477998.2865901051,614030.421711279,377426.8510418563
1,All Population,2,DALYs (Disability-Adjusted Life Years),95,United Kingdom,3,Both,228,55+ years,697,Falls,2,Percent,2016,0.03785026913726829,0.04475523832262513,0.03230301820376707
1,All Population,2,DALYs (Disability-Adjusted Life Years),95,United Kingdom,3,Both,228,55+ years,697,Falls,3,Rate,2016,2464.2635310802657,3165.561085984578,1945.7794112774197
1,All Population,2,DALYs (Disability-Adjusted Life Years),87,Luxembourg,3,Both,228,55+ years,697,Falls,1,Number,2016,4976.731520394692,6422.412689819406,3919.9811634220896
1,All Population,2,DALYs (Disability-Adjusted Life Years),87,Luxembourg,3,Both,228,55+ years,697,Falls,2,Percent,2016,0.056959005049126335,0.06714406753997806,0.04847722858306706
1,All Population,2,DALYs (Disability-Adjusted Life Years),87,Luxembourg,3,Both,228,55+ years,697,Falls,3,Rate,2016,3346.466095958601,4318.574597134468,2635.8834119201197
1,All Population,2,DALYs (Disability-Adjusted Life Years),86,Italy,3,Both,228,55+ years,697,Falls,1,Number,2016,476671.23092993477,606119.7774474758,377814.2215052914
1,All Population,2,DALYs (Disability-Adjusted Life Years),86,Italy,3,Both,228,55+ years,697,Falls,2,Percent,2016,0.03725716102161141,0.04398347572741943,0.03197561354699474
1,All Population,2,DALYs (Disability-Adjusted Life Years),86,Italy,3,Both,228,55+ years,697,Falls,3,Rate,2016,2268.605456076091,2884.6855965492155,1798.1185955315798
1,All Population,2,DALYs (Disability-Adjusted Life Years),82,Greece,3,Both,228,55+ years,697,Falls,1,Number,2016,72292.71228462507,95228.35279504851,55387.32148384654
1,All Population,2,DALYs (Disability-Adjusted Life Years),82,Greece,3,Both,228,55+ years,697,Falls,2,Percent,2016,0.02934153708036213,0.035858564995115,0.024162560614682634
1,All Population,2,DALYs (Disability-Adjusted Life Years),82,Greece,3,Both,228,55+ years,697,Falls,3,Rate,2016,1978.7732185181799,2606.5603046203405,1516.0442171015527
1,All Population,2,DALYs (Disability-Adjusted Life Years),78,Denmark,3,Both,228,55+ years,697,Falls,1,Number,2016,52429.31189473383,68073.98569886282,40930.17576419859
1,All Population,2,DALYs (Disability-Adjusted Life Years),78,Denmark,3,Both,228,55+ years,697,Falls,2,Percent,2016,0.045471812358526126,0.05453646473720702,0.038169843973387116
1,All Population,2,DALYs (Disability-Adjusted Life Years),78,Denmark,3,Both,228,55+ years,697,Falls,3,Rate,2016,2961.2451161155495,3844.867506367656,2311.765665108
1,All Population,2,DALYs (Disability-Adjusted Life Years),88,Malta,3,Both,228,55+ years,697,Falls,1,Number,2016,3521.1714046620796,4558.559458965972,2726.8357696679454
1,All Population,2,DALYs (Disability-Adjusted Life Years),88,Malta,3,Both,228,55+ years,697,Falls,2,Percent,2016,0.04387832187007382,0.052403427393983515,0.03703586787470037
1,All Population,2,DALYs (Disability-Adjusted Life Years),88,Malta,3,Both,228,55+ years,697,Falls,3,Rate,2016,2388.367915419908,3092.015667829471,1849.5796751817818
1,All Population,2,DALYs (Disability-Adjusted Life Years),89,Netherlands,3,Both,228,55+ years,697,Falls,1,Number,2016,267976.32617242547,345822.5603315326,208358.81691557725
1,All Population,2,DALYs (Disability-Adjusted Life Years),89,Netherlands,3,Both,228,55+ years,697,Falls,2,Percent,2016,0.07955366553643484,0.0940033720139886,0.06721046726476186
1,All Population,2,DALYs (Disability-Adjusted Life Years),89,Netherlands,3,Both,228,55+ years,697,Falls,3,Rate,2016,5044.115819653455,6509.414739266766,3921.9360141981333
1,All Population,2,DALYs (Disability-Adjusted Life Years),91,Portugal,3,Both,228,55+ years,697,Falls,1,Number,2016,72792.6352631731,93595.77559990485,56882.99558693897
1,All Population,2,DALYs (Disability-Adjusted Life Years),91,Portugal,3,Both,228,55+ years,697,Falls,2,Percent,2016,0.031320825607808495,0.0372873249563019,0.02662471246573869
1,All Population,2,DALYs (Disability-Adjusted Life Years),91,Portugal,3,Both,228,55+ years,697,Falls,3,Rate,2016,1997.5831155173776,2568.4650699369845,1560.989118386887
1,All Population,2,DALYs (Disability-Adjusted Life Years),367,Monaco,3,Both,228,55+ years,697,Falls,1,Number,2016,314.6558526793755,412.9788355967608,239.19480629349084
1,All Population,2,DALYs (Disability-Adjusted Life Years),367,Monaco,3,Both,228,55+ years,697,Falls,2,Percent,2016,0.030250588845485968,0.03667036296684744,0.02475470724463695
1,All Population,2,DALYs (Disability-Adjusted Life Years),367,Monaco,3,Both,228,55+ years,697,Falls,3,Rate,2016,2149.9629565355326,2821.7787490860546,1634.3569285225176
1,All Population,2,DALYs (Disability-Adjusted Life Years),396,San Marino,3,Both,228,55+ years,697,Falls,1,Number,2016,250.53025644917165,336.79545675358344,186.44986118878137
1,All Population,2,DALYs (Disability-Adjusted Life Years),396,San Marino,3,Both,228,55+ years,697,Falls,2,Percent,2016,0.047076975036341215,0.056181420270377334,0.039047191998749016
1,All Population,2,DALYs (Disability-Adjusted Life Years),396,San Marino,3,Both,228,55+ years,697,Falls,3,Rate,2016,2272.194950193663,3054.5808994488452,1691.015045695329
1,All Population,2,DALYs (Disability-Adjusted Life Years),81,Germany,3,Both,228,55+ years,697,Falls,1,Number,2008,674819.8052014872,865048.307937645,520562.5847892474
1,All Population,2,DALYs (Disability-Adjusted Life Years),81,Germany,3,Both,228,55+ years,697,Falls,2,Percent,2008,0.03682451243107163,0.04383744056904183,0.030561922141351828
1,All Population,2,DALYs (Disability-Adjusted Life Years),81,Germany,3,Both,228,55+ years,697,Falls,3,Rate,2008,2565.108749046346,3288.2007403088305,1978.7499275756827
1,All Population,2,DALYs (Disability-Adjusted Life Years),92,Spain,3,Both,228,55+ years,697,Falls,1,Number,2008,319561.8793319694,427483.61811021296,241658.79774879926
1,All Population,2,DALYs (Disability-Adjusted Life Years),92,Spain,3,Both,228,55+ years,697,Falls,2,Percent,2008,0.03999241651843412,0.04953893253158568,0.03279085220043862
1,All Population,2,DALYs (Disability-Adjusted Life Years),92,Spain,3,Both,228,55+ years,697,Falls,3,Rate,2008,2539.1518885052137,3396.6687093550318,1920.155163564833
1,All Population,2,DALYs (Disability-Adjusted Life Years),79,Finland,3,Both,228,55+ years,697,Falls,1,Number,2008,73630.52239379218,94988.3716793229,57589.129591073215
1,All Population,2,DALYs (Disability-Adjusted Life Years),79,Finland,3,Both,228,55+ years,697,Falls,2,Percent,2008,0.06695521401842477,0.07983258111754366,0.05703447090725393
1,All Population,2,DALYs (Disability-Adjusted Life Years),79,Finland,3,Both,228,55+ years,697,Falls,3,Rate,2008,4432.110302807641,5717.723127309267,3466.515872659889
1,All Population,2,DALYs (Disability-Adjusted Life Years),83,Iceland,3,Both,228,55+ years,697,Falls,1,Number,2008,1825.2123549486669,2363.9496383572423,1402.6902656225884
1,All Population,2,DALYs (Disability-Adjusted Life Years),83,Iceland,3,Both,228,55+ years,697,Falls,2,Percent,2008,0.04383619009506758,0.0529962430338942,0.03692036500666157
1,All Population,2,DALYs (Disability-Adjusted Life Years),83,Iceland,3,Both,228,55+ years,697,Falls,3,Rate,2008,2698.1495601608763,3494.5466261406327,2073.5494765692483
1,All Population,2,DALYs (Disability-Adjusted Life Years),90,Norway,3,Both,228,55+ years,697,Falls,1,Number,2008,43854.98552678281,55445.67939564101,34675.84885940936
1,All Population,2,DALYs (Disability-Adjusted Life Years),90,Norway,3,Both,228,55+ years,697,Falls,2,Percent,2008,0.05141973415412743,0.06010408602277304,0.04427009307602494
1,All Population,2,DALYs (Disability-Adjusted Life Years),90,Norway,3,Both,228,55+ years,697,Falls,3,Rate,2008,3470.458108555409,4387.686036869201,2744.068420035964
1,All Population,2,DALYs (Disability-Adjusted Life Years),75,Austria,3,Both,228,55+ years,697,Falls,1,Number,2017,94899.71543088976,122331.71121925299,74988.15692075875
1,All Population,2,DALYs (Disability-Adjusted Life Years),75,Austria,3,Both,228,55+ years,697,Falls,2,Percent,2017,0.05325362855506956,0.06343888636609715,0.04540137965526518
1,All Population,2,DALYs (Disability-Adjusted Life Years),75,Austria,3,Both,228,55+ years,697,Falls,3,Rate,2017,3448.6127885511746,4445.479123309841,2725.035747184499
1,All Population,2,DALYs (Disability-Adjusted Life Years),74,Andorra,3,Both,228,55+ years,697,Falls,1,Number,2017,738.4787161563852,975.1117418658647,566.4898613197206
1,All Population,2,DALYs (Disability-Adjusted Life Years),74,Andorra,3,Both,228,55+ years,697,Falls,2,Percent,2017,0.06567644838974845,0.07720458613975187,0.05545167555793237
1,All Population,2,DALYs (Disability-Adjusted Life Years),74,Andorra,3,Both,228,55+ years,697,Falls,3,Rate,2017,3363.8603967475374,4441.752618055777,2580.4302384916314
1,All Population,2,DALYs (Disability-Adjusted Life Years),73,Western Europe,3,Both,228,55+ years,697,Falls,1,Number,2017,4311019.250142143,5516923.018452855,3396086.658487084
1,All Population,2,DALYs (Disability-Adjusted Life Years),73,Western Europe,3,Both,228,55+ years,697,Falls,2,Percent,2017,0.048320299410811944,0.05681793873669497,0.04131086098104939
1,All Population,2,DALYs (Disability-Adjusted Life Years),73,Western Europe,3,Both,228,55+ years,697,Falls,3,Rate,2017,3069.0454774564028,3927.537006173095,2417.6984131852696
1,All Population,2,DALYs (Disability-Adjusted Life Years),85,Israel,3,Both,228,55+ years,697,Falls,1,Number,2017,33067.69933872075,43380.820337075726,25337.882647485694
1,All Population,2,DALYs (Disability-Adjusted Life Years),85,Israel,3,Both,228,55+ years,697,Falls,2,Percent,2017,0.03363172037642125,0.040420575134276,0.02783634227822828
1,All Population,2,DALYs (Disability-Adjusted Life Years),85,Israel,3,Both,228,55+ years,697,Falls,3,Rate,2017,1837.7220969345965,2410.869026598505,1408.1411093603303
1,All Population,2,DALYs (Disability-Adjusted Life Years),77,Cyprus,3,Both,228,55+ years,697,Falls,1,Number,2017,8412.165994659636,10989.221908621908,6536.6186215114685
1,All Population,2,DALYs (Disability-Adjusted Life Years),77,Cyprus,3,Both,228,55+ years,697,Falls,2,Percent,2017,0.04299372284730632,0.0513573147321799,0.03561454606233794
1,All Population,2,DALYs (Disability-Adjusted Life Years),77,Cyprus,3,Both,228,55+ years,697,Falls,3,Rate,2017,2753.772164720119,3597.3866211278814,2139.800667597
1,All Population,2,DALYs (Disability-Adjusted Life Years),80,France,3,Both,228,55+ years,697,Falls,1,Number,2017,869459.4015468985,1110270.4653835506,687222.8779985893
1,All Population,2,DALYs (Disability-Adjusted Life Years),80,France,3,Both,228,55+ years,697,Falls,2,Percent,2017,0.06776885430431076,0.07923554581031927,0.058651512383018134
1,All Population,2,DALYs (Disability-Adjusted Life Years),80,France,3,Both,228,55+ years,697,Falls,3,Rate,2017,4106.943012068316,5244.428343865406,3246.1379927669254
1,All Population,2,DALYs (Disability-Adjusted Life Years),76,Belgium,3,Both,228,55+ years,697,Falls,1,Number,2017,139255.69456593707,177447.52003332844,110132.33554719419
1,All Population,2,DALYs (Disability-Adjusted Life Years),76,Belgium,3,Both,228,55+ years,697,Falls,2,Percent,2017,0.05968293873391611,0.07043185595291618,0.05119410183754523
1,All Population,2,DALYs (Disability-Adjusted Life Years),76,Belgium,3,Both,228,55+ years,697,Falls,3,Rate,2017,3913.985526811869,4987.422793329654,3095.4308095573283
1,All Population,2,DALYs (Disability-Adjusted Life Years),87,Luxembourg,3,Both,228,55+ years,697,Falls,1,Number,2017,5102.552704094641,6580.988148108289,4004.8081952839475
1,All Population,2,DALYs (Disability-Adjusted Life Years),87,Luxembourg,3,Both,228,55+ years,697,Falls,2,Percent,2017,0.05789307092010533,0.0681867880504365,0.04939459974613683
1,All Population,2,DALYs (Disability-Adjusted Life Years),87,Luxembourg,3,Both,228,55+ years,697,Falls,3,Rate,2017,3326.2226736088314,4289.976657256848,2610.6313045857128
1,All Population,2,DALYs (Disability-Adjusted Life Years),94,Switzerland,3,Both,228,55+ years,697,Falls,1,Number,2017,103580.13746417426,132675.27876787807,81478.4426686749
1,All Population,2,DALYs (Disability-Adjusted Life Years),94,Switzerland,3,Both,228,55+ years,697,Falls,2,Percent,2017,0.0701940203524304,0.08173142850053908,0.06063234135700266
1,All Population,2,DALYs (Disability-Adjusted Life Years),94,Switzerland,3,Both,228,55+ years,697,Falls,3,Rate,2017,3926.6228785864882,5029.591558642006,3088.768994973321
1,All Population,2,DALYs (Disability-Adjusted Life Years),84,Ireland,3,Both,228,55+ years,697,Falls,1,Number,2017,30482.351025948683,39868.315229668835,23171.180732584326
1,All Population,2,DALYs (Disability-Adjusted Life Years),84,Ireland,3,Both,228,55+ years,697,Falls,2,Percent,2017,0.044656311581277655,0.053888992269404135,0.03686473635361479
1,All Population,2,DALYs (Disability-Adjusted Life Years),84,Ireland,3,Both,228,55+ years,697,Falls,3,Rate,2017,2554.693619341516,3341.321358199318,1941.9521650331756
1,All Population,2,DALYs (Disability-Adjusted Life Years),82,Greece,3,Both,228,55+ years,697,Falls,1,Number,2017,75252.42948147784,97968.92118114945,58374.94442179923
1,All Population,2,DALYs (Disability-Adjusted Life Years),82,Greece,3,Both,228,55+ years,697,Falls,2,Percent,2017,0.02988080622153336,0.03624840131457624,0.024932690476670842
1,All Population,2,DALYs (Disability-Adjusted Life Years),82,Greece,3,Both,228,55+ years,697,Falls,3,Rate,2017,2032.8177248020354,2646.4655138581593,1576.9008724718283
1,All Population,2,DALYs (Disability-Adjusted Life Years),91,Portugal,3,Both,228,55+ years,697,Falls,1,Number,2017,74771.96195627804,96203.6603596695,58531.46215413927
1,All Population,2,DALYs (Disability-Adjusted Life Years),91,Portugal,3,Both,228,55+ years,697,Falls,2,Percent,2017,0.03214577112253827,0.038238490426225964,0.027357484989325824
1,All Population,2,DALYs (Disability-Adjusted Life Years),91,Portugal,3,Both,228,55+ years,697,Falls,3,Rate,2017,2023.0104718697528,2602.8608484770625,1583.611794764868
1,All Population,2,DALYs (Disability-Adjusted Life Years),78,Denmark,3,Both,228,55+ years,697,Falls,1,Number,2017,53312.45240804084,68822.92906966532,41643.64902425001
1,All Population,2,DALYs (Disability-Adjusted Life Years),78,Denmark,3,Both,228,55+ years,697,Falls,2,Percent,2017,0.045544821803478366,0.054469684490555476,0.03828156076861245
1,All Population,2,DALYs (Disability-Adjusted Life Years),78,Denmark,3,Both,228,55+ years,697,Falls,3,Rate,2017,2965.0030183512986,3827.6271903889688,2316.0357378990225
1,All Population,2,DALYs (Disability-Adjusted Life Years),95,United Kingdom,3,Both,228,55+ years,697,Falls,1,Number,2017,490957.2807773817,629367.6143313232,388759.6334890242
1,All Population,2,DALYs (Disability-Adjusted Life Years),95,United Kingdom,3,Both,228,55+ years,697,Falls,2,Percent,2017,0.03826462799625154,0.04526081118038865,0.03267409668985914
1,All Population,2,DALYs (Disability-Adjusted Life Years),95,United Kingdom,3,Both,228,55+ years,697,Falls,3,Rate,2017,2483.804853452974,3184.037382248506,1966.7761377480774
1,All Population,2,DALYs (Disability-Adjusted Life Years),86,Italy,3,Both,228,55+ years,697,Falls,1,Number,2017,493641.0068539786,623771.4054963599,391695.7318936496
1,All Population,2,DALYs (Disability-Adjusted Life Years),86,Italy,3,Both,228,55+ years,697,Falls,2,Percent,2017,0.03740874782679476,0.04410278716425785,0.03216999030129682
1,All Population,2,DALYs (Disability-Adjusted Life Years),86,Italy,3,Both,228,55+ years,697,Falls,3,Rate,2017,2314.3479343374047,2924.4411298194113,1836.3956709637766
1,All Population,2,DALYs (Disability-Adjusted Life Years),93,Sweden,3,Both,228,55+ years,697,Falls,1,Number,2017,105975.02984608446,136229.92676593765,83472.08428081482
1,All Population,2,DALYs (Disability-Adjusted Life Years),93,Sweden,3,Both,228,55+ years,697,Falls,2,Percent,2017,0.05451859359843454,0.0643967336261677,0.04679626275589898
1,All Population,2,DALYs (Disability-Adjusted Life Years),93,Sweden,3,Both,228,55+ years,697,Falls,3,Rate,2017,3353.559967002476,4310.970512331563,2641.4584701033696
1,All Population,2,DALYs (Disability-Adjusted Life Years),89,Netherlands,3,Both,228,55+ years,697,Falls,1,Number,2017,264662.7436158245,340561.08081319206,206418.2147158737
1,All Population,2,DALYs (Disability-Adjusted Life Years),89,Netherlands,3,Both,228,55+ years,697,Falls,2,Percent,2017,0.07794893802699525,0.09148552073686209,0.06614234361704438
1,All Population,2,DALYs (Disability-Adjusted Life Years),89,Netherlands,3,Both,228,55+ years,697,Falls,3,Rate,2017,4878.3199713213635,6277.29426245716,3804.744428836719
1,All Population,2,DALYs (Disability-Adjusted Life Years),88,Malta,3,Both,228,55+ years,697,Falls,1,Number,2017,3594.4438034480504,4638.569867623914,2782.3187371159206
1,All Population,2,DALYs (Disability-Adjusted Life Years),88,Malta,3,Both,228,55+ years,697,Falls,2,Percent,2017,0.04359176256253027,0.0515608367900209,0.036678333882993616
1,All Population,2,DALYs (Disability-Adjusted Life Years),88,Malta,3,Both,228,55+ years,697,Falls,3,Rate,2017,2383.446768795737,3075.798361965202,1844.9331708503419
1,All Population,2,DALYs (Disability-Adjusted Life Years),396,San Marino,3,Both,228,55+ years,697,Falls,1,Number,2017,257.9356050934558,345.1357138593002,190.08960224250336
1,All Population,2,DALYs (Disability-Adjusted Life Years),396,San Marino,3,Both,228,55+ years,697,Falls,2,Percent,2017,0.04689279845816915,0.056148084498809425,0.038747104566862575
1,All Population,2,DALYs (Disability-Adjusted Life Years),396,San Marino,3,Both,228,55+ years,697,Falls,3,Rate,2017,2265.064430950636,3030.813171489881,1669.2739902156814
1,All Population,2,DALYs (Disability-Adjusted Life Years),367,Monaco,3,Both,228,55+ years,697,Falls,1,Number,2017,315.06202437532227,411.5537342236913,238.56522481273225
1,All Population,2,DALYs (Disability-Adjusted Life Years),367,Monaco,3,Both,228,55+ years,697,Falls,2,Percent,2017,0.030547415404445145,0.037804614845533914,0.02493219675424161
1,All Population,2,DALYs (Disability-Adjusted Life Years),367,Monaco,3,Both,228,55+ years,697,Falls,3,Rate,2017,2118.17505541323,2766.892822209233,1603.883899652107
1,All Population,2,DALYs (Disability-Adjusted Life Years),79,Finland,3,Both,228,55+ years,697,Falls,1,Number,2009,75519.22060999212,97693.02993846682,59265.36041413994
1,All Population,2,DALYs (Disability-Adjusted Life Years),79,Finland,3,Both,228,55+ years,697,Falls,2,Percent,2009,0.06772437318559807,0.08032841411662223,0.0575606379963595
1,All Population,2,DALYs (Disability-Adjusted Life Years),79,Finland,3,Both,228,55+ years,697,Falls,3,Rate,2009,4456.871392613527,5765.489459154721,3497.627322808489
1,All Population,2,DALYs (Disability-Adjusted Life Years),90,Norway,3,Both,228,55+ years,697,Falls,1,Number,2009,44892.24319144296,56840.38504949281,35746.281525165236
1,All Population,2,DALYs (Disability-Adjusted Life Years),90,Norway,3,Both,228,55+ years,697,Falls,2,Percent,2009,0.05273867857408305,0.06153584471836241,0.0455084181503291
1,All Population,2,DALYs (Disability-Adjusted Life Years),90,Norway,3,Both,228,55+ years,697,Falls,3,Rate,2009,3492.7027854445673,4422.291181607678,2781.129392884263
1,All Population,2,DALYs (Disability-Adjusted Life Years),81,Germany,3,Both,228,55+ years,697,Falls,1,Number,2009,702353.5187434797,899458.4286223436,542856.8467203435
1,All Population,2,DALYs (Disability-Adjusted Life Years),81,Germany,3,Both,228,55+ years,697,Falls,2,Percent,2009,0.03786911690727789,0.04511455231920149,0.031544647495031886
1,All Population,2,DALYs (Disability-Adjusted Life Years),81,Germany,3,Both,228,55+ years,697,Falls,3,Rate,2009,2635.097229919342,3374.5974789598704,2036.6959584607412
1,All Population,2,DALYs (Disability-Adjusted Life Years),92,Spain,3,Both,228,55+ years,697,Falls,1,Number,2009,329807.3666163512,440713.57591834443,248665.9167231612
1,All Population,2,DALYs (Disability-Adjusted Life Years),92,Spain,3,Both,228,55+ years,697,Falls,2,Percent,2009,0.041238049471558964,0.051013600798965615,0.03385809249860809
1,All Population,2,DALYs (Disability-Adjusted Life Years),92,Spain,3,Both,228,55+ years,697,Falls,3,Rate,2009,2577.1862418150636,3443.831397978135,1943.129366581859
1,All Population,2,DALYs (Disability-Adjusted Life Years),83,Iceland,3,Both,228,55+ years,697,Falls,1,Number,2009,1909.7400640885683,2482.4453560726024,1475.952723886583
1,All Population,2,DALYs (Disability-Adjusted Life Years),83,Iceland,3,Both,228,55+ years,697,Falls,2,Percent,2009,0.04485705236611241,0.05451977805854093,0.037733183598224966
1,All Population,2,DALYs (Disability-Adjusted Life Years),83,Iceland,3,Both,228,55+ years,697,Falls,3,Rate,2009,2739.4905220508763,3561.02678702284,2117.229760277443
1,All Population,2,DALYs (Disability-Adjusted Life Years),73,Western Europe,3,Both,228,55+ years,697,Falls,1,Number,2018,4391728.776124505,5606109.076889987,3465526.5000750627
1,All Population,2,DALYs (Disability-Adjusted Life Years),73,Western Europe,3,Both,228,55+ years,697,Falls,2,Percent,2018,0.04873768782462597,0.05712108990910165,0.041681209966147215
1,All Population,2,DALYs (Disability-Adjusted Life Years),73,Western Europe,3,Both,228,55+ years,697,Falls,3,Rate,2018,3075.1167256729436,3925.4336201299507,2426.5839369633954
1,All Population,2,DALYs (Disability-Adjusted Life Years),75,Austria,3,Both,228,55+ years,697,Falls,1,Number,2018,97049.41779840262,124581.00862324133,76454.92738762574
1,All Population,2,DALYs (Disability-Adjusted Life Years),75,Austria,3,Both,228,55+ years,697,Falls,2,Percent,2018,0.05372426882955424,0.06363341528325148,0.046026557549894806
1,All Population,2,DALYs (Disability-Adjusted Life Years),75,Austria,3,Both,228,55+ years,697,Falls,3,Rate,2018,3447.8245038141986,4425.925100687922,2716.174687744804
1,All Population,2,DALYs (Disability-Adjusted Life Years),74,Andorra,3,Both,228,55+ years,697,Falls,1,Number,2018,749.8156477549117,996.3276337575071,575.7769756993525
1,All Population,2,DALYs (Disability-Adjusted Life Years),74,Andorra,3,Both,228,55+ years,697,Falls,2,Percent,2018,0.0643828650925744,0.0758639650045619,0.05425919330800891
1,All Population,2,DALYs (Disability-Adjusted Life Years),74,Andorra,3,Both,228,55+ years,697,Falls,3,Rate,2018,3283.0933703428736,4362.454503147234,2521.0591128294204
1,All Population,2,DALYs (Disability-Adjusted Life Years),78,Denmark,3,Both,228,55+ years,697,Falls,1,Number,2018,54278.79146645953,69714.13330942465,42523.63321422514
1,All Population,2,DALYs (Disability-Adjusted Life Years),78,Denmark,3,Both,228,55+ years,697,Falls,2,Percent,2018,0.04560368420207377,0.054315781561384176,0.03835313335789135
1,All Population,2,DALYs (Disability-Adjusted Life Years),78,Denmark,3,Both,228,55+ years,697,Falls,3,Rate,2018,2970.218997732205,3814.864656558186,2326.9586483614867
1,All Population,2,DALYs (Disability-Adjusted Life Years),80,France,3,Both,228,55+ years,697,Falls,1,Number,2018,882533.8960963368,1127357.0990769016,696238.3025920328
1,All Population,2,DALYs (Disability-Adjusted Life Years),80,France,3,Both,228,55+ years,697,Falls,2,Percent,2018,0.06815698799625751,0.07967868112488949,0.05895215237497988
1,All Population,2,DALYs (Disability-Adjusted Life Years),80,France,3,Both,228,55+ years,697,Falls,3,Rate,2018,4098.270941910511,5235.169845305357,3233.159901029516
1,All Population,2,DALYs (Disability-Adjusted Life Years),77,Cyprus,3,Both,228,55+ years,697,Falls,1,Number,2018,8416.415596394374,10994.490021394353,6518.313413268381
1,All Population,2,DALYs (Disability-Adjusted Life Years),77,Cyprus,3,Both,228,55+ years,697,Falls,2,Percent,2018,0.04303528557646011,0.05135195234705983,0.0357537269755372
1,All Population,2,DALYs (Disability-Adjusted Life Years),77,Cyprus,3,Both,228,55+ years,697,Falls,3,Rate,2018,2693.4445271106524,3518.487013543349,2086.0086325206003
1,All Population,2,DALYs (Disability-Adjusted Life Years),76,Belgium,3,Both,228,55+ years,697,Falls,1,Number,2018,142336.85772144166,181263.613553356,112249.59774207324
1,All Population,2,DALYs (Disability-Adjusted Life Years),76,Belgium,3,Both,228,55+ years,697,Falls,2,Percent,2018,0.06058656481045873,0.07126778864538004,0.05184333427913383
1,All Population,2,DALYs (Disability-Adjusted Life Years),76,Belgium,3,Both,228,55+ years,697,Falls,3,Rate,2018,3939.1645799775984,5016.460371392374,3106.501342102478
1,All Population,2,DALYs (Disability-Adjusted Life Years),84,Ireland,3,Both,228,55+ years,697,Falls,1,Number,2018,31203.333349770015,40901.632387812424,23733.175643974657
1,All Population,2,DALYs (Disability-Adjusted Life Years),84,Ireland,3,Both,228,55+ years,697,Falls,2,Percent,2018,0.04492872389572882,0.05407193594510121,0.03720046294159443
1,All Population,2,DALYs (Disability-Adjusted Life Years),84,Ireland,3,Both,228,55+ years,697,Falls,3,Rate,2018,2542.9340977194242,3333.302711138708,1934.1491793751602
1,All Population,2,DALYs (Disability-Adjusted Life Years),89,Netherlands,3,Both,228,55+ years,697,Falls,1,Number,2018,264766.97728475084,339078.065676537,207711.6640134346
1,All Population,2,DALYs (Disability-Adjusted Life Years),89,Netherlands,3,Both,228,55+ years,697,Falls,2,Percent,2018,0.07677479396250753,0.0893169978110857,0.06574918181987462
1,All Population,2,DALYs (Disability-Adjusted Life Years),89,Netherlands,3,Both,228,55+ years,697,Falls,3,Rate,2018,4781.1171171328715,6123.014132940232,3750.8219583393675
1,All Population,2,DALYs (Disability-Adjusted Life Years),85,Israel,3,Both,228,55+ years,697,Falls,1,Number,2018,33128.42532044198,43459.1004531355,25352.759985013916
1,All Population,2,DALYs (Disability-Adjusted Life Years),85,Israel,3,Both,228,55+ years,697,Falls,2,Percent,2018,0.03341663819766185,0.039910756002674505,0.027693807869456286
1,All Population,2,DALYs (Disability-Adjusted Life Years),85,Israel,3,Both,228,55+ years,697,Falls,3,Rate,2018,1805.2821364546046,2368.236248947826,1381.5593185627483
1,All Population,2,DALYs (Disability-Adjusted Life Years),94,Switzerland,3,Both,228,55+ years,697,Falls,1,Number,2018,106716.5364459346,136545.0558165593,83816.13284461584
1,All Population,2,DALYs (Disability-Adjusted Life Years),94,Switzerland,3,Both,228,55+ years,697,Falls,2,Percent,2018,0.07148178728512063,0.08325475761041176,0.061448251396257036
1,All Population,2,DALYs (Disability-Adjusted Life Years),94,Switzerland,3,Both,228,55+ years,697,Falls,3,Rate,2018,3957.2451733964044,5063.341456504013,3108.0561476069474
1,All Population,2,DALYs (Disability-Adjusted Life Years),95,United Kingdom,3,Both,228,55+ years,697,Falls,1,Number,2018,505092.86704485014,644806.6104503993,400587.7464451243
1,All Population,2,DALYs (Disability-Adjusted Life Years),95,United Kingdom,3,Both,228,55+ years,697,Falls,2,Percent,2018,0.03878804568499826,0.045672587916376725,0.03329442602091486
1,All Population,2,DALYs (Disability-Adjusted Life Years),95,United Kingdom,3,Both,228,55+ years,697,Falls,3,Rate,2018,2508.410585944182,3202.2620651994794,1989.4134511569891
1,All Population,2,DALYs (Disability-Adjusted Life Years),82,Greece,3,Both,228,55+ years,697,Falls,1,Number,2018,76180.0455425455,98627.5861474668,59530.41341586248
1,All Population,2,DALYs (Disability-Adjusted Life Years),82,Greece,3,Both,228,55+ years,697,Falls,2,Percent,2018,0.030639100497972263,0.03702929352682109,0.02576001332110607
1,All Population,2,DALYs (Disability-Adjusted Life Years),82,Greece,3,Both,228,55+ years,697,Falls,3,Rate,2018,2037.5713204289614,2637.9708689591366,1592.247185015111
1,All Population,2,DALYs (Disability-Adjusted Life Years),86,Italy,3,Both,228,55+ years,697,Falls,1,Number,2018,493734.8119921628,624102.9086796207,391367.1534777257
1,All Population,2,DALYs (Disability-Adjusted Life Years),86,Italy,3,Both,228,55+ years,697,Falls,2,Percent,2018,0.037819029319269636,0.04445364330835623,0.032393925295276
1,All Population,2,DALYs (Disability-Adjusted Life Years),86,Italy,3,Both,228,55+ years,697,Falls,3,Rate,2018,2287.339126116731,2891.2990679879626,1813.097600338423
1,All Population,2,DALYs (Disability-Adjusted Life Years),91,Portugal,3,Both,228,55+ years,697,Falls,1,Number,2018,76972.82339121304,99028.65070313259,60937.20736588083
1,All Population,2,DALYs (Disability-Adjusted Life Years),91,Portugal,3,Both,228,55+ years,697,Falls,2,Percent,2018,0.03253387530197576,0.038879267269016714,0.02772163466584803
1,All Population,2,DALYs (Disability-Adjusted Life Years),91,Portugal,3,Both,228,55+ years,697,Falls,3,Rate,2018,2052.395151244943,2640.4893777176962,1624.8231962661587
1,All Population,2,DALYs (Disability-Adjusted Life Years),87,Luxembourg,3,Both,228,55+ years,697,Falls,1,Number,2018,5326.269911663403,6864.051405086442,4173.5713207839935
1,All Population,2,DALYs (Disability-Adjusted Life Years),87,Luxembourg,3,Both,228,55+ years,697,Falls,2,Percent,2018,0.059345936270077414,0.07001036883248232,0.050620305234380825
1,All Population,2,DALYs (Disability-Adjusted Life Years),87,Luxembourg,3,Both,228,55+ years,697,Falls,3,Rate,2018,3365.829410216982,4337.599572618349,2637.404662195543
1,All Population,2,DALYs (Disability-Adjusted Life Years),88,Malta,3,Both,228,55+ years,697,Falls,1,Number,2018,3647.356475611203,4724.315808114002,2831.310797015456
1,All Population,2,DALYs (Disability-Adjusted Life Years),88,Malta,3,Both,228,55+ years,697,Falls,2,Percent,2018,0.043246598693103724,0.051088643365258916,0.036593137643610364
1,All Population,2,DALYs (Disability-Adjusted Life Years),88,Malta,3,Both,228,55+ years,697,Falls,3,Rate,2018,2374.0209112303396,3075.0009204513676,1842.8664933773903
1,All Population,2,DALYs (Disability-Adjusted Life Years),93,Sweden,3,Both,228,55+ years,697,Falls,1,Number,2018,107807.19042248132,138090.41213807673,84633.85034667733
1,All Population,2,DALYs (Disability-Adjusted Life Years),93,Sweden,3,Both,228,55+ years,697,Falls,2,Percent,2018,0.055233924709486834,0.06505634241836382,0.04726449380080122
1,All Population,2,DALYs (Disability-Adjusted Life Years),93,Sweden,3,Both,228,55+ years,697,Falls,3,Rate,2018,3367.1731865120373,4313.017816748202,2643.393547701409
1,All Population,2,DALYs (Disability-Adjusted Life Years),367,Monaco,3,Both,228,55+ years,697,Falls,1,Number,2018,318.52710901958534,416.26750801174126,241.82627678946946
1,All Population,2,DALYs (Disability-Adjusted Life Years),367,Monaco,3,Both,228,55+ years,697,Falls,2,Percent,2018,0.03062958925975239,0.03759833735696601,0.024949354525040903
1,All Population,2,DALYs (Disability-Adjusted Life Years),367,Monaco,3,Both,228,55+ years,697,Falls,3,Rate,2018,2096.6748882127795,2740.0419182954533,1591.7988375152631
1,All Population,2,DALYs (Disability-Adjusted Life Years),396,San Marino,3,Both,228,55+ years,697,Falls,1,Number,2018,258.0552753485353,343.3910645038063,191.31320299794055
1,All Population,2,DALYs (Disability-Adjusted Life Years),396,San Marino,3,Both,228,55+ years,697,Falls,2,Percent,2018,0.0473413160054125,0.05676370445961032,0.03909333299320737
1,All Population,2,DALYs (Disability-Adjusted Life Years),396,San Marino,3,Both,228,55+ years,697,Falls,3,Rate,2018,2210.3384991607572,2941.2709703974133,1638.6680621544033
1,All Population,2,DALYs (Disability-Adjusted Life Years),79,Finland,3,Both,228,55+ years,697,Falls,1,Number,2010,77249.24042444146,99962.73323120362,60468.291971711726
1,All Population,2,DALYs (Disability-Adjusted Life Years),79,Finland,3,Both,228,55+ years,697,Falls,2,Percent,2010,0.06823128461468261,0.08102972252230428,0.05798102808864443
1,All Population,2,DALYs (Disability-Adjusted Life Years),79,Finland,3,Both,228,55+ years,697,Falls,3,Rate,2010,4475.097155129097,5790.904100079019,3502.966241367793
1,All Population,2,DALYs (Disability-Adjusted Life Years),81,Germany,3,Both,228,55+ years,697,Falls,1,Number,2010,729641.804658577,934987.8388038755,567587.946400647
1,All Population,2,DALYs (Disability-Adjusted Life Years),81,Germany,3,Both,228,55+ years,697,Falls,2,Percent,2010,0.03913617053756064,0.04673320656282283,0.032778065578382864
1,All Population,2,DALYs (Disability-Adjusted Life Years),81,Germany,3,Both,228,55+ years,697,Falls,3,Rate,2010,2709.7226019154014,3472.3307561967754,2107.8916765963877
1,All Population,2,DALYs (Disability-Adjusted Life Years),90,Norway,3,Both,228,55+ years,697,Falls,1,Number,2010,46065.29588673283,58244.66388393232,36840.05624781136
1,All Population,2,DALYs (Disability-Adjusted Life Years),90,Norway,3,Both,228,55+ years,697,Falls,2,Percent,2010,0.053698246939285835,0.06285834609784216,0.0463590681673986
1,All Population,2,DALYs (Disability-Adjusted Life Years),90,Norway,3,Both,228,55+ years,697,Falls,3,Rate,2010,3516.5688536948155,4446.327044371593,2812.325241282779
1,All Population,2,DALYs (Disability-Adjusted Life Years),83,Iceland,3,Both,228,55+ years,697,Falls,1,Number,2010,1971.5884066225397,2559.5912545160354,1522.0020612532064
1,All Population,2,DALYs (Disability-Adjusted Life Years),83,Iceland,3,Both,228,55+ years,697,Falls,2,Percent,2010,0.04599001216372794,0.0555427239852019,0.03878286837854525
1,All Population,2,DALYs (Disability-Adjusted Life Years),83,Iceland,3,Both,228,55+ years,697,Falls,3,Rate,2010,2755.5237937030847,3577.3260688094324,2127.1746576319133
1,All Population,2,DALYs (Disability-Adjusted Life Years),92,Spain,3,Both,228,55+ years,697,Falls,1,Number,2010,340440.5351309639,455849.7555284698,258227.86092378877
1,All Population,2,DALYs (Disability-Adjusted Life Years),92,Spain,3,Both,228,55+ years,697,Falls,2,Percent,2010,0.04259062299121678,0.052623029888747536,0.035074981236415614
1,All Population,2,DALYs (Disability-Adjusted Life Years),92,Spain,3,Both,228,55+ years,697,Falls,3,Rate,2010,2618.1598188913927,3505.715066852956,1985.902793064453
1,All Population,2,DALYs (Disability-Adjusted Life Years),73,Western Europe,3,Both,228,55+ years,697,Falls,1,Number,2019,4460342.774655604,5686338.898700695,3522493.6109715328
1,All Population,2,DALYs (Disability-Adjusted Life Years),73,Western Europe,3,Both,228,55+ years,697,Falls,2,Percent,2019,0.04940355075899035,0.05771375683768869,0.042238842959806254
1,All Population,2,DALYs (Disability-Adjusted Life Years),73,Western Europe,3,Both,228,55+ years,697,Falls,3,Rate,2019,3073.757704705707,3918.6288777544896,2427.4573555249667
1,All Population,2,DALYs (Disability-Adjusted Life Years),76,Belgium,3,Both,228,55+ years,697,Falls,1,Number,2019,143822.38414955977,183869.42556109358,113351.09942649081
1,All Population,2,DALYs (Disability-Adjusted Life Years),76,Belgium,3,Both,228,55+ years,697,Falls,2,Percent,2019,0.06154169207473984,0.0721728293415374,0.05268160563933674
1,All Population,2,DALYs (Disability-Adjusted Life Years),76,Belgium,3,Both,228,55+ years,697,Falls,3,Rate,2019,3920.642216303264,5012.336823679752,3089.9856674170464
1,All Population,2,DALYs (Disability-Adjusted Life Years),74,Andorra,3,Both,228,55+ years,697,Falls,1,Number,2019,765.396466531677,1012.908873111326,587.2039270168189
1,All Population,2,DALYs (Disability-Adjusted Life Years),74,Andorra,3,Both,228,55+ years,697,Falls,2,Percent,2019,0.06353796824333037,0.0749641302073257,0.0536560575230818
1,All Population,2,DALYs (Disability-Adjusted Life Years),74,Andorra,3,Both,228,55+ years,697,Falls,3,Rate,2019,3222.579800230973,4264.691328867248,2472.3285206626774
1,All Population,2,DALYs (Disability-Adjusted Life Years),75,Austria,3,Both,228,55+ years,697,Falls,1,Number,2019,99664.86784690637,127351.13479419006,78641.85722630177
1,All Population,2,DALYs (Disability-Adjusted Life Years),75,Austria,3,Both,228,55+ years,697,Falls,2,Percent,2019,0.05491621086427607,0.06485878776174356,0.04723905386427345
1,All Population,2,DALYs (Disability-Adjusted Life Years),75,Austria,3,Both,228,55+ years,697,Falls,3,Rate,2019,3461.535738837308,4423.128370056428,2731.3696916303534
1,All Population,2,DALYs (Disability-Adjusted Life Years),80,France,3,Both,228,55+ years,697,Falls,1,Number,2019,899349.9384983067,1147015.422767824,707507.4608173432
1,All Population,2,DALYs (Disability-Adjusted Life Years),80,France,3,Both,228,55+ years,697,Falls,2,Percent,2019,0.06873145866166513,0.08020974672907918,0.05936140254329199
1,All Population,2,DALYs (Disability-Adjusted Life Years),80,France,3,Both,228,55+ years,697,Falls,3,Rate,2019,4105.892972664369,5236.585184787808,3230.0551622075986
1,All Population,2,DALYs (Disability-Adjusted Life Years),78,Denmark,3,Both,228,55+ years,697,Falls,1,Number,2019,55367.96402505777,70618.9185782461,43335.76124568467
1,All Population,2,DALYs (Disability-Adjusted Life Years),78,Denmark,3,Both,228,55+ years,697,Falls,2,Percent,2019,0.04649471595487964,0.054930626989071085,0.03952876674761095
1,All Population,2,DALYs (Disability-Adjusted Life Years),78,Denmark,3,Both,228,55+ years,697,Falls,3,Rate,2019,2981.0424704424645,3802.1624815966925,2333.221873642949
1,All Population,2,DALYs (Disability-Adjusted Life Years),77,Cyprus,3,Both,228,55+ years,697,Falls,1,Number,2019,8774.784679590879,11439.85168682632,6806.991231058782
1,All Population,2,DALYs (Disability-Adjusted Life Years),77,Cyprus,3,Both,228,55+ years,697,Falls,2,Percent,2019,0.04296495671065966,0.05143747280259087,0.035677687331575
1,All Population,2,DALYs (Disability-Adjusted Life Years),77,Cyprus,3,Both,228,55+ years,697,Falls,3,Rate,2019,2745.9896323886833,3579.9982877248103,2130.1864411241127
1,All Population,2,DALYs (Disability-Adjusted Life Years),82,Greece,3,Both,228,55+ years,697,Falls,1,Number,2019,78683.41801958313,101505.31262917687,61735.16121122385
1,All Population,2,DALYs (Disability-Adjusted Life Years),82,Greece,3,Both,228,55+ years,697,Falls,2,Percent,2019,0.031087897333200647,0.0373789272077342,0.026187066202990408
1,All Population,2,DALYs (Disability-Adjusted Life Years),82,Greece,3,Both,228,55+ years,697,Falls,3,Rate,2019,2076.9713735930786,2679.3908285217844,1629.5957370325905
1,All Population,2,DALYs (Disability-Adjusted Life Years),89,Netherlands,3,Both,228,55+ years,697,Falls,1,Number,2019,264495.8317558603,337272.2712202322,209460.01074189314
1,All Population,2,DALYs (Disability-Adjusted Life Years),89,Netherlands,3,Both,228,55+ years,697,Falls,2,Percent,2019,0.07676091381188879,0.08834800002818435,0.06594513396273485
1,All Population,2,DALYs (Disability-Adjusted Life Years),89,Netherlands,3,Both,228,55+ years,697,Falls,3,Rate,2019,4682.767101039511,5971.237751757055,3708.3852731217407
1,All Population,2,DALYs (Disability-Adjusted Life Years),88,Malta,3,Both,228,55+ years,697,Falls,1,Number,2019,3707.567824272802,4798.982657094448,2882.1258916163815
1,All Population,2,DALYs (Disability-Adjusted Life Years),88,Malta,3,Both,228,55+ years,697,Falls,2,Percent,2019,0.04295137202506171,0.0506491720364341,0.036496008740777505
1,All Population,2,DALYs (Disability-Adjusted Life Years),88,Malta,3,Both,228,55+ years,697,Falls,3,Rate,2019,2373.7074376779897,3072.4672794534954,1845.2322356627315
1,All Population,2,DALYs (Disability-Adjusted Life Years),94,Switzerland,3,Both,228,55+ years,697,Falls,1,Number,2019,109917.22304815093,140587.94287633014,86294.44643432021
1,All Population,2,DALYs (Disability-Adjusted Life Years),94,Switzerland,3,Both,228,55+ years,697,Falls,2,Percent,2019,0.07272771289920837,0.0845926713657834,0.06262210284296969
1,All Population,2,DALYs (Disability-Adjusted Life Years),94,Switzerland,3,Both,228,55+ years,697,Falls,3,Rate,2019,3983.679956447113,5095.264915028162,3127.5304004223904
1,All Population,2,DALYs (Disability-Adjusted Life Years),85,Israel,3,Both,228,55+ years,697,Falls,1,Number,2019,33416.75257705087,43804.30690949877,25615.753748797142
1,All Population,2,DALYs (Disability-Adjusted Life Years),85,Israel,3,Both,228,55+ years,697,Falls,2,Percent,2019,0.032911508595980694,0.03938894089847077,0.027496222554515424
1,All Population,2,DALYs (Disability-Adjusted Life Years),85,Israel,3,Both,228,55+ years,697,Falls,3,Rate,2019,1775.6930422310863,2327.6649285295903,1361.1650503251335
1,All Population,2,DALYs (Disability-Adjusted Life Years),84,Ireland,3,Both,228,55+ years,697,Falls,1,Number,2019,32240.351443651016,42200.41193488166,24586.523244567823
1,All Population,2,DALYs (Disability-Adjusted Life Years),84,Ireland,3,Both,228,55+ years,697,Falls,2,Percent,2019,0.045800731591330766,0.05489844035489389,0.03795384658172007
1,All Population,2,DALYs (Disability-Adjusted Life Years),84,Ireland,3,Both,228,55+ years,697,Falls,3,Rate,2019,2552.4012664072093,3340.918446678698,1946.4636784641275
1,All Population,2,DALYs (Disability-Adjusted Life Years),91,Portugal,3,Both,228,55+ years,697,Falls,1,Number,2019,78299.84939519083,101173.35294887127,61957.50134128529
1,All Population,2,DALYs (Disability-Adjusted Life Years),91,Portugal,3,Both,228,55+ years,697,Falls,2,Percent,2019,0.033029729965848825,0.039332695675360914,0.028088666036303434
1,All Population,2,DALYs (Disability-Adjusted Life Years),91,Portugal,3,Both,228,55+ years,697,Falls,3,Rate,2019,2061.0262367679015,2663.107739032384,1630.8592777039814
1,All Population,2,DALYs (Disability-Adjusted Life Years),95,United Kingdom,3,Both,228,55+ years,697,Falls,1,Number,2019,513097.7410305165,654050.8697613563,407872.7686257871
1,All Population,2,DALYs (Disability-Adjusted Life Years),95,United Kingdom,3,Both,228,55+ years,697,Falls,2,Percent,2019,0.03950413331522206,0.046448810999434244,0.03388447266959345
1,All Population,2,DALYs (Disability-Adjusted Life Years),95,United Kingdom,3,Both,228,55+ years,697,Falls,3,Rate,2019,2502.4634583170164,3189.9154304811336,1989.263677284283
1,All Population,2,DALYs (Disability-Adjusted Life Years),87,Luxembourg,3,Both,228,55+ years,697,Falls,1,Number,2019,5474.727233243982,7067.114714243599,4276.5015970144395
1,All Population,2,DALYs (Disability-Adjusted Life Years),87,Luxembourg,3,Both,228,55+ years,697,Falls,2,Percent,2019,0.06054444679395933,0.07083668545985158,0.05191972571090393
1,All Population,2,DALYs (Disability-Adjusted Life Years),87,Luxembourg,3,Both,228,55+ years,697,Falls,3,Rate,2019,3361.38624721301,4339.084158145213,2625.696777567327
1,All Population,2,DALYs (Disability-Adjusted Life Years),86,Italy,3,Both,228,55+ years,697,Falls,1,Number,2019,503536.1514162147,634848.3420855427,400387.8180617471
1,All Population,2,DALYs (Disability-Adjusted Life Years),86,Italy,3,Both,228,55+ years,697,Falls,2,Percent,2019,0.03812464493187137,0.0447919141586724,0.0326136940674546
1,All Population,2,DALYs (Disability-Adjusted Life Years),86,Italy,3,Both,228,55+ years,697,Falls,3,Rate,2019,2299.3145083065197,2898.929896942101,1828.3047134337721
1,All Population,2,DALYs (Disability-Adjusted Life Years),93,Sweden,3,Both,228,55+ years,697,Falls,1,Number,2019,109109.24971157992,139829.49309488473,85643.38234852387
1,All Population,2,DALYs (Disability-Adjusted Life Years),93,Sweden,3,Both,228,55+ years,697,Falls,2,Percent,2019,0.056379721898025356,0.0663250503105135,0.048158528648054706
1,All Population,2,DALYs (Disability-Adjusted Life Years),93,Sweden,3,Both,228,55+ years,697,Falls,3,Rate,2019,3356.6550101184553,4301.737660188999,2634.7471841624542
1,All Population,2,DALYs (Disability-Adjusted Life Years),367,Monaco,3,Both,228,55+ years,697,Falls,1,Number,2019,324.23503476504465,427.0996951648345,249.18371013468334
1,All Population,2,DALYs (Disability-Adjusted Life Years),367,Monaco,3,Both,228,55+ years,697,Falls,2,Percent,2019,0.030848029253917476,0.03733669328117209,0.02517949167847739
1,All Population,2,DALYs (Disability-Adjusted Life Years),367,Monaco,3,Both,228,55+ years,697,Falls,3,Rate,2019,2080.495588189183,2740.539843731841,1598.9191604772004
1,All Population,2,DALYs (Disability-Adjusted Life Years),90,Norway,3,Both,228,55+ years,697,Falls,1,Number,2011,47139.609535747535,59835.443381743054,37680.091081860024
1,All Population,2,DALYs (Disability-Adjusted Life Years),90,Norway,3,Both,228,55+ years,697,Falls,2,Percent,2011,0.05464242040003994,0.06363928857859011,0.04728008712112142
1,All Population,2,DALYs (Disability-Adjusted Life Years),90,Norway,3,Both,228,55+ years,697,Falls,3,Rate,2011,3534.043988326908,4485.847274822377,2824.866405956878
1,All Population,2,DALYs (Disability-Adjusted Life Years),79,Finland,3,Both,228,55+ years,697,Falls,1,Number,2011,78464.6675419833,101917.20798519507,61095.43697406512
1,All Population,2,DALYs (Disability-Adjusted Life Years),79,Finland,3,Both,228,55+ years,697,Falls,2,Percent,2011,0.06874225147284617,0.08142844735630113,0.05834874063075582
1,All Population,2,DALYs (Disability-Adjusted Life Years),79,Finland,3,Both,228,55+ years,697,Falls,3,Rate,2011,4464.909121314233,5799.439235608788,3476.5402360269427
1,All Population,2,DALYs (Disability-Adjusted Life Years),396,San Marino,3,Both,228,55+ years,697,Falls,1,Number,2019,264.1579975216436,350.94114962383424,196.39391376956712
1,All Population,2,DALYs (Disability-Adjusted Life Years),396,San Marino,3,Both,228,55+ years,697,Falls,2,Percent,2019,0.04765979699381066,0.05709868560793521,0.03898455939395673
1,All Population,2,DALYs (Disability-Adjusted Life Years),396,San Marino,3,Both,228,55+ years,697,Falls,3,Rate,2019,2192.048628271676,2912.1967642640884,1629.725442040469
1,All Population,2,DALYs (Disability-Adjusted Life Years),81,Germany,3,Both,228,55+ years,697,Falls,1,Number,2011,748807.7582264466,959083.4716119538,580947.9080310541
1,All Population,2,DALYs (Disability-Adjusted Life Years),81,Germany,3,Both,228,55+ years,697,Falls,2,Percent,2011,0.040210227074222234,0.048053376660175756,0.03368182934162649
1,All Population,2,DALYs (Disability-Adjusted Life Years),81,Germany,3,Both,228,55+ years,697,Falls,3,Rate,2011,2748.4916431508623,3520.3066178868494,2132.363684520565
1,All Population,2,DALYs (Disability-Adjusted Life Years),92,Spain,3,Both,228,55+ years,697,Falls,1,Number,2011,348444.3224827909,466846.6577475689,264345.2803561122
1,All Population,2,DALYs (Disability-Adjusted Life Years),92,Spain,3,Both,228,55+ years,697,Falls,2,Percent,2011,0.042998389219155976,0.052909938273708046,0.035392438829396654
1,All Population,2,DALYs (Disability-Adjusted Life Years),92,Spain,3,Both,228,55+ years,697,Falls,3,Rate,2011,2637.144589805489,3533.253545287941,2000.6545693284063
1,All Population,2,DALYs (Disability-Adjusted Life Years),83,Iceland,3,Both,228,55+ years,697,Falls,1,Number,2011,2050.6765775705603,2682.40180744839,1576.5574566273058
1,All Population,2,DALYs (Disability-Adjusted Life Years),83,Iceland,3,Both,228,55+ years,697,Falls,2,Percent,2011,0.04716140474893059,0.05677471633440632,0.039754454695743374
1,All Population,2,DALYs (Disability-Adjusted Life Years),83,Iceland,3,Both,228,55+ years,697,Falls,3,Rate,2011,2786.640964210626,3645.085159144805,2142.3659094376144
1,All Population,2,DALYs (Disability-Adjusted Life Years),73,Western Europe,3,Both,228,55+ years,697,Falls,1,Number,2020,4547722.6444935985,5790201.538948278,3593563.5544060515
1,All Population,2,DALYs (Disability-Adjusted Life Years),73,Western Europe,3,Both,228,55+ years,697,Falls,2,Percent,2020,0.04671346487984639,0.05471764200487952,0.0399305975433473
1,All Population,2,DALYs (Disability-Adjusted Life Years),73,Western Europe,3,Both,228,55+ years,697,Falls,3,Rate,2020,3084.778686596085,3927.568080711842,2437.5603193353154
1,All Population,2,DALYs (Disability-Adjusted Life Years),76,Belgium,3,Both,228,55+ years,697,Falls,1,Number,2020,145601.16973197088,185694.47602817442,115593.47662068676
1,All Population,2,DALYs (Disability-Adjusted Life Years),76,Belgium,3,Both,228,55+ years,697,Falls,2,Percent,2020,0.0555139558177041,0.06557864271818126,0.04732075598532243
1,All Population,2,DALYs (Disability-Adjusted Life Years),76,Belgium,3,Both,228,55+ years,697,Falls,3,Rate,2020,3919.3124864483448,4998.549667571101,3111.561240238806
1,All Population,2,DALYs (Disability-Adjusted Life Years),87,Luxembourg,3,Both,228,55+ years,697,Falls,1,Number,2020,5657.421421759132,7258.0693543283705,4429.160310767454
1,All Population,2,DALYs (Disability-Adjusted Life Years),87,Luxembourg,3,Both,228,55+ years,697,Falls,2,Percent,2020,0.05798595843791433,0.06818555796806686,0.049298331719357186
1,All Population,2,DALYs (Disability-Adjusted Life Years),87,Luxembourg,3,Both,228,55+ years,697,Falls,3,Rate,2020,3379.020199332347,4335.042615369586,2645.4140571183966
1,All Population,2,DALYs (Disability-Adjusted Life Years),78,Denmark,3,Both,228,55+ years,697,Falls,1,Number,2020,56311.847443229395,72317.28571610281,44029.77909667919
1,All Population,2,DALYs (Disability-Adjusted Life Years),78,Denmark,3,Both,228,55+ years,697,Falls,2,Percent,2020,0.04652377411375832,0.055070687676097185,0.03943732269031727
1,All Population,2,DALYs (Disability-Adjusted Life Years),78,Denmark,3,Both,228,55+ years,697,Falls,3,Rate,2020,2978.9781592396885,3825.6889884664765,2329.238983277683
1,All Population,2,DALYs (Disability-Adjusted Life Years),75,Austria,3,Both,228,55+ years,697,Falls,1,Number,2020,103863.46641697492,132091.2024287424,82338.50210060844
1,All Population,2,DALYs (Disability-Adjusted Life Years),75,Austria,3,Both,228,55+ years,697,Falls,2,Percent,2020,0.05330253375077843,0.062490967118673066,0.045686100725858644
1,All Population,2,DALYs (Disability-Adjusted Life Years),75,Austria,3,Both,228,55+ years,697,Falls,3,Rate,2020,3530.683091353918,4490.242729425661,2798.9741452198896
1,All Population,2,DALYs (Disability-Adjusted Life Years),80,France,3,Both,228,55+ years,697,Falls,1,Number,2020,905812.0384890802,1156558.3093188354,715031.3220360612
1,All Population,2,DALYs (Disability-Adjusted Life Years),80,France,3,Both,228,55+ years,697,Falls,2,Percent,2020,0.06489715723769385,0.07616768116021692,0.05594331055429021
1,All Population,2,DALYs (Disability-Adjusted Life Years),80,France,3,Both,228,55+ years,697,Falls,3,Rate,2020,4079.8907331065775,5209.283303805652,3220.5905206580446
1,All Population,2,DALYs (Disability-Adjusted Life Years),77,Cyprus,3,Both,228,55+ years,697,Falls,1,Number,2020,8675.179439340456,11447.889289317642,6765.0134490240325
1,All Population,2,DALYs (Disability-Adjusted Life Years),77,Cyprus,3,Both,228,55+ years,697,Falls,2,Percent,2020,0.04186398914784733,0.05028239320503806,0.03452056263971264
1,All Population,2,DALYs (Disability-Adjusted Life Years),77,Cyprus,3,Both,228,55+ years,697,Falls,3,Rate,2020,2734.718356024258,3608.772959238131,2132.567584008789
1,All Population,2,DALYs (Disability-Adjusted Life Years),86,Italy,3,Both,228,55+ years,697,Falls,1,Number,2020,519057.09222736844,652826.1270122675,414645.8785214373
1,All Population,2,DALYs (Disability-Adjusted Life Years),86,Italy,3,Both,228,55+ years,697,Falls,2,Percent,2020,0.03516013096764604,0.04134020132036021,0.030082638481972356
1,All Population,2,DALYs (Disability-Adjusted Life Years),86,Italy,3,Both,228,55+ years,697,Falls,3,Rate,2020,2333.697216674772,2935.127057109443,1864.2610747475737
1,All Population,2,DALYs (Disability-Adjusted Life Years),94,Switzerland,3,Both,228,55+ years,697,Falls,1,Number,2020,112007.18060429332,143112.6727059903,88266.54519453576
1,All Population,2,DALYs (Disability-Adjusted Life Years),94,Switzerland,3,Both,228,55+ years,697,Falls,2,Percent,2020,0.06840660721739572,0.07954910554592659,0.05868525376488096
1,All Population,2,DALYs (Disability-Adjusted Life Years),94,Switzerland,3,Both,228,55+ years,697,Falls,3,Rate,2020,3980.6582474536362,5086.126066638956,3136.9323752927335
1,All Population,2,DALYs (Disability-Adjusted Life Years),89,Netherlands,3,Both,228,55+ years,697,Falls,1,Number,2020,268906.47739893623,342498.354170232,212953.05381043107
1,All Population,2,DALYs (Disability-Adjusted Life Years),89,Netherlands,3,Both,228,55+ years,697,Falls,2,Percent,2020,0.07223027617414493,0.08336006624028942,0.06190682155032811
1,All Population,2,DALYs (Disability-Adjusted Life Years),89,Netherlands,3,Both,228,55+ years,697,Falls,3,Rate,2020,4676.48559771374,5956.30360417672,3703.4135390357824
1,All Population,2,DALYs (Disability-Adjusted Life Years),85,Israel,3,Both,228,55+ years,697,Falls,1,Number,2020,33864.84780617834,44592.18806286286,25990.99470713037
1,All Population,2,DALYs (Disability-Adjusted Life Years),85,Israel,3,Both,228,55+ years,697,Falls,2,Percent,2020,0.03147357939077515,0.037875787890308696,0.026208823108297506
1,All Population,2,DALYs (Disability-Adjusted Life Years),85,Israel,3,Both,228,55+ years,697,Falls,3,Rate,2020,1765.4219217229947,2324.6531859331126,1354.946937484329
1,All Population,2,DALYs (Disability-Adjusted Life Years),88,Malta,3,Both,228,55+ years,697,Falls,1,Number,2020,3797.8212010228144,4885.83124024903,2957.6339505186484
1,All Population,2,DALYs (Disability-Adjusted Life Years),88,Malta,3,Both,228,55+ years,697,Falls,2,Percent,2020,0.04124903393384667,0.04876665458677487,0.03491408852152671
1,All Population,2,DALYs (Disability-Adjusted Life Years),88,Malta,3,Both,228,55+ years,697,Falls,3,Rate,2020,2391.937532204025,3077.186234154258,1862.7721733875057
1,All Population,2,DALYs (Disability-Adjusted Life Years),84,Ireland,3,Both,228,55+ years,697,Falls,1,Number,2020,33273.54211447396,43499.5084575754,25429.6429014803
1,All Population,2,DALYs (Disability-Adjusted Life Years),84,Ireland,3,Both,228,55+ years,697,Falls,2,Percent,2020,0.04517382366571904,0.0540259087044884,0.03747751829645339
1,All Population,2,DALYs (Disability-Adjusted Life Years),84,Ireland,3,Both,228,55+ years,697,Falls,3,Rate,2020,2563.860755966905,3351.812748235,1959.456653248726
1,All Population,2,DALYs (Disability-Adjusted Life Years),82,Greece,3,Both,228,55+ years,697,Falls,1,Number,2020,81724.78490038053,104510.9885250806,64548.395742410896
1,All Population,2,DALYs (Disability-Adjusted Life Years),82,Greece,3,Both,228,55+ years,697,Falls,2,Percent,2020,0.03090392541389649,0.03692036375831175,0.026012423477636878
1,All Population,2,DALYs (Disability-Adjusted Life Years),82,Greece,3,Both,228,55+ years,697,Falls,3,Rate,2020,2135.5602202694818,2730.9892579988095,1686.7219216023036
1,All Population,2,DALYs (Disability-Adjusted Life Years),91,Portugal,3,Both,228,55+ years,697,Falls,1,Number,2020,79777.00803118167,102133.49785278684,62856.5242613273
1,All Population,2,DALYs (Disability-Adjusted Life Years),91,Portugal,3,Both,228,55+ years,697,Falls,2,Percent,2020,0.03140407026203372,0.03766015582862451,0.02645613673719168
1,All Population,2,DALYs (Disability-Adjusted Life Years),91,Portugal,3,Both,228,55+ years,697,Falls,3,Rate,2020,2073.00116558162,2653.933323884508,1633.3233255277157
1,All Population,2,DALYs (Disability-Adjusted Life Years),95,United Kingdom,3,Both,228,55+ years,697,Falls,1,Number,2020,528647.7866865383,671763.1169712256,420635.9033682082
1,All Population,2,DALYs (Disability-Adjusted Life Years),95,United Kingdom,3,Both,228,55+ years,697,Falls,2,Percent,2020,0.036751415553701025,0.04350978829914173,0.03139588057231809
1,All Population,2,DALYs (Disability-Adjusted Life Years),95,United Kingdom,3,Both,228,55+ years,697,Falls,3,Rate,2020,2531.944791934392,3217.391935166541,2014.6246927640345
1,All Population,2,DALYs (Disability-Adjusted Life Years),93,Sweden,3,Both,228,55+ years,697,Falls,1,Number,2020,111273.4351929769,142741.59755069646,87359.63712967107
1,All Population,2,DALYs (Disability-Adjusted Life Years),93,Sweden,3,Both,228,55+ years,697,Falls,2,Percent,2020,0.05352049990453206,0.0631690735608591,0.0457148120032989
1,All Population,2,DALYs (Disability-Adjusted Life Years),93,Sweden,3,Both,228,55+ years,697,Falls,3,Rate,2020,3372.278839702457,4325.960352807724,2647.5416637004196
1,All Population,2,DALYs (Disability-Adjusted Life Years),74,Andorra,3,Both,228,55+ years,697,Falls,1,Number,2020,786.2512425035493,1037.4239852262276,603.0311224520191
1,All Population,2,DALYs (Disability-Adjusted Life Years),74,Andorra,3,Both,228,55+ years,697,Falls,2,Percent,2020,0.05752422540151076,0.06815052429493147,0.04836241583183935
1,All Population,2,DALYs (Disability-Adjusted Life Years),74,Andorra,3,Both,228,55+ years,697,Falls,3,Rate,2020,3179.0205409047257,4194.577992856439,2438.213412516354
1,All Population,2,DALYs (Disability-Adjusted Life Years),79,Finland,3,Both,228,55+ years,697,Falls,1,Number,2012,78988.54056248831,102643.35891568825,61541.5579305695
1,All Population,2,DALYs (Disability-Adjusted Life Years),79,Finland,3,Both,228,55+ years,697,Falls,2,Percent,2012,0.06837539316289835,0.0807519908834379,0.05799202878821319
1,All Population,2,DALYs (Disability-Adjusted Life Years),79,Finland,3,Both,228,55+ years,697,Falls,3,Rate,2012,4422.381324232061,5746.758584127569,3445.5660848802313
1,All Population,2,DALYs (Disability-Adjusted Life Years),90,Norway,3,Both,228,55+ years,697,Falls,1,Number,2012,49082.54125940814,62329.68967451893,39341.44627951419
1,All Population,2,DALYs (Disability-Adjusted Life Years),90,Norway,3,Both,228,55+ years,697,Falls,2,Percent,2012,0.05605056363781783,0.06515901117360978,0.04873902864344089
1,All Population,2,DALYs (Disability-Adjusted Life Years),90,Norway,3,Both,228,55+ years,697,Falls,3,Rate,2012,3606.1234568577897,4579.399318507489,2890.4394233677335
1,All Population,2,DALYs (Disability-Adjusted Life Years),81,Germany,3,Both,228,55+ years,697,Falls,1,Number,2012,778549.9739778893,1004925.350851746,608989.3918038341
1,All Population,2,DALYs (Disability-Adjusted Life Years),81,Germany,3,Both,228,55+ years,697,Falls,2,Percent,2012,0.04114073783590046,0.04920995657673418,0.03476455645708425
1,All Population,2,DALYs (Disability-Adjusted Life Years),81,Germany,3,Both,228,55+ years,697,Falls,3,Rate,2012,2818.7619538722815,3638.360336703449,2204.863124145732
1,All Population,2,DALYs (Disability-Adjusted Life Years),367,Monaco,3,Both,228,55+ years,697,Falls,1,Number,2020,319.02225077160574,417.0072881179368,243.73343775704095
1,All Population,2,DALYs (Disability-Adjusted Life Years),367,Monaco,3,Both,228,55+ years,697,Falls,2,Percent,2020,0.028655638663092373,0.0351123050516896,0.023341071545565917
1,All Population,2,DALYs (Disability-Adjusted Life Years),367,Monaco,3,Both,228,55+ years,697,Falls,3,Rate,2020,2036.4846576416633,2661.9740232003905,1555.8770754890909
1,All Population,2,DALYs (Disability-Adjusted Life Years),92,Spain,3,Both,228,55+ years,697,Falls,1,Number,2012,354325.19078361685,472658.05139358796,268392.130064786
1,All Population,2,DALYs (Disability-Adjusted Life Years),92,Spain,3,Both,228,55+ years,697,Falls,2,Percent,2012,0.042597864412929586,0.05225740427785083,0.03496638078136837
1,All Population,2,DALYs (Disability-Adjusted Life Years),92,Spain,3,Both,228,55+ years,697,Falls,3,Rate,2012,2637.7982846457057,3518.7354148674776,1998.063696040305
1,All Population,2,DALYs (Disability-Adjusted Life Years),396,San Marino,3,Both,228,55+ years,697,Falls,1,Number,2020,263.0058961181411,351.98993494581276,195.33239961073724
1,All Population,2,DALYs (Disability-Adjusted Life Years),396,San Marino,3,Both,228,55+ years,697,Falls,2,Percent,2020,0.03976319773164287,0.04858772301347447,0.032702249190404584
1,All Population,2,DALYs (Disability-Adjusted Life Years),396,San Marino,3,Both,228,55+ years,697,Falls,3,Rate,2020,2133.9671115426463,2855.9623789992656,1584.880501693313
1,All Population,2,DALYs (Disability-Adjusted Life Years),83,Iceland,3,Both,228,55+ years,697,Falls,1,Number,2012,2124.9138349208993,2767.6448291860247,1635.851459726418
1,All Population,2,DALYs (Disability-Adjusted Life Years),83,Iceland,3,Both,228,55+ years,697,Falls,2,Percent,2012,0.04813019244897985,0.05791995938771839,0.04055280176264367
1,All Population,2,DALYs (Disability-Adjusted Life Years),83,Iceland,3,Both,228,55+ years,697,Falls,3,Rate,2012,2805.9324822150293,3654.6538489343557,2160.129352772599
1,All Population,2,DALYs (Disability-Adjusted Life Years),74,Andorra,3,Both,228,55+ years,697,Falls,1,Number,2021,809.327653203376,1066.5758092154922,622.8790530408626
1,All Population,2,DALYs (Disability-Adjusted Life Years),74,Andorra,3,Both,228,55+ years,697,Falls,2,Percent,2021,0.05911420508944608,0.0696791226741063,0.04961500680122058
1,All Population,2,DALYs (Disability-Adjusted Life Years),74,Andorra,3,Both,228,55+ years,697,Falls,3,Rate,2021,3146.218816761384,4146.257535096272,2421.4096595945875
1,All Population,2,DALYs (Disability-Adjusted Life Years),75,Austria,3,Both,228,55+ years,697,Falls,1,Number,2021,105404.73541248332,134502.65209114793,83603.8460336764
1,All Population,2,DALYs (Disability-Adjusted Life Years),75,Austria,3,Both,228,55+ years,697,Falls,2,Percent,2021,0.05314007403347835,0.0626178108702587,0.04552023590842082
1,All Population,2,DALYs (Disability-Adjusted Life Years),75,Austria,3,Both,228,55+ years,697,Falls,3,Rate,2021,3516.7037259784915,4487.521133769757,2789.342961700954
1,All Population,2,DALYs (Disability-Adjusted Life Years),73,Western Europe,3,Both,228,55+ years,697,Falls,1,Number,2021,4667106.230219138,5941392.746292371,3687170.95874032
1,All Population,2,DALYs (Disability-Adjusted Life Years),73,Western Europe,3,Both,228,55+ years,697,Falls,2,Percent,2021,0.047977885467980035,0.05621685967857619,0.04112485981280882
1,All Population,2,DALYs (Disability-Adjusted Life Years),73,Western Europe,3,Both,228,55+ years,697,Falls,3,Rate,2021,3121.4277367481677,3973.6888766555035,2466.032940545254
1,All Population,2,DALYs (Disability-Adjusted Life Years),76,Belgium,3,Both,228,55+ years,697,Falls,1,Number,2021,145576.6119084854,186203.74827479472,115039.45283941356
1,All Population,2,DALYs (Disability-Adjusted Life Years),76,Belgium,3,Both,228,55+ years,697,Falls,2,Percent,2021,0.059454919047580795,0.07029862185607468,0.051030491641659535
1,All Population,2,DALYs (Disability-Adjusted Life Years),76,Belgium,3,Both,228,55+ years,697,Falls,3,Rate,2021,3879.432882437772,4962.094765225803,3065.6561536369745
1,All Population,2,DALYs (Disability-Adjusted Life Years),85,Israel,3,Both,228,55+ years,697,Falls,1,Number,2021,35413.08464899685,46724.82312459082,27029.742619222066
1,All Population,2,DALYs (Disability-Adjusted Life Years),85,Israel,3,Both,228,55+ years,697,Falls,2,Percent,2021,0.03196305779238867,0.03869959241516652,0.026518204063839916
1,All Population,2,DALYs (Disability-Adjusted Life Years),85,Israel,3,Both,228,55+ years,697,Falls,3,Rate,2021,1808.9468740790614,2386.765331822624,1380.71475283327
1,All Population,2,DALYs (Disability-Adjusted Life Years),77,Cyprus,3,Both,228,55+ years,697,Falls,1,Number,2021,9171.642582523833,12067.26236760754,7078.645878517205
1,All Population,2,DALYs (Disability-Adjusted Life Years),77,Cyprus,3,Both,228,55+ years,697,Falls,2,Percent,2021,0.040927846990511545,0.049444524377821535,0.033751796230726265
1,All Population,2,DALYs (Disability-Adjusted Life Years),77,Cyprus,3,Both,228,55+ years,697,Falls,3,Rate,2021,2776.6474013200723,3653.2750150894717,2143.008027907827
1,All Population,2,DALYs (Disability-Adjusted Life Years),86,Italy,3,Both,228,55+ years,697,Falls,1,Number,2021,523424.5582583778,658348.0715661035,417562.46178509877
1,All Population,2,DALYs (Disability-Adjusted Life Years),86,Italy,3,Both,228,55+ years,697,Falls,2,Percent,2021,0.036393474779903005,0.042662348151167775,0.031198492042681516
1,All Population,2,DALYs (Disability-Adjusted Life Years),86,Italy,3,Both,228,55+ years,697,Falls,3,Rate,2021,2327.573621281866,2927.553896396725,1856.8241706548874
1,All Population,2,DALYs (Disability-Adjusted Life Years),89,Netherlands,3,Both,228,55+ years,697,Falls,1,Number,2021,282707.3279361987,358557.25477327977,225170.36602594846
1,All Population,2,DALYs (Disability-Adjusted Life Years),89,Netherlands,3,Both,228,55+ years,697,Falls,2,Percent,2021,0.07413244473640274,0.0857247173932044,0.06383497338247819
1,All Population,2,DALYs (Disability-Adjusted Life Years),89,Netherlands,3,Both,228,55+ years,697,Falls,3,Rate,2021,4833.794653841997,6130.694078119148,3850.014498900822
1,All Population,2,DALYs (Disability-Adjusted Life Years),80,France,3,Both,228,55+ years,697,Falls,1,Number,2021,916727.8347267557,1170368.4372014985,723776.1364749598
1,All Population,2,DALYs (Disability-Adjusted Life Years),80,France,3,Both,228,55+ years,697,Falls,2,Percent,2021,0.06604823403798878,0.07737647492354421,0.05715686195097367
1,All Population,2,DALYs (Disability-Adjusted Life Years),80,France,3,Both,228,55+ years,697,Falls,3,Rate,2021,4058.1051933038707,5180.903266128041,3203.960419827231
1,All Population,2,DALYs (Disability-Adjusted Life Years),78,Denmark,3,Both,228,55+ years,697,Falls,1,Number,2021,58760.156749634785,75326.94578460288,46223.494520694134
1,All Population,2,DALYs (Disability-Adjusted Life Years),78,Denmark,3,Both,228,55+ years,697,Falls,2,Percent,2021,0.046905260859536786,0.05560155115478925,0.03988071539943102
1,All Population,2,DALYs (Disability-Adjusted Life Years),78,Denmark,3,Both,228,55+ years,697,Falls,3,Rate,2021,3048.7550308244195,3908.318452858343,2398.2936611741957
1,All Population,2,DALYs (Disability-Adjusted Life Years),84,Ireland,3,Both,228,55+ years,697,Falls,1,Number,2021,34482.05863625378,45174.84767578145,26275.44987029832
1,All Population,2,DALYs (Disability-Adjusted Life Years),84,Ireland,3,Both,228,55+ years,697,Falls,2,Percent,2021,0.04581820833862287,0.05476685828795878,0.0381380835757628
1,All Population,2,DALYs (Disability-Adjusted Life Years),84,Ireland,3,Both,228,55+ years,697,Falls,3,Rate,2021,2588.635907382216,3391.364594487989,1972.549659357148
1,All Population,2,DALYs (Disability-Adjusted Life Years),87,Luxembourg,3,Both,228,55+ years,697,Falls,1,Number,2021,5819.056631503165,7446.3080111818945,4538.849830521365
1,All Population,2,DALYs (Disability-Adjusted Life Years),87,Luxembourg,3,Both,228,55+ years,697,Falls,2,Percent,2021,0.060146122424386925,0.07033958729046677,0.05161718930959423
1,All Population,2,DALYs (Disability-Adjusted Life Years),87,Luxembourg,3,Both,228,55+ years,697,Falls,3,Rate,2021,3394.1865968036145,4343.342993157335,2647.457179958811
1,All Population,2,DALYs (Disability-Adjusted Life Years),88,Malta,3,Both,228,55+ years,697,Falls,1,Number,2021,3872.603427776158,5037.3209303192325,3034.357832732639
1,All Population,2,DALYs (Disability-Adjusted Life Years),88,Malta,3,Both,228,55+ years,697,Falls,2,Percent,2021,0.04175586746044143,0.049428940084959114,0.035343796754554624
1,All Population,2,DALYs (Disability-Adjusted Life Years),88,Malta,3,Both,228,55+ years,697,Falls,3,Rate,2021,2415.5165212905663,3142.003088402,1892.6651316533348
1,All Population,2,DALYs (Disability-Adjusted Life Years),91,Portugal,3,Both,228,55+ years,697,Falls,1,Number,2021,80426.87702044722,103563.68469010181,63005.67309023005
1,All Population,2,DALYs (Disability-Adjusted Life Years),91,Portugal,3,Both,228,55+ years,697,Falls,2,Percent,2021,0.031262623911296084,0.03763718450766891,0.026325705598331917
1,All Population,2,DALYs (Disability-Adjusted Life Years),91,Portugal,3,Both,228,55+ years,697,Falls,3,Rate,2021,2070.9577323084804,2666.7206478848684,1622.3691718421353
1,All Population,2,DALYs (Disability-Adjusted Life Years),82,Greece,3,Both,228,55+ years,697,Falls,1,Number,2021,84576.61904104294,108481.75361779469,66419.95108902319
1,All Population,2,DALYs (Disability-Adjusted Life Years),82,Greece,3,Both,228,55+ years,697,Falls,2,Percent,2021,0.029705601202247033,0.03562050328266797,0.024881634669990174
1,All Population,2,DALYs (Disability-Adjusted Life Years),82,Greece,3,Both,228,55+ years,697,Falls,3,Rate,2021,2192.1275748556345,2811.720853476791,1721.5278637722993
1,All Population,2,DALYs (Disability-Adjusted Life Years),94,Switzerland,3,Both,228,55+ years,697,Falls,1,Number,2021,114503.41343304393,145958.5903742617,90095.70739392046
1,All Population,2,DALYs (Disability-Adjusted Life Years),94,Switzerland,3,Both,228,55+ years,697,Falls,2,Percent,2021,0.07129933088243254,0.08277494884091041,0.06118964829363914
1,All Population,2,DALYs (Disability-Adjusted Life Years),94,Switzerland,3,Both,228,55+ years,697,Falls,3,Rate,2021,3997.0357115056067,5095.059445263503,3145.02204877445
1,All Population,2,DALYs (Disability-Adjusted Life Years),95,United Kingdom,3,Both,228,55+ years,697,Falls,1,Number,2021,544464.9047830333,693651.9743212142,430783.9010881652
1,All Population,2,DALYs (Disability-Adjusted Life Years),95,United Kingdom,3,Both,228,55+ years,697,Falls,2,Percent,2021,0.0382419960556193,0.045192732401392925,0.03263693696179208
1,All Population,2,DALYs (Disability-Adjusted Life Years),95,United Kingdom,3,Both,228,55+ years,697,Falls,3,Rate,2021,2568.9230470803054,3272.8253517030967,2032.5473360997353
1,All Population,2,DALYs (Disability-Adjusted Life Years),93,Sweden,3,Both,228,55+ years,697,Falls,1,Number,2021,114547.11765136446,146391.94109872778,90431.09507202033
1,All Population,2,DALYs (Disability-Adjusted Life Years),93,Sweden,3,Both,228,55+ years,697,Falls,2,Percent,2021,0.05682073456120401,0.06661124341933011,0.048494679169517725
1,All Population,2,DALYs (Disability-Adjusted Life Years),93,Sweden,3,Both,228,55+ years,697,Falls,3,Rate,2021,3425.6376381200002,4377.986575546755,2704.42564847402
1,All Population,2,DALYs (Disability-Adjusted Life Years),79,Finland,3,Both,228,55+ years,697,Falls,1,Number,2013,78645.45372321474,102202.05237839407,61148.751690490215
1,All Population,2,DALYs (Disability-Adjusted Life Years),79,Finland,3,Both,228,55+ years,697,Falls,2,Percent,2013,0.06775729266949046,0.08013062866215553,0.05739087208962926
1,All Population,2,DALYs (Disability-Adjusted Life Years),79,Finland,3,Both,228,55+ years,697,Falls,3,Rate,2013,4346.153632871591,5647.9529356466055,3379.2400796683137
1,All Population,2,DALYs (Disability-Adjusted Life Years),90,Norway,3,Both,228,55+ years,697,Falls,1,Number,2013,50047.82858937059,63479.48357641334,40259.48137135518
1,All Population,2,DALYs (Disability-Adjusted Life Years),90,Norway,3,Both,228,55+ years,697,Falls,2,Percent,2013,0.05746862653862279,0.06668850932180924,0.05002430936313174
1,All Population,2,DALYs (Disability-Adjusted Life Years),90,Norway,3,Both,228,55+ years,697,Falls,3,Rate,2013,3617.56960914753,4588.439839709354,2910.045858013264
1,All Population,2,DALYs (Disability-Adjusted Life Years),367,Monaco,3,Both,228,55+ years,697,Falls,1,Number,2021,341.20458341543866,441.18104825100534,262.3143670686117
1,All Population,2,DALYs (Disability-Adjusted Life Years),367,Monaco,3,Both,228,55+ years,697,Falls,2,Percent,2021,0.028504248849697978,0.03536789168503397,0.023195086934768547
1,All Population,2,DALYs (Disability-Adjusted Life Years),367,Monaco,3,Both,228,55+ years,697,Falls,3,Rate,2021,2119.035999329087,2739.9354197049242,1629.0917941240702
1,All Population,2,DALYs (Disability-Adjusted Life Years),81,Germany,3,Both,228,55+ years,697,Falls,1,Number,2013,809957.4921189699,1041714.2565285636,632429.7849357201
1,All Population,2,DALYs (Disability-Adjusted Life Years),81,Germany,3,Both,228,55+ years,697,Falls,2,Percent,2013,0.04182640373854782,0.04970286759409932,0.035420000722027285
1,All Population,2,DALYs (Disability-Adjusted Life Years),81,Germany,3,Both,228,55+ years,697,Falls,3,Rate,2013,2894.5330215852796,3722.758717484878,2260.104899507039
1,All Population,2,DALYs (Disability-Adjusted Life Years),396,San Marino,3,Both,228,55+ years,697,Falls,1,Number,2021,279.4895005060087,373.11683837135513,207.8921689173021
1,All Population,2,DALYs (Disability-Adjusted Life Years),396,San Marino,3,Both,228,55+ years,697,Falls,2,Percent,2021,0.04205571566393417,0.050669007645136266,0.03395254999454714
1,All Population,2,DALYs (Disability-Adjusted Life Years),396,San Marino,3,Both,228,55+ years,697,Falls,3,Rate,2021,2186.057616755408,2918.3740533532537,1626.0512774278598
1,All Population,2,DALYs (Disability-Adjusted Life Years),92,Spain,3,Both,228,55+ years,697,Falls,1,Number,2013,358539.31065513944,475605.6064197817,271462.4658727122
1,All Population,2,DALYs (Disability-Adjusted Life Years),92,Spain,3,Both,228,55+ years,697,Falls,2,Percent,2013,0.04354050399652275,0.05306681486172117,0.03589362961361489
1,All Population,2,DALYs (Disability-Adjusted Life Years),92,Spain,3,Both,228,55+ years,697,Falls,3,Rate,2013,2631.016203147979,3490.066555078676,1992.0330212956326
1,All Population,2,DALYs (Disability-Adjusted Life Years),83,Iceland,3,Both,228,55+ years,697,Falls,1,Number,2013,2214.6686858006115,2883.9473515919303,1708.1125079820547
1,All Population,2,DALYs (Disability-Adjusted Life Years),83,Iceland,3,Both,228,55+ years,697,Falls,2,Percent,2013,0.04909352059636196,0.05930897330787002,0.04135003916499727
1,All Population,2,DALYs (Disability-Adjusted Life Years),83,Iceland,3,Both,228,55+ years,697,Falls,3,Rate,2013,2843.04505845307,3702.2207065786088,2192.761768943652
1,All Population,2,DALYs (Disability-Adjusted Life Years),74,Andorra,3,Both,228,55+ years,697,Falls,1,Number,2022,847.815469185329,1113.2578042097016,653.5711361152221
1,All Population,2,DALYs (Disability-Adjusted Life Years),74,Andorra,3,Both,228,55+ years,697,Falls,2,Percent,2022,0.05890885406348006,0.07002832076259637,0.04979266269357752
1,All Population,2,DALYs (Disability-Adjusted Life Years),74,Andorra,3,Both,228,55+ years,697,Falls,3,Rate,2022,3157.6098631633167,4146.22515226562,2434.1649105073802
1,All Population,2,DALYs (Disability-Adjusted Life Years),75,Austria,3,Both,228,55+ years,697,Falls,1,Number,2022,110158.86167839613,140189.37050828856,87546.49958741068
1,All Population,2,DALYs (Disability-Adjusted Life Years),75,Austria,3,Both,228,55+ years,697,Falls,2,Percent,2022,0.05545187636081568,0.06502262988900631,0.04759287664170775
1,All Population,2,DALYs (Disability-Adjusted Life Years),75,Austria,3,Both,228,55+ years,697,Falls,3,Rate,2022,3599.2311182584594,4580.4208312861665,2860.4152295031026
1,All Population,2,DALYs (Disability-Adjusted Life Years),85,Israel,3,Both,228,55+ years,697,Falls,1,Number,2022,37607.45048200159,49695.10577376365,28802.35610078896
1,All Population,2,DALYs (Disability-Adjusted Life Years),85,Israel,3,Both,228,55+ years,697,Falls,2,Percent,2022,0.03348795462662156,0.04034370586448281,0.027775823347119574
1,All Population,2,DALYs (Disability-Adjusted Life Years),85,Israel,3,Both,228,55+ years,697,Falls,3,Rate,2022,1875.526971269558,2478.3522952026137,1436.4067494815433
1,All Population,2,DALYs (Disability-Adjusted Life Years),76,Belgium,3,Both,228,55+ years,697,Falls,1,Number,2022,152197.32042617942,194482.3917346495,120428.98391895236
1,All Population,2,DALYs (Disability-Adjusted Life Years),76,Belgium,3,Both,228,55+ years,697,Falls,2,Percent,2022,0.06070659629453604,0.07155923347675437,0.05242381962569123
1,All Population,2,DALYs (Disability-Adjusted Life Years),76,Belgium,3,Both,228,55+ years,697,Falls,3,Rate,2022,3990.1306652961844,5098.711021636943,3157.2657151907233
1,All Population,2,DALYs (Disability-Adjusted Life Years),73,Western Europe,3,Both,228,55+ years,697,Falls,1,Number,2022,4908073.628376145,6221352.638249359,3894293.514822689
1,All Population,2,DALYs (Disability-Adjusted Life Years),73,Western Europe,3,Both,228,55+ years,697,Falls,2,Percent,2022,0.049365227801907656,0.057676799302232684,0.042246879063220166
1,All Population,2,DALYs (Disability-Adjusted Life Years),73,Western Europe,3,Both,228,55+ years,697,Falls,3,Rate,2022,3227.727394698421,4091.387347259616,2561.0287889972697
1,All Population,2,DALYs (Disability-Adjusted Life Years),77,Cyprus,3,Both,228,55+ years,697,Falls,1,Number,2022,9635.333611961109,12502.422855938752,7376.834770425873
1,All Population,2,DALYs (Disability-Adjusted Life Years),77,Cyprus,3,Both,228,55+ years,697,Falls,2,Percent,2022,0.04238435721178742,0.05079105267862475,0.03482319251692087
1,All Population,2,DALYs (Disability-Adjusted Life Years),77,Cyprus,3,Both,228,55+ years,697,Falls,3,Rate,2022,2813.808531067762,3651.085214878915,2154.258632366845
1,All Population,2,DALYs (Disability-Adjusted Life Years),89,Netherlands,3,Both,228,55+ years,697,Falls,1,Number,2022,305093.8464453944,382452.968146653,245579.90957324818
1,All Population,2,DALYs (Disability-Adjusted Life Years),89,Netherlands,3,Both,228,55+ years,697,Falls,2,Percent,2022,0.07980607723491813,0.09099565959621136,0.06900856422672985
1,All Population,2,DALYs (Disability-Adjusted Life Years),89,Netherlands,3,Both,228,55+ years,697,Falls,3,Rate,2022,5122.357841064829,6421.1749369883055,4123.151581281292
1,All Population,2,DALYs (Disability-Adjusted Life Years),84,Ireland,3,Both,228,55+ years,697,Falls,1,Number,2022,36800.86070803909,48142.94058128318,28173.731453654495
1,All Population,2,DALYs (Disability-Adjusted Life Years),84,Ireland,3,Both,228,55+ years,697,Falls,2,Percent,2022,0.046296124960274444,0.05546657976671239,0.03847600281201931
1,All Population,2,DALYs (Disability-Adjusted Life Years),84,Ireland,3,Both,228,55+ years,697,Falls,3,Rate,2022,2688.4191028826854,3516.993859314664,2058.180063787085
1,All Population,2,DALYs (Disability-Adjusted Life Years),87,Luxembourg,3,Both,228,55+ years,697,Falls,1,Number,2022,6153.569348021666,7808.455109297901,4845.192436159611
1,All Population,2,DALYs (Disability-Adjusted Life Years),87,Luxembourg,3,Both,228,55+ years,697,Falls,2,Percent,2022,0.06328116929530858,0.07378503838607695,0.054085198019451955
1,All Population,2,DALYs (Disability-Adjusted Life Years),87,Luxembourg,3,Both,228,55+ years,697,Falls,3,Rate,2022,3493.921235555904,4433.54508258397,2751.040865168013
1,All Population,2,DALYs (Disability-Adjusted Life Years),78,Denmark,3,Both,228,55+ years,697,Falls,1,Number,2022,60916.657388881074,78184.375185827,47683.749765149725
1,All Population,2,DALYs (Disability-Adjusted Life Years),78,Denmark,3,Both,228,55+ years,697,Falls,2,Percent,2022,0.04690383076118632,0.05540962597415518,0.03999898419403796
1,All Population,2,DALYs (Disability-Adjusted Life Years),78,Denmark,3,Both,228,55+ years,697,Falls,3,Rate,2022,3103.4019546309214,3983.106643956808,2429.2508579485534
1,All Population,2,DALYs (Disability-Adjusted Life Years),86,Italy,3,Both,228,55+ years,697,Falls,1,Number,2022,538886.6593417226,677685.8025069655,430600.5882572172
1,All Population,2,DALYs (Disability-Adjusted Life Years),86,Italy,3,Both,228,55+ years,697,Falls,2,Percent,2022,0.036765772612752774,0.04302429478866219,0.03147200657571406
1,All Population,2,DALYs (Disability-Adjusted Life Years),86,Italy,3,Both,228,55+ years,697,Falls,3,Rate,2022,2359.825589533045,2967.6375740544436,1885.6326639791607
1,All Population,2,DALYs (Disability-Adjusted Life Years),91,Portugal,3,Both,228,55+ years,697,Falls,1,Number,2022,83952.55216216862,108347.55050215038,66311.81553827327
1,All Population,2,DALYs (Disability-Adjusted Life Years),91,Portugal,3,Both,228,55+ years,697,Falls,2,Percent,2022,0.03234237502922961,0.038964417525110394,0.027364473587859626
1,All Population,2,DALYs (Disability-Adjusted Life Years),91,Portugal,3,Both,228,55+ years,697,Falls,3,Rate,2022,2135.1736554360937,2755.614088019017,1686.5150365882757
1,All Population,2,DALYs (Disability-Adjusted Life Years),80,France,3,Both,228,55+ years,697,Falls,1,Number,2022,961554.3016720115,1224649.7926169883,766194.1213473922
1,All Population,2,DALYs (Disability-Adjusted Life Years),80,France,3,Both,228,55+ years,697,Falls,2,Percent,2022,0.06650098456745632,0.07755505614421496,0.05739870067046298
1,All Population,2,DALYs (Disability-Adjusted Life Years),80,France,3,Both,228,55+ years,697,Falls,3,Rate,2022,4175.480448999973,5317.953710001015,3327.142906294246
1,All Population,2,DALYs (Disability-Adjusted Life Years),95,United Kingdom,3,Both,228,55+ years,697,Falls,1,Number,2022,579000.5369002814,737519.8301376482,459209.31905236613
1,All Population,2,DALYs (Disability-Adjusted Life Years),95,United Kingdom,3,Both,228,55+ years,697,Falls,2,Percent,2022,0.04081871822272982,0.047924007293638646,0.03507414248020196
1,All Population,2,DALYs (Disability-Adjusted Life Years),95,United Kingdom,3,Both,228,55+ years,697,Falls,3,Rate,2022,2682.612210198199,3417.060219291822,2127.5982452825247
1,All Population,2,DALYs (Disability-Adjusted Life Years),88,Malta,3,Both,228,55+ years,697,Falls,1,Number,2022,3992.31451990515,5166.5996563296485,3139.6921486910046
1,All Population,2,DALYs (Disability-Adjusted Life Years),88,Malta,3,Both,228,55+ years,697,Falls,2,Percent,2022,0.04204856862337832,0.050286581041883514,0.036011059516034366
1,All Population,2,DALYs (Disability-Adjusted Life Years),88,Malta,3,Both,228,55+ years,697,Falls,3,Rate,2022,2459.043912857321,3182.33830819772,1933.8759078199996
1,All Population,2,DALYs (Disability-Adjusted Life Years),93,Sweden,3,Both,228,55+ years,697,Falls,1,Number,2022,120358.26361897255,154046.72752632818,95297.92473310961
1,All Population,2,DALYs (Disability-Adjusted Life Years),93,Sweden,3,Both,228,55+ years,697,Falls,2,Percent,2022,0.058448714892221185,0.0681520992828781,0.050323635907183875
1,All Population,2,DALYs (Disability-Adjusted Life Years),93,Sweden,3,Both,228,55+ years,697,Falls,3,Rate,2022,3540.9236877978897,4532.033697765467,2803.6519382974543
1,All Population,2,DALYs (Disability-Adjusted Life Years),94,Switzerland,3,Both,228,55+ years,697,Falls,1,Number,2022,120809.85111616887,153337.75757165413,95422.62114190977
1,All Population,2,DALYs (Disability-Adjusted Life Years),94,Switzerland,3,Both,228,55+ years,697,Falls,2,Percent,2022,0.0728526690881982,0.08481072110803678,0.06275012937714769
1,All Population,2,DALYs (Disability-Adjusted Life Years),94,Switzerland,3,Both,228,55+ years,697,Falls,3,Rate,2022,4126.21978907056,5237.1994821470635,3259.1274969962647
1,All Population,2,DALYs (Disability-Adjusted Life Years),82,Greece,3,Both,228,55+ years,697,Falls,1,Number,2022,87708.25229305091,112608.63374862829,68907.95391609361
1,All Population,2,DALYs (Disability-Adjusted Life Years),82,Greece,3,Both,228,55+ years,697,Falls,2,Percent,2022,0.03106114905692839,0.03725684413961623,0.02587406839653182
1,All Population,2,DALYs (Disability-Adjusted Life Years),82,Greece,3,Both,228,55+ years,697,Falls,3,Rate,2022,2247.9594586157723,2886.1553700926324,1766.1084644804318
1,All Population,2,DALYs (Disability-Adjusted Life Years),83,Iceland,3,Both,228,55+ years,697,Falls,1,Number,2014,2330.696484790687,3036.493566540417,1802.0507462691724
1,All Population,2,DALYs (Disability-Adjusted Life Years),83,Iceland,3,Both,228,55+ years,697,Falls,2,Percent,2014,0.05007376963486465,0.06000194445300262,0.042231006529830986
1,All Population,2,DALYs (Disability-Adjusted Life Years),83,Iceland,3,Both,228,55+ years,697,Falls,3,Rate,2014,2899.442200455966,3777.4706598190996,2241.794251285895
1,All Population,2,DALYs (Disability-Adjusted Life Years),79,Finland,3,Both,228,55+ years,697,Falls,1,Number,2014,79325.82177654779,102962.42498833548,61750.294972169526
1,All Population,2,DALYs (Disability-Adjusted Life Years),79,Finland,3,Both,228,55+ years,697,Falls,2,Percent,2014,0.06767194966142573,0.07967036494769056,0.05754901019699799
1,All Population,2,DALYs (Disability-Adjusted Life Years),79,Finland,3,Both,228,55+ years,697,Falls,3,Rate,2014,4319.8742620904295,5607.061102025983,3362.757598379286
1,All Population,2,DALYs (Disability-Adjusted Life Years),396,San Marino,3,Both,228,55+ years,697,Falls,1,Number,2022,284.9055358378597,380.8314734284998,210.6302774304111
1,All Population,2,DALYs (Disability-Adjusted Life Years),396,San Marino,3,Both,228,55+ years,697,Falls,2,Percent,2022,0.04169733062648155,0.04989407562276989,0.03387065434783666
1,All Population,2,DALYs (Disability-Adjusted Life Years),396,San Marino,3,Both,228,55+ years,697,Falls,3,Rate,2022,2183.4124899719563,2918.5540155015615,1614.193901692186
1,All Population,2,DALYs (Disability-Adjusted Life Years),367,Monaco,3,Both,228,55+ years,697,Falls,1,Number,2022,347.4841589154053,452.95455398641826,267.9837078570981
1,All Population,2,DALYs (Disability-Adjusted Life Years),367,Monaco,3,Both,228,55+ years,697,Falls,2,Percent,2022,0.030484962196430886,0.037026438533133595,0.024420768136518917
1,All Population,2,DALYs (Disability-Adjusted Life Years),367,Monaco,3,Both,228,55+ years,697,Falls,3,Rate,2022,2130.878435231524,2777.6549418603777,1643.3575154863242
1,All Population,2,DALYs (Disability-Adjusted Life Years),81,Germany,3,Both,228,55+ years,697,Falls,1,Number,2014,830174.5732523256,1071158.8725368995,647183.6660856297
1,All Population,2,DALYs (Disability-Adjusted Life Years),81,Germany,3,Both,228,55+ years,697,Falls,2,Percent,2014,0.04326963132600442,0.05142283656837447,0.036667313346901834
1,All Population,2,DALYs (Disability-Adjusted Life Years),81,Germany,3,Both,228,55+ years,697,Falls,3,Rate,2014,2937.0403405814873,3789.608741553737,2289.644366741135
1,All Population,2,DALYs (Disability-Adjusted Life Years),90,Norway,3,Both,228,55+ years,697,Falls,1,Number,2014,51289.730771837494,65025.28734931693,41207.33891771739
1,All Population,2,DALYs (Disability-Adjusted Life Years),90,Norway,3,Both,228,55+ years,697,Falls,2,Percent,2014,0.05907896522544664,0.06865369474610256,0.05155102235035493
1,All Population,2,DALYs (Disability-Adjusted Life Years),90,Norway,3,Both,228,55+ years,697,Falls,3,Rate,2014,3636.169106493769,4609.947009710057,2921.381151325825
1,All Population,2,DALYs (Disability-Adjusted Life Years),92,Spain,3,Both,228,55+ years,697,Falls,1,Number,2014,364662.0941627584,482556.64383344195,277055.993463516
1,All Population,2,DALYs (Disability-Adjusted Life Years),92,Spain,3,Both,228,55+ years,697,Falls,2,Percent,2014,0.043643404042173484,0.05294232043137044,0.036012774290883016
1,All Population,2,DALYs (Disability-Adjusted Life Years),92,Spain,3,Both,228,55+ years,697,Falls,3,Rate,2014,2631.680631952102,3482.49788975728,1999.4479920875888
1,All Population,2,DALYs (Disability-Adjusted Life Years),74,Andorra,3,Both,228,55+ years,697,Falls,1,Number,2023,887.4499657706127,1162.3567109244943,686.3873801843637
1,All Population,2,DALYs (Disability-Adjusted Life Years),74,Andorra,3,Both,228,55+ years,697,Falls,2,Percent,2023,0.061266919961575114,0.07251578913331955,0.05202680114495059
1,All Population,2,DALYs (Disability-Adjusted Life Years),74,Andorra,3,Both,228,55+ years,697,Falls,3,Rate,2023,3166.7661448029885,4147.7401795198,2449.296750944602
1,All Population,2,DALYs (Disability-Adjusted Life Years),73,Western Europe,3,Both,228,55+ years,697,Falls,1,Number,2023,4995533.881914717,6357077.5011516,3962354.778908781
1,All Population,2,DALYs (Disability-Adjusted Life Years),73,Western Europe,3,Both,228,55+ years,697,Falls,2,Percent,2023,0.051300722907030825,0.05980335039807651,0.04417358808366613
1,All Population,2,DALYs (Disability-Adjusted Life Years),73,Western Europe,3,Both,228,55+ years,697,Falls,3,Rate,2023,3242.1943044945397,4125.8614103452455,2571.641870566358
1,All Population,2,DALYs (Disability-Adjusted Life Years),75,Austria,3,Both,228,55+ years,697,Falls,1,Number,2023,111797.27183466616,142950.00995180663,88663.66354934592
1,All Population,2,DALYs (Disability-Adjusted Life Years),75,Austria,3,Both,228,55+ years,697,Falls,2,Percent,2023,0.05749388529085639,0.06762945523681907,0.04970639080792742
1,All Population,2,DALYs (Disability-Adjusted Life Years),75,Austria,3,Both,228,55+ years,697,Falls,3,Rate,2023,3583.653614509834,4582.252423973368,2842.107442694969
1,All Population,2,DALYs (Disability-Adjusted Life Years),76,Belgium,3,Both,228,55+ years,697,Falls,1,Number,2023,152586.02092011823,195324.77152867237,121355.9967206681
1,All Population,2,DALYs (Disability-Adjusted Life Years),76,Belgium,3,Both,228,55+ years,697,Falls,2,Percent,2023,0.06262669336266997,0.07356620374141908,0.054015237361576825
1,All Population,2,DALYs (Disability-Adjusted Life Years),76,Belgium,3,Both,228,55+ years,697,Falls,3,Rate,2023,3958.8824909067234,5067.7500689924755,3148.611699072375
1,All Population,2,DALYs (Disability-Adjusted Life Years),85,Israel,3,Both,228,55+ years,697,Falls,1,Number,2023,38575.344731814715,50795.43103178554,29443.23132433354
1,All Population,2,DALYs (Disability-Adjusted Life Years),85,Israel,3,Both,228,55+ years,697,Falls,2,Percent,2023,0.03467953855016325,0.041548293894136015,0.028723243532948195
1,All Population,2,DALYs (Disability-Adjusted Life Years),85,Israel,3,Both,228,55+ years,697,Falls,3,Rate,2023,1880.3529919516418,2476.020405834958,1435.2086416423952
1,All Population,2,DALYs (Disability-Adjusted Life Years),80,France,3,Both,228,55+ years,697,Falls,1,Number,2023,957496.5832033673,1224032.061833464,764014.0504397401
1,All Population,2,DALYs (Disability-Adjusted Life Years),80,France,3,Both,228,55+ years,697,Falls,2,Percent,2023,0.06779061519969776,0.07955666859387284,0.05905968638313638
1,All Population,2,DALYs (Disability-Adjusted Life Years),80,France,3,Both,228,55+ years,697,Falls,3,Rate,2023,4123.173402637867,5270.928930569136,3289.9985934943884
1,All Population,2,DALYs (Disability-Adjusted Life Years),82,Greece,3,Both,228,55+ years,697,Falls,1,Number,2023,88792.13046705232,114024.20814807183,69510.24717633767
1,All Population,2,DALYs (Disability-Adjusted Life Years),82,Greece,3,Both,228,55+ years,697,Falls,2,Percent,2023,0.03318130537385314,0.039628473071411464,0.027878680321875283
1,All Population,2,DALYs (Disability-Adjusted Life Years),82,Greece,3,Both,228,55+ years,697,Falls,3,Rate,2023,2251.608358655602,2891.4483615251343,1762.6545588128897
1,All Population,2,DALYs (Disability-Adjusted Life Years),77,Cyprus,3,Both,228,55+ years,697,Falls,1,Number,2023,9278.562970740675,12109.863379414002,7186.821716643983
1,All Population,2,DALYs (Disability-Adjusted Life Years),77,Cyprus,3,Both,228,55+ years,697,Falls,2,Percent,2023,0.04477904715226718,0.05362112281166947,0.0368109333140156
1,All Population,2,DALYs (Disability-Adjusted Life Years),77,Cyprus,3,Both,228,55+ years,697,Falls,3,Rate,2023,2807.9941901089105,3664.837552931189,2174.965421835567
1,All Population,2,DALYs (Disability-Adjusted Life Years),78,Denmark,3,Both,228,55+ years,697,Falls,1,Number,2023,61994.68145825252,79960.58788220001,48430.53027491189
1,All Population,2,DALYs (Disability-Adjusted Life Years),78,Denmark,3,Both,228,55+ years,697,Falls,2,Percent,2023,0.048209863302974464,0.057140764680217435,0.04087819492547615
1,All Population,2,DALYs (Disability-Adjusted Life Years),78,Denmark,3,Both,228,55+ years,697,Falls,3,Rate,2023,3112.210223327275,4014.1211022726434,2431.2729398285796
1,All Population,2,DALYs (Disability-Adjusted Life Years),87,Luxembourg,3,Both,228,55+ years,697,Falls,1,Number,2023,6407.539456128041,8103.9311346911645,5030.9964316111145
1,All Population,2,DALYs (Disability-Adjusted Life Years),87,Luxembourg,3,Both,228,55+ years,697,Falls,2,Percent,2023,0.06507142653294355,0.07457944798873824,0.056037793419245266
1,All Population,2,DALYs (Disability-Adjusted Life Years),87,Luxembourg,3,Both,228,55+ years,697,Falls,3,Rate,2023,3537.7603619086713,4474.379992545929,2777.737051565973
1,All Population,2,DALYs (Disability-Adjusted Life Years),84,Ireland,3,Both,228,55+ years,697,Falls,1,Number,2023,38567.859440900575,50265.92763417326,29701.020303231984
1,All Population,2,DALYs (Disability-Adjusted Life Years),84,Ireland,3,Both,228,55+ years,697,Falls,2,Percent,2023,0.04783766050450171,0.056993001376848026,0.040235698270150236
1,All Population,2,DALYs (Disability-Adjusted Life Years),84,Ireland,3,Both,228,55+ years,697,Falls,3,Rate,2023,2739.595312349119,3570.54557120232,2109.756081210722
1,All Population,2,DALYs (Disability-Adjusted Life Years),94,Switzerland,3,Both,228,55+ years,697,Falls,1,Number,2023,121842.6585115096,156026.14163039962,95901.55785705127
1,All Population,2,DALYs (Disability-Adjusted Life Years),94,Switzerland,3,Both,228,55+ years,697,Falls,2,Percent,2023,0.07558864200688513,0.08760290888256002,0.06516666698819681
1,All Population,2,DALYs (Disability-Adjusted Life Years),94,Switzerland,3,Both,228,55+ years,697,Falls,3,Rate,2023,4082.8490578951223,5228.309962577789,3213.583731106375
1,All Population,2,DALYs (Disability-Adjusted Life Years),89,Netherlands,3,Both,228,55+ years,697,Falls,1,Number,2023,316064.79602024594,396958.867181251,253807.91543850812
1,All Population,2,DALYs (Disability-Adjusted Life Years),89,Netherlands,3,Both,228,55+ years,697,Falls,2,Percent,2023,0.08278760078685482,0.09479101959494898,0.07165255167772136
1,All Population,2,DALYs (Disability-Adjusted Life Years),89,Netherlands,3,Both,228,55+ years,697,Falls,3,Rate,2023,5211.516009435605,6545.358791777601,4184.977356809248
1,All Population,2,DALYs (Disability-Adjusted Life Years),93,Sweden,3,Both,228,55+ years,697,Falls,1,Number,2023,123061.49462921795,156855.7616876207,97212.39672354203
1,All Population,2,DALYs (Disability-Adjusted Life Years),93,Sweden,3,Both,228,55+ years,697,Falls,2,Percent,2023,0.05947805169861483,0.06914528727125614,0.051257722081945185
1,All Population,2,DALYs (Disability-Adjusted Life Years),93,Sweden,3,Both,228,55+ years,697,Falls,3,Rate,2023,3571.7624275006856,4552.614266719846,2821.512831049262
1,All Population,2,DALYs (Disability-Adjusted Life Years),86,Italy,3,Both,228,55+ years,697,Falls,1,Number,2023,554059.4987723908,701029.417142092,442242.8746349501
1,All Population,2,DALYs (Disability-Adjusted Life Years),86,Italy,3,Both,228,55+ years,697,Falls,2,Percent,2023,0.039552453525105086,0.04623421656800782,0.03388736812348317
1,All Population,2,DALYs (Disability-Adjusted Life Years),86,Italy,3,Both,228,55+ years,697,Falls,3,Rate,2023,2398.5016580560055,3034.728622263143,1914.4519143261364
1,All Population,2,DALYs (Disability-Adjusted Life Years),95,United Kingdom,3,Both,228,55+ years,697,Falls,1,Number,2023,600643.8266927216,762847.2631524776,476951.4451119114
1,All Population,2,DALYs (Disability-Adjusted Life Years),95,United Kingdom,3,Both,228,55+ years,697,Falls,2,Percent,2023,0.04140973876014688,0.048629806502665573,0.0356959856791033
1,All Population,2,DALYs (Disability-Adjusted Life Years),95,United Kingdom,3,Both,228,55+ years,697,Falls,3,Rate,2023,2735.767785361214,3474.5599221003463,2172.382934331182
1,All Population,2,DALYs (Disability-Adjusted Life Years),91,Portugal,3,Both,228,55+ years,697,Falls,1,Number,2023,85933.97277149855,111174.60741547107,67449.79128063885
1,All Population,2,DALYs (Disability-Adjusted Life Years),91,Portugal,3,Both,228,55+ years,697,Falls,2,Percent,2023,0.034115130984203976,0.040967347167091314,0.02889588407562372
1,All Population,2,DALYs (Disability-Adjusted Life Years),91,Portugal,3,Both,228,55+ years,697,Falls,3,Rate,2023,2165.3336350171835,2801.338155710086,1699.5758141336228
1,All Population,2,DALYs (Disability-Adjusted Life Years),88,Malta,3,Both,228,55+ years,697,Falls,1,Number,2023,4068.4122171164686,5258.213863439576,3174.036825574998
1,All Population,2,DALYs (Disability-Adjusted Life Years),88,Malta,3,Both,228,55+ years,697,Falls,2,Percent,2023,0.0440702528797925,0.05235187530783605,0.03758839476801466
1,All Population,2,DALYs (Disability-Adjusted Life Years),88,Malta,3,Both,228,55+ years,697,Falls,3,Rate,2023,2469.5208041887654,3191.7288208915234,1926.6361311770515
1,All Population,2,DALYs (Disability-Adjusted Life Years),367,Monaco,3,Both,228,55+ years,697,Falls,1,Number,2023,363.8775004444523,480.78970030069945,278.8820787968757
1,All Population,2,DALYs (Disability-Adjusted Life Years),367,Monaco,3,Both,228,55+ years,697,Falls,2,Percent,2023,0.03223846521296054,0.03863721811937821,0.025993919914831968
1,All Population,2,DALYs (Disability-Adjusted Life Years),367,Monaco,3,Both,228,55+ years,697,Falls,3,Rate,2023,2177.0905365954823,2876.5799076302546,1668.5602540227358
1,All Population,2,DALYs (Disability-Adjusted Life Years),79,Finland,3,Both,228,55+ years,697,Falls,1,Number,2015,79661.33769288026,103239.84666659692,62090.86788876688
1,All Population,2,DALYs (Disability-Adjusted Life Years),79,Finland,3,Both,228,55+ years,697,Falls,2,Percent,2015,0.06748627877583856,0.07908558357747522,0.057297672224113215
1,All Population,2,DALYs (Disability-Adjusted Life Years),79,Finland,3,Both,228,55+ years,697,Falls,3,Rate,2015,4279.970322416587,5546.774541087898,3335.960448989078
1,All Population,2,DALYs (Disability-Adjusted Life Years),396,San Marino,3,Both,228,55+ years,697,Falls,1,Number,2023,305.1561615093081,409.6211951258995,229.7210531798353
1,All Population,2,DALYs (Disability-Adjusted Life Years),396,San Marino,3,Both,228,55+ years,697,Falls,2,Percent,2023,0.045757191302978735,0.05561398819250271,0.03718636403707372
1,All Population,2,DALYs (Disability-Adjusted Life Years),396,San Marino,3,Both,228,55+ years,697,Falls,3,Rate,2023,2253.772659165647,3025.313484162925,1696.6363265637622
1,All Population,2,DALYs (Disability-Adjusted Life Years),83,Iceland,3,Both,228,55+ years,697,Falls,1,Number,2015,2449.229518728898,3183.139014696373,1896.1783609141687
1,All Population,2,DALYs (Disability-Adjusted Life Years),83,Iceland,3,Both,228,55+ years,697,Falls,2,Percent,2015,0.05107628111464343,0.061044350907070596,0.042795418245405385
1,All Population,2,DALYs (Disability-Adjusted Life Years),83,Iceland,3,Both,228,55+ years,697,Falls,3,Rate,2015,2954.6911530839425,3840.061788345921,2287.5036352534066
1,All Population,2,DALYs (Disability-Adjusted Life Years),81,Germany,3,Both,228,55+ years,697,Falls,1,Number,2015,880446.9924764723,1131374.2843015625,690404.0442861175
1,All Population,2,DALYs (Disability-Adjusted Life Years),81,Germany,3,Both,228,55+ years,697,Falls,2,Percent,2015,0.04390825623554554,0.05207323930325076,0.03744504623017027
1,All Population,2,DALYs (Disability-Adjusted Life Years),81,Germany,3,Both,228,55+ years,697,Falls,3,Rate,2015,3059.2294845385136,3931.1095365874503,2398.9001343328064
1,All Population,2,DALYs (Disability-Adjusted Life Years),90,Norway,3,Both,228,55+ years,697,Falls,1,Number,2015,52397.6376565917,66303.13790710748,42078.764438601225
1,All Population,2,DALYs (Disability-Adjusted Life Years),90,Norway,3,Both,228,55+ years,697,Falls,2,Percent,2015,0.059808883847354256,0.06932025459868815,0.05216684037006101
1,All Population,2,DALYs (Disability-Adjusted Life Years),90,Norway,3,Both,228,55+ years,697,Falls,3,Rate,2015,3642.366026027354,4608.992079273127,2925.060534462623
1,All Population,2,DALYs (Disability-Adjusted Life Years),92,Spain,3,Both,228,55+ years,697,Falls,1,Number,2015,373469.3444463055,491130.5343193544,284627.30746789504
1,All Population,2,DALYs (Disability-Adjusted Life Years),92,Spain,3,Both,228,55+ years,697,Falls,2,Percent,2015,0.04294563124104669,0.05207034051928305,0.035547994333797135
1,All Population,2,DALYs (Disability-Adjusted Life Years),92,Spain,3,Both,228,55+ years,697,Falls,3,Rate,2015,2645.9750610865985,3479.5871866639473,2016.542370782338
1,All Population,2,DALYs (Disability-Adjusted Life Years),92,Spain,3,Both,228,55+ years,697,Falls,1,Number,2016,375856.61792182864,492432.4584376835,286386.75670093065
1,All Population,2,DALYs (Disability-Adjusted Life Years),92,Spain,3,Both,228,55+ years,697,Falls,2,Percent,2016,0.04361451734949655,0.05264339113407075,0.03607296822169624
1,All Population,2,DALYs (Disability-Adjusted Life Years),92,Spain,3,Both,228,55+ years,697,Falls,3,Rate,2016,2623.384172412872,3437.054067560568,1998.9071600546765
1,All Population,2,DALYs (Disability-Adjusted Life Years),81,Germany,3,Both,228,55+ years,697,Falls,1,Number,2016,907948.5713081183,1162365.1709452292,715318.1310223067
1,All Population,2,DALYs (Disability-Adjusted Life Years),81,Germany,3,Both,228,55+ years,697,Falls,2,Percent,2016,0.04544046681609082,0.053652706182770356,0.038775964840980504
1,All Population,2,DALYs (Disability-Adjusted Life Years),81,Germany,3,Both,228,55+ years,697,Falls,3,Rate,2016,3120.20559490998,3994.51954033751,2458.2225305346406
1,All Population,2,DALYs (Disability-Adjusted Life Years),79,Finland,3,Both,228,55+ years,697,Falls,1,Number,2016,80183.59748492847,103833.24302338921,62702.86500165513
1,All Population,2,DALYs (Disability-Adjusted Life Years),79,Finland,3,Both,228,55+ years,697,Falls,2,Percent,2016,0.06683689963103227,0.07819329087851525,0.056749161716180094
1,All Population,2,DALYs (Disability-Adjusted Life Years),79,Finland,3,Both,228,55+ years,697,Falls,3,Rate,2016,4249.178976758215,5502.44747283311,3322.8204284251697
1,All Population,2,DALYs (Disability-Adjusted Life Years),83,Iceland,3,Both,228,55+ years,697,Falls,1,Number,2016,2573.9416317395376,3346.697760912025,1990.2437559040077
1,All Population,2,DALYs (Disability-Adjusted Life Years),83,Iceland,3,Both,228,55+ years,697,Falls,2,Percent,2016,0.052467922323210715,0.06222030795516991,0.04424222470712378
1,All Population,2,DALYs (Disability-Adjusted Life Years),83,Iceland,3,Both,228,55+ years,697,Falls,3,Rate,2016,3013.9932044653096,3918.8628772328066,2330.50395609406
1,All Population,2,DALYs (Disability-Adjusted Life Years),90,Norway,3,Both,228,55+ years,697,Falls,1,Number,2016,53619.68659649872,67733.52278346363,42970.554431792356
1,All Population,2,DALYs (Disability-Adjusted Life Years),90,Norway,3,Both,228,55+ years,697,Falls,2,Percent,2016,0.06070033018699324,0.07021357443413818,0.05276101677462472
1,All Population,2,DALYs (Disability-Adjusted Life Years),90,Norway,3,Both,228,55+ years,697,Falls,3,Rate,2016,3660.848941186869,4624.461851682865,2933.786425825766
1,All Population,2,DALYs (Disability-Adjusted Life Years),79,Finland,3,Both,228,55+ years,697,Falls,1,Number,2017,79631.35115120487,103102.09958838561,62415.14483336624
1,All Population,2,DALYs (Disability-Adjusted Life Years),79,Finland,3,Both,228,55+ years,697,Falls,2,Percent,2017,0.06622167601936778,0.077269427205123,0.05643425516954964
1,All Population,2,DALYs (Disability-Adjusted Life Years),79,Finland,3,Both,228,55+ years,697,Falls,3,Rate,2017,4169.278385236768,5398.142177321087,3267.885204799002
1,All Population,2,DALYs (Disability-Adjusted Life Years),90,Norway,3,Both,228,55+ years,697,Falls,1,Number,2017,54923.46956223461,69482.81409876925,43979.84062606424
1,All Population,2,DALYs (Disability-Adjusted Life Years),90,Norway,3,Both,228,55+ years,697,Falls,2,Percent,2017,0.06169061965060284,0.07131135361754576,0.0533980415697865
1,All Population,2,DALYs (Disability-Adjusted Life Years),90,Norway,3,Both,228,55+ years,697,Falls,3,Rate,2017,3681.100920274554,4656.902649466177,2947.633008120299
1,All Population,2,DALYs (Disability-Adjusted Life Years),81,Germany,3,Both,228,55+ years,697,Falls,1,Number,2017,946453.1039356089,1207105.8797561838,743878.2518115073
1,All Population,2,DALYs (Disability-Adjusted Life Years),81,Germany,3,Both,228,55+ years,697,Falls,2,Percent,2017,0.04651136650370073,0.05466722974694208,0.03965896318680888
1,All Population,2,DALYs (Disability-Adjusted Life Years),81,Germany,3,Both,228,55+ years,697,Falls,3,Rate,2017,3195.349566212452,4075.347455898712,2511.430349117953
1,All Population,2,DALYs (Disability-Adjusted Life Years),92,Spain,3,Both,228,55+ years,697,Falls,1,Number,2017,375922.4246429248,493290.200340556,286235.7140070282
1,All Population,2,DALYs (Disability-Adjusted Life Years),92,Spain,3,Both,228,55+ years,697,Falls,2,Percent,2017,0.04277215534763789,0.051501739846891784,0.035186701823904445
1,All Population,2,DALYs (Disability-Adjusted Life Years),92,Spain,3,Both,228,55+ years,697,Falls,3,Rate,2017,2576.1729573895777,3380.4870126322285,1961.5555165787855
1,All Population,2,DALYs (Disability-Adjusted Life Years),83,Iceland,3,Both,228,55+ years,697,Falls,1,Number,2017,2650.2514706707298,3453.097434859018,2047.4521468169548
1,All Population,2,DALYs (Disability-Adjusted Life Years),83,Iceland,3,Both,228,55+ years,697,Falls,2,Percent,2017,0.053835069164753266,0.06427949912473167,0.04531873769874069
1,All Population,2,DALYs (Disability-Adjusted Life Years),83,Iceland,3,Both,228,55+ years,697,Falls,3,Rate,2017,3034.5700490426575,3953.8384067370216,2344.357518649501
1,All Population,2,DALYs (Disability-Adjusted Life Years),90,Norway,3,Both,228,55+ years,697,Falls,1,Number,2018,56372.14708578363,71180.89077619577,45037.08845708389
1,All Population,2,DALYs (Disability-Adjusted Life Years),90,Norway,3,Both,228,55+ years,697,Falls,2,Percent,2018,0.06274620159634745,0.0724293348679435,0.054328280180010374
1,All Population,2,DALYs (Disability-Adjusted Life Years),90,Norway,3,Both,228,55+ years,697,Falls,3,Rate,2018,3709.126090112472,4683.499081446491,2963.3116433310515
1,All Population,2,DALYs (Disability-Adjusted Life Years),79,Finland,3,Both,228,55+ years,697,Falls,1,Number,2018,79119.21217587129,102372.67847945358,62160.705019346846
1,All Population,2,DALYs (Disability-Adjusted Life Years),79,Finland,3,Both,228,55+ years,697,Falls,2,Percent,2018,0.06535054498700406,0.07621352857822665,0.05606509353812194
1,All Population,2,DALYs (Disability-Adjusted Life Years),79,Finland,3,Both,228,55+ years,697,Falls,3,Rate,2018,4086.9489446528696,5288.1202778266,3210.9473892761266
1,All Population,2,DALYs (Disability-Adjusted Life Years),92,Spain,3,Both,228,55+ years,697,Falls,1,Number,2018,376555.8985588997,492664.0092347398,286267.9723309364
1,All Population,2,DALYs (Disability-Adjusted Life Years),92,Spain,3,Both,228,55+ years,697,Falls,2,Percent,2018,0.04220155163709924,0.05087064441138404,0.03475816741079377
1,All Population,2,DALYs (Disability-Adjusted Life Years),92,Spain,3,Both,228,55+ years,697,Falls,3,Rate,2018,2534.9676016381504,3316.605334514175,1927.150890539197
1,All Population,2,DALYs (Disability-Adjusted Life Years),81,Germany,3,Both,228,55+ years,697,Falls,1,Number,2018,982633.9339426812,1247496.4188175264,774700.8834544906
1,All Population,2,DALYs (Disability-Adjusted Life Years),81,Germany,3,Both,228,55+ years,697,Falls,2,Percent,2018,0.0473568692064791,0.055470893243743505,0.04040076929874149
1,All Population,2,DALYs (Disability-Adjusted Life Years),81,Germany,3,Both,228,55+ years,697,Falls,3,Rate,2018,3262.4877385963578,4141.869754085304,2572.119734567881
1,All Population,2,DALYs (Disability-Adjusted Life Years),83,Iceland,3,Both,228,55+ years,697,Falls,1,Number,2018,2749.317679914422,3571.3116384590267,2126.828700795685
1,All Population,2,DALYs (Disability-Adjusted Life Years),83,Iceland,3,Both,228,55+ years,697,Falls,2,Percent,2018,0.055241708710582454,0.06568044413705994,0.04660009278899094
1,All Population,2,DALYs (Disability-Adjusted Life Years),83,Iceland,3,Both,228,55+ years,697,Falls,3,Rate,2018,3063.5054015672017,3979.435543236162,2369.87935613848
1,All Population,2,DALYs (Disability-Adjusted Life Years),90,Norway,3,Both,228,55+ years,697,Falls,1,Number,2019,56978.60826714577,71852.9644766676,45294.11284101612
1,All Population,2,DALYs (Disability-Adjusted Life Years),90,Norway,3,Both,228,55+ years,697,Falls,2,Percent,2019,0.06340224778435681,0.07300976786102707,0.05507944301551656
1,All Population,2,DALYs (Disability-Adjusted Life Years),90,Norway,3,Both,228,55+ years,697,Falls,3,Rate,2019,3678.206248750756,4638.407833519095,2923.9234503997277
1,All Population,2,DALYs (Disability-Adjusted Life Years),79,Finland,3,Both,228,55+ years,697,Falls,1,Number,2019,78129.82050924373,100716.76055227636,61400.80237758964
1,All Population,2,DALYs (Disability-Adjusted Life Years),79,Finland,3,Both,228,55+ years,697,Falls,2,Percent,2019,0.06458015291249121,0.07548540480035597,0.05540606752589743
1,All Population,2,DALYs (Disability-Adjusted Life Years),79,Finland,3,Both,228,55+ years,697,Falls,3,Rate,2019,3991.8372077238537,5145.8573639808155,3137.1121284729325
1,All Population,2,DALYs (Disability-Adjusted Life Years),81,Germany,3,Both,228,55+ years,697,Falls,1,Number,2019,1001302.957212871,1267345.8980954438,791274.8546458486
1,All Population,2,DALYs (Disability-Adjusted Life Years),81,Germany,3,Both,228,55+ years,697,Falls,2,Percent,2019,0.04859198300058993,0.056719728482307954,0.041544931512356775
1,All Population,2,DALYs (Disability-Adjusted Life Years),81,Germany,3,Both,228,55+ years,697,Falls,3,Rate,2019,3286.886178691787,4160.2011519736825,2597.4460222520543
1,All Population,2,DALYs (Disability-Adjusted Life Years),92,Spain,3,Both,228,55+ years,697,Falls,1,Number,2019,376892.4167120712,494580.8446684651,287777.69026412367
1,All Population,2,DALYs (Disability-Adjusted Life Years),92,Spain,3,Both,228,55+ years,697,Falls,2,Percent,2019,0.04237531914338358,0.051081622751018976,0.035061707051162405
1,All Population,2,DALYs (Disability-Adjusted Life Years),92,Spain,3,Both,228,55+ years,697,Falls,3,Rate,2019,2490.973223679092,3268.804535154436,1901.992422861045
1,All Population,2,DALYs (Disability-Adjusted Life Years),83,Iceland,3,Both,228,55+ years,697,Falls,1,Number,2019,2875.665617775648,3739.8603168674317,2216.3553951748713
1,All Population,2,DALYs (Disability-Adjusted Life Years),83,Iceland,3,Both,228,55+ years,697,Falls,2,Percent,2019,0.05666408290871365,0.06708682344111525,0.04776363412168664
1,All Population,2,DALYs (Disability-Adjusted Life Years),83,Iceland,3,Both,228,55+ years,697,Falls,3,Rate,2019,3106.7973656010167,4040.451750835659,2394.495055475571
1,All Population,2,DALYs (Disability-Adjusted Life Years),90,Norway,3,Both,228,55+ years,697,Falls,1,Number,2020,58003.162689046454,73268.32094189383,46092.572144521066
1,All Population,2,DALYs (Disability-Adjusted Life Years),90,Norway,3,Both,228,55+ years,697,Falls,2,Percent,2020,0.06363670548144006,0.07338062186559732,0.05536581035833882
1,All Population,2,DALYs (Disability-Adjusted Life Years),90,Norway,3,Both,228,55+ years,697,Falls,3,Rate,2020,3670.9934443735924,4637.118277496023,2917.1776560523167
1,All Population,2,DALYs (Disability-Adjusted Life Years),79,Finland,3,Both,228,55+ years,697,Falls,1,Number,2020,77936.05769350342,100293.18966080887,61387.38030766726
1,All Population,2,DALYs (Disability-Adjusted Life Years),79,Finland,3,Both,228,55+ years,697,Falls,2,Percent,2020,0.06309842952873991,0.0740994736079218,0.05372641273222127
1,All Population,2,DALYs (Disability-Adjusted Life Years),79,Finland,3,Both,228,55+ years,697,Falls,3,Rate,2020,3941.572740106861,5072.2722457947,3104.6325920004
1,All Population,2,DALYs (Disability-Adjusted Life Years),81,Germany,3,Both,228,55+ years,697,Falls,1,Number,2020,1022244.6762102111,1293309.924592631,809272.8470389533
1,All Population,2,DALYs (Disability-Adjusted Life Years),81,Germany,3,Both,228,55+ years,697,Falls,2,Percent,2020,0.04786435943466194,0.055808366190706366,0.040733431939479474
1,All Population,2,DALYs (Disability-Adjusted Life Years),81,Germany,3,Both,228,55+ years,697,Falls,3,Rate,2020,3309.67548082661,4187.291209383344,2620.1461954034003
1,All Population,2,DALYs (Disability-Adjusted Life Years),92,Spain,3,Both,228,55+ years,697,Falls,1,Number,2020,383019.28982815583,500399.9544482145,293276.9997896125
1,All Population,2,DALYs (Disability-Adjusted Life Years),92,Spain,3,Both,228,55+ years,697,Falls,2,Percent,2020,0.03845023919690734,0.046509231981077925,0.03170228516857303
1,All Population,2,DALYs (Disability-Adjusted Life Years),92,Spain,3,Both,228,55+ years,697,Falls,3,Rate,2020,2481.126453968086,3241.496179220952,1899.7928873108929
1,All Population,2,DALYs (Disability-Adjusted Life Years),83,Iceland,3,Both,228,55+ years,697,Falls,1,Number,2020,2958.75508345953,3833.8347763929,2282.6489030933053
1,All Population,2,DALYs (Disability-Adjusted Life Years),83,Iceland,3,Both,228,55+ years,697,Falls,2,Percent,2020,0.056664489542825616,0.0671632067431801,0.047862086829676034
1,All Population,2,DALYs (Disability-Adjusted Life Years),83,Iceland,3,Both,228,55+ years,697,Falls,3,Rate,2020,3121.790108784261,4045.088946551931,2408.4287365792693
1,All Population,2,DALYs (Disability-Adjusted Life Years),90,Norway,3,Both,228,55+ years,697,Falls,1,Number,2021,61353.11635172091,77417.11294364525,48979.34655805929
1,All Population,2,DALYs (Disability-Adjusted Life Years),90,Norway,3,Both,228,55+ years,697,Falls,2,Percent,2021,0.06533347104491094,0.07539314885524727,0.05699262713947806
1,All Population,2,DALYs (Disability-Adjusted Life Years),90,Norway,3,Both,228,55+ years,697,Falls,3,Rate,2021,3801.6554167964964,4797.037286382274,3034.9330111635986
1,All Population,2,DALYs (Disability-Adjusted Life Years),79,Finland,3,Both,228,55+ years,697,Falls,1,Number,2021,80247.1864318868,103536.95702594993,63499.47585047761
1,All Population,2,DALYs (Disability-Adjusted Life Years),79,Finland,3,Both,228,55+ years,697,Falls,2,Percent,2021,0.06296030053422924,0.07432819112542302,0.053954656685076305
1,All Population,2,DALYs (Disability-Adjusted Life Years),79,Finland,3,Both,228,55+ years,697,Falls,3,Rate,2021,4015.197281170127,5180.509458784375,3177.2194655943063
1,All Population,2,DALYs (Disability-Adjusted Life Years),92,Spain,3,Both,228,55+ years,697,Falls,1,Number,2021,396071.62626789,516823.9271805549,301744.54068718944
1,All Population,2,DALYs (Disability-Adjusted Life Years),92,Spain,3,Both,228,55+ years,697,Falls,2,Percent,2021,0.04152457825783583,0.04989279808166505,0.03430381554727082
1,All Population,2,DALYs (Disability-Adjusted Life Years),92,Spain,3,Both,228,55+ years,697,Falls,3,Rate,2021,2523.1106861161265,3292.343826285035,1922.2151363352348
1,All Population,2,DALYs (Disability-Adjusted Life Years),81,Germany,3,Both,228,55+ years,697,Falls,1,Number,2021,1060947.3873215641,1339088.6965630567,843505.1434004058
1,All Population,2,DALYs (Disability-Adjusted Life Years),81,Germany,3,Both,228,55+ years,697,Falls,2,Percent,2021,0.04813723959042817,0.056109902946990725,0.04104632387277398
1,All Population,2,DALYs (Disability-Adjusted Life Years),81,Germany,3,Both,228,55+ years,697,Falls,3,Rate,2021,3397.6230228688482,4288.3545776875535,2701.2767356548234
1,All Population,2,DALYs (Disability-Adjusted Life Years),83,Iceland,3,Both,228,55+ years,697,Falls,1,Number,2021,3118.4827907419854,4055.1278772287383,2412.261086140688
1,All Population,2,DALYs (Disability-Adjusted Life Years),83,Iceland,3,Both,228,55+ years,697,Falls,2,Percent,2021,0.05846989257669104,0.06958984955870152,0.04971158060235492
1,All Population,2,DALYs (Disability-Adjusted Life Years),83,Iceland,3,Both,228,55+ years,697,Falls,3,Rate,2021,3208.508541894358,4172.193116212974,2481.899314352228
1,All Population,2,DALYs (Disability-Adjusted Life Years),83,Iceland,3,Both,228,55+ years,697,Falls,1,Number,2022,3423.9607163049895,4396.399226838806,2677.2188173627924
1,All Population,2,DALYs (Disability-Adjusted Life Years),83,Iceland,3,Both,228,55+ years,697,Falls,2,Percent,2022,0.05933577566572729,0.0697455748384487,0.0508548845447761
1,All Population,2,DALYs (Disability-Adjusted Life Years),83,Iceland,3,Both,228,55+ years,697,Falls,3,Rate,2022,3428.883485316278,4402.72011065388,2681.067964862586
1,All Population,2,DALYs (Disability-Adjusted Life Years),79,Finland,3,Both,228,55+ years,697,Falls,1,Number,2022,80700.25048272697,104058.61855621423,63705.97782438576
1,All Population,2,DALYs (Disability-Adjusted Life Years),79,Finland,3,Both,228,55+ years,697,Falls,2,Percent,2022,0.05970034473552552,0.07093866312840635,0.05096848543366628
1,All Population,2,DALYs (Disability-Adjusted Life Years),79,Finland,3,Both,228,55+ years,697,Falls,3,Rate,2022,4012.9769344293154,5174.517223884525,3167.9036690133307
1,All Population,2,DALYs (Disability-Adjusted Life Years),81,Germany,3,Both,228,55+ years,697,Falls,1,Number,2022,1120332.2450401157,1409948.8969109424,897411.5189679798
1,All Population,2,DALYs (Disability-Adjusted Life Years),81,Germany,3,Both,228,55+ years,697,Falls,2,Percent,2022,0.04961812198359546,0.0578655636249353,0.04255049029277584
1,All Population,2,DALYs (Disability-Adjusted Life Years),81,Germany,3,Both,228,55+ years,697,Falls,3,Rate,2022,3543.4625809801073,4459.4817112661185,2838.393834758987
1,All Population,2,DALYs (Disability-Adjusted Life Years),90,Norway,3,Both,228,55+ years,697,Falls,1,Number,2022,64146.360269734374,81223.77792254166,51108.60922091076
1,All Population,2,DALYs (Disability-Adjusted Life Years),90,Norway,3,Both,228,55+ years,697,Falls,2,Percent,2022,0.06404342250821624,0.07406791542282169,0.05584004607672042
1,All Population,2,DALYs (Disability-Adjusted Life Years),90,Norway,3,Both,228,55+ years,697,Falls,3,Rate,2022,3893.4372346947666,4929.9707727206915,3102.095914989038
1,All Population,2,DALYs (Disability-Adjusted Life Years),92,Spain,3,Both,228,55+ years,697,Falls,1,Number,2022,418887.6221669267,543457.961316017,318714.96524649207
1,All Population,2,DALYs (Disability-Adjusted Life Years),92,Spain,3,Both,228,55+ years,697,Falls,2,Percent,2022,0.04221340096951381,0.050449935059622676,0.03477554917081717
1,All Population,2,DALYs (Disability-Adjusted Life Years),92,Spain,3,Both,228,55+ years,697,Falls,3,Rate,2022,2611.7732187673582,3388.4719284578273,1987.1945758269303
1,All Population,2,DALYs (Disability-Adjusted Life Years),79,Finland,3,Both,228,55+ years,697,Falls,1,Number,2023,83626.18150455819,107848.45736652403,66102.82392621537
1,All Population,2,DALYs (Disability-Adjusted Life Years),79,Finland,3,Both,228,55+ years,697,Falls,2,Percent,2023,0.06296613977949521,0.07470602552744707,0.05381497173035608
1,All Population,2,DALYs (Disability-Adjusted Life Years),79,Finland,3,Both,228,55+ years,697,Falls,3,Rate,2023,4119.5190007886495,5312.735334004501,3256.2988560584663
1,All Population,2,DALYs (Disability-Adjusted Life Years),83,Iceland,3,Both,228,55+ years,697,Falls,1,Number,2023,3512.4489010935217,4487.586515594861,2761.1411462500746
1,All Population,2,DALYs (Disability-Adjusted Life Years),83,Iceland,3,Both,228,55+ years,697,Falls,2,Percent,2023,0.0612436662434227,0.07253905938448238,0.05249070686904053
1,All Population,2,DALYs (Disability-Adjusted Life Years),83,Iceland,3,Both,228,55+ years,697,Falls,3,Rate,2023,3438.877482877993,4393.589958317002,2703.3065482977395
1,All Population,2,DALYs (Disability-Adjusted Life Years),81,Germany,3,Both,228,55+ years,697,Falls,1,Number,2023,1140029.6287122827,1433064.5225051413,913019.6902008444
1,All Population,2,DALYs (Disability-Adjusted Life Years),81,Germany,3,Both,228,55+ years,697,Falls,2,Percent,2023,0.051876623440345,0.05996819727646878,0.044839548346130575
1,All Population,2,DALYs (Disability-Adjusted Life Years),81,Germany,3,Both,228,55+ years,697,Falls,3,Rate,2023,3569.549538359579,4487.071805779114,2858.7581687248785
1,All Population,2,DALYs (Disability-Adjusted Life Years),90,Norway,3,Both,228,55+ years,697,Falls,1,Number,2023,66053.79447393557,83807.17234755392,52713.593859440196
1,All Population,2,DALYs (Disability-Adjusted Life Years),90,Norway,3,Both,228,55+ years,697,Falls,2,Percent,2023,0.06738004940772103,0.07780192445047321,0.05907281989863692
1,All Population,2,DALYs (Disability-Adjusted Life Years),90,Norway,3,Both,228,55+ years,697,Falls,3,Rate,2023,3928.1482467547617,4983.922570147297,3134.8208372920963
1,All Population,2,DALYs (Disability-Adjusted Life Years),92,Spain,3,Both,228,55+ years,697,Falls,1,Number,2023,425223.555497316,559160.0288047135,323771.29288393236
1,All Population,2,DALYs (Disability-Adjusted Life Years),92,Spain,3,Both,228,55+ years,697,Falls,2,Percent,2023,0.04427751886818147,0.05327826039442143,0.03652221771924995
1,All Population,2,DALYs (Disability-Adjusted Life Years),92,Spain,3,Both,228,55+ years,697,Falls,3,Rate,2023,2600.929504474418,3420.167575006612,1980.384899841145
